sample_id,tr_id,T,fold,target,prediction,abs_error
122048_1767665400,122048,2026-01-06 02:10:00,0,-25.0,28.975137876118506,53.97513787611851
122048_1767665700,122048,2026-01-06 02:15:00,0,0.0,48.07080999466754,48.07080999466754
122048_1767666000,122048,2026-01-06 02:20:00,0,0.0,33.83260402094327,33.83260402094327
122048_1767666300,122048,2026-01-06 02:25:00,0,0.0,24.603157805067386,24.603157805067386
122048_1767666600,122048,2026-01-06 02:30:00,0,0.0,12.945680668987936,12.945680668987936
133957_1767666600,133957,2026-01-06 02:30:00,0,-32.0,-8.13074302670288,23.86925697329712
129964_1767666600,129964,2026-01-06 02:30:00,0,44.0,61.366074879292825,17.366074879292825
133957_1767666900,133957,2026-01-06 02:35:00,0,-32.0,15.967577315004025,47.96757731500402
132430_1767666900,132430,2026-01-06 02:35:00,0,46.0,75.61509327044052,29.615093270440525
122048_1767666900,122048,2026-01-06 02:35:00,0,0.0,42.29735275542223,42.29735275542223
129964_1767666900,129964,2026-01-06 02:35:00,0,16.0,14.332908934446444,1.6670910655535565
133957_1767667200,133957,2026-01-06 02:40:00,0,17.0,42.2408593293267,25.240859329326703
132430_1767667200,132430,2026-01-06 02:40:00,0,102.0,109.90462295069104,7.904622950691035
122048_1767667200,122048,2026-01-06 02:40:00,0,0.0,49.23345800868093,49.23345800868093
129964_1767667200,129964,2026-01-06 02:40:00,0,-27.0,-19.373737398156987,7.626262601843013
132430_1767667500,132430,2026-01-06 02:45:00,0,-23.0,29.65021004693515,52.65021004693515
122048_1767667500,122048,2026-01-06 02:45:00,0,0.0,34.30769405337356,34.30769405337356
129964_1767667500,129964,2026-01-06 02:45:00,0,2.0,42.66600616147124,40.66600616147124
133957_1767667500,133957,2026-01-06 02:45:00,0,-66.0,31.31012721798047,97.31012721798047
122048_1767667800,122048,2026-01-06 02:50:00,0,0.0,48.45439172628414,48.45439172628414
133957_1767667800,133957,2026-01-06 02:50:00,0,-74.0,-9.244184843880703,64.7558151561193
132430_1767667800,132430,2026-01-06 02:50:00,0,-2.0,31.862304677833333,33.862304677833336
129964_1767667800,129964,2026-01-06 02:50:00,0,-70.0,-33.17798130699918,36.82201869300082
134040_1767667800,134040,2026-01-06 02:50:00,0,20.0,31.191543953375607,11.191543953375607
129964_1767668100,129964,2026-01-06 02:55:00,0,-76.0,-11.65569687948771,64.3443031205123
132430_1767668100,132430,2026-01-06 02:55:00,0,27.0,59.16014120042364,32.16014120042364
122048_1767668100,122048,2026-01-06 02:55:00,0,0.0,11.266413502447342,11.266413502447342
133957_1767668100,133957,2026-01-06 02:55:00,0,-61.0,-2.5421237757759805,58.45787622422402
134040_1767668100,134040,2026-01-06 02:55:00,0,93.0,73.4765565177355,19.523443482264497
132430_1767668400,132430,2026-01-06 03:00:00,0,22.0,112.04528801725084,90.04528801725084
122048_1767668400,122048,2026-01-06 03:00:00,0,0.0,11.9223799331256,11.9223799331256
133957_1767668400,133957,2026-01-06 03:00:00,0,-34.0,52.66335867587738,86.66335867587739
122048_1767668700,122048,2026-01-06 03:05:00,0,0.0,7.023031151130101,7.023031151130101
132430_1767668700,132430,2026-01-06 03:05:00,0,74.0,151.8005391984558,77.8005391984558
122048_1767669000,122048,2026-01-06 03:10:00,0,0.0,7.72995879443358,7.72995879443358
132430_1767669000,132430,2026-01-06 03:10:00,0,1.0,38.618559035145566,37.618559035145566
133957_1767669300,133957,2026-01-06 03:15:00,0,46.0,41.81262189461202,4.187378105387978
132430_1767669300,132430,2026-01-06 03:15:00,0,4.0,48.97574065458455,44.97574065458455
122048_1767669300,122048,2026-01-06 03:15:00,0,0.0,-9.963636301855841,9.963636301855841
122048_1767669600,122048,2026-01-06 03:20:00,0,0.0,-1.387365436390995,1.387365436390995
133957_1767669600,133957,2026-01-06 03:20:00,0,58.0,45.63525709614312,12.364742903856879
132430_1767669600,132430,2026-01-06 03:20:00,0,84.0,77.69690687426754,6.30309312573246
133957_1767669900,133957,2026-01-06 03:25:00,0,40.0,42.68992183761831,2.689921837618307
122048_1767669900,122048,2026-01-06 03:25:00,0,0.0,3.018009611546829,3.018009611546829
132430_1767669900,132430,2026-01-06 03:25:00,0,58.0,33.55111547459486,24.44888452540514
133957_1767670200,133957,2026-01-06 03:30:00,0,133.0,79.49440368340949,53.50559631659051
134040_1767670200,134040,2026-01-06 03:30:00,0,110.0,75.56719539264186,34.432804607358136
129964_1767670200,129964,2026-01-06 03:30:00,0,74.0,75.32062033920096,1.320620339200957
135081_1767670200,135081,2026-01-06 03:30:00,0,14.0,43.05647730139298,29.05647730139298
122048_1767670200,122048,2026-01-06 03:30:00,0,0.0,12.688652133589061,12.688652133589061
122048_1767670500,122048,2026-01-06 03:35:00,0,0.0,13.821689911015882,13.821689911015882
129964_1767670500,129964,2026-01-06 03:35:00,0,61.0,44.88574628147633,16.11425371852367
133957_1767670500,133957,2026-01-06 03:35:00,0,55.0,42.41891949682651,12.581080503173489
134040_1767670500,134040,2026-01-06 03:35:00,0,129.0,121.4972594272828,7.502740572717201
135081_1767670500,135081,2026-01-06 03:35:00,0,63.0,69.7061240826086,6.706124082608596
132430_1767670500,132430,2026-01-06 03:35:00,0,215.0,132.87924767681017,82.12075232318983
135081_1767670800,135081,2026-01-06 03:40:00,0,54.0,53.44126596693408,0.5587340330659174
129964_1767670800,129964,2026-01-06 03:40:00,0,-16.0,27.772751862753477,43.77275186275348
133957_1767670800,133957,2026-01-06 03:40:00,0,-10.0,29.876663601379907,39.8766636013799
122048_1767670800,122048,2026-01-06 03:40:00,0,0.0,74.4625807654782,74.4625807654782
134040_1767670800,134040,2026-01-06 03:40:00,0,132.0,117.12247008265,14.877529917350003
132430_1767670800,132430,2026-01-06 03:40:00,0,162.0,127.73308257052425,34.266917429475754
134040_1767671100,134040,2026-01-06 03:45:00,0,60.0,132.2686714500078,72.26867145000779
133957_1767671100,133957,2026-01-06 03:45:00,0,-86.0,10.717929552255383,96.71792955225538
129964_1767671100,129964,2026-01-06 03:45:00,0,-55.0,-3.8516281365261276,51.14837186347387
132430_1767671100,132430,2026-01-06 03:45:00,0,137.0,100.31210645297915,36.68789354702085
122048_1767671100,122048,2026-01-06 03:45:00,0,0.0,67.63716479166793,67.63716479166793
135081_1767671100,135081,2026-01-06 03:45:00,0,45.0,35.31950066444569,9.680499335554309
122048_1767671400,122048,2026-01-06 03:50:00,0,0.0,117.96671866165502,117.96671866165502
129964_1767671400,129964,2026-01-06 03:50:00,0,22.0,37.72893279912732,15.728932799127321
132430_1767671400,132430,2026-01-06 03:50:00,0,244.0,158.19768216939957,85.80231783060043
134040_1767671400,134040,2026-01-06 03:50:00,0,43.0,150.98387235200627,107.98387235200627
133957_1767671400,133957,2026-01-06 03:50:00,0,-86.0,13.083828595875964,99.08382859587596
135081_1767671400,135081,2026-01-06 03:50:00,0,84.0,74.60103190473879,9.39896809526121
135081_1767671700,135081,2026-01-06 03:55:00,0,104.0,59.97241858904735,44.02758141095265
132430_1767671700,132430,2026-01-06 03:55:00,0,324.0,252.41387265758783,71.58612734241217
133957_1767671700,133957,2026-01-06 03:55:00,0,-40.0,6.40473665669192,46.404736656691924
134040_1767671700,134040,2026-01-06 03:55:00,0,-29.0,54.56665625890497,83.56665625890497
122048_1767671700,122048,2026-01-06 03:55:00,0,0.0,14.62417240861372,14.62417240861372
129964_1767671700,129964,2026-01-06 03:55:00,0,-50.0,-3.7637310784392066,46.23626892156079
135081_1767672000,135081,2026-01-06 04:00:00,0,-33.0,6.528171613304324,39.52817161330432
132430_1767672000,132430,2026-01-06 04:00:00,0,364.0,276.74935264328093,87.25064735671907
129964_1767672000,129964,2026-01-06 04:00:00,0,-7.0,-0.7535425995574587,6.246457400442541
133957_1767672000,133957,2026-01-06 04:00:00,0,-29.0,34.72021204623932,63.72021204623932
135081_1767672300,135081,2026-01-06 04:05:00,0,-40.0,-35.40194314538134,4.598056854618662
133957_1767672300,133957,2026-01-06 04:05:00,0,-51.0,-56.73460708555896,5.734607085558963
122048_1767672300,122048,2026-01-06 04:05:00,0,66.0,19.587061768272736,46.41293823172727
132430_1767672300,132430,2026-01-06 04:05:00,0,275.0,217.57578341173965,57.42421658826035
129964_1767672300,129964,2026-01-06 04:05:00,0,-9.0,24.71159973596556,33.711599735965564
133957_1767672600,133957,2026-01-06 04:10:00,0,-8.0,-32.63046873563905,24.63046873563905
135081_1767672600,135081,2026-01-06 04:10:00,0,-145.0,-96.27547400941509,48.72452599058491
122048_1767672600,122048,2026-01-06 04:10:00,0,66.0,73.34257321293522,7.342573212935221
132430_1767672600,132430,2026-01-06 04:10:00,0,322.0,235.16702819371204,86.83297180628796
133957_1767672900,133957,2026-01-06 04:15:00,0,-34.0,-32.843257647627944,1.1567423523720564
122048_1767672900,122048,2026-01-06 04:15:00,0,170.0,94.73209275355862,75.26790724644138
132430_1767672900,132430,2026-01-06 04:15:00,0,130.0,153.02108035601404,23.02108035601404
130238_1767672900,130238,2026-01-06 04:15:00,0,-23.0,-9.699732820457967,13.300267179542033
135081_1767672900,135081,2026-01-06 04:15:00,0,-98.0,-19.789054689462134,78.21094531053787
129964_1767672900,129964,2026-01-06 04:15:00,0,-29.0,-38.03928655053904,9.039286550539039
129964_1767673200,129964,2026-01-06 04:20:00,0,-57.0,-47.75791857020011,9.242081429799889
130238_1767673200,130238,2026-01-06 04:20:00,0,39.0,33.08225603802522,5.917743961974779
122048_1767673200,122048,2026-01-06 04:20:00,0,41.0,74.0433883662167,33.0433883662167
132430_1767673200,132430,2026-01-06 04:20:00,0,129.0,148.58430557578424,19.584305575784242
135081_1767673200,135081,2026-01-06 04:20:00,0,71.0,32.013435168170595,38.986564831829405
129964_1767673500,129964,2026-01-06 04:25:00,0,19.0,2.956059959380784,16.043940040619216
122048_1767673500,122048,2026-01-06 04:25:00,0,25.0,63.69991419677778,38.69991419677778
132430_1767673500,132430,2026-01-06 04:25:00,0,265.0,188.59569447616826,76.40430552383174
130238_1767673500,130238,2026-01-06 04:25:00,0,26.0,19.027249098246415,6.972750901753585
135081_1767673500,135081,2026-01-06 04:25:00,0,64.0,17.282635944423316,46.71736405557668
130238_1767673800,130238,2026-01-06 04:30:00,0,10.0,64.50065063952128,54.50065063952128
131672_1767673800,131672,2026-01-06 04:30:00,0,-73.0,7.960155059424316,80.96015505942431
133957_1767673800,133957,2026-01-06 04:30:00,0,32.0,31.488116737439796,0.5118832625602039
129964_1767673800,129964,2026-01-06 04:30:00,0,-15.0,30.54098156351983,45.54098156351983
135081_1767673800,135081,2026-01-06 04:30:00,0,111.0,56.304459809638196,54.695540190361804
129964_1767674100,129964,2026-01-06 04:35:00,0,72.0,76.60137363905251,4.601373639052511
130238_1767674100,130238,2026-01-06 04:35:00,0,131.0,71.73865436257503,59.26134563742497
135081_1767674100,135081,2026-01-06 04:35:00,0,80.0,61.78113592346292,18.21886407653708
131672_1767674100,131672,2026-01-06 04:35:00,0,121.0,73.31411030509763,47.68588969490237
133957_1767674100,133957,2026-01-06 04:35:00,0,43.0,68.72393083304394,25.723930833043937
133957_1767674400,133957,2026-01-06 04:40:00,0,74.0,72.24746949680852,1.7525305031914797
135081_1767674400,135081,2026-01-06 04:40:00,0,122.0,111.05431311273901,10.94568688726099
129964_1767674400,129964,2026-01-06 04:40:00,0,95.0,90.9684524298732,4.031547570126804
131672_1767674400,131672,2026-01-06 04:40:00,0,145.0,65.31725009358647,79.68274990641353
130238_1767674400,130238,2026-01-06 04:40:00,0,168.0,77.03323583869233,90.96676416130767
130238_1767674700,130238,2026-01-06 04:45:00,0,240.0,99.31665142083534,140.68334857916466
131672_1767674700,131672,2026-01-06 04:45:00,0,125.0,121.51958917266396,3.480410827336044
133957_1767674700,133957,2026-01-06 04:45:00,0,171.0,99.47987375111107,71.52012624888893
135081_1767674700,135081,2026-01-06 04:45:00,0,94.0,81.01404944620026,12.98595055379974
129964_1767674700,129964,2026-01-06 04:45:00,0,46.0,63.143584774143065,17.143584774143065
130238_1767675000,130238,2026-01-06 04:50:00,0,233.0,187.72437420609123,45.27562579390877
135081_1767675000,135081,2026-01-06 04:50:00,0,53.0,29.168760141697582,23.831239858302418
129964_1767675000,129964,2026-01-06 04:50:00,0,38.0,17.081549067405483,20.918450932594517
131672_1767675000,131672,2026-01-06 04:50:00,0,166.0,64.48697777203179,101.51302222796821
133300_1767675000,133300,2026-01-06 04:50:00,0,99.0,90.57291916127328,8.427080838726724
133957_1767675000,133957,2026-01-06 04:50:00,0,92.0,46.49374542604216,45.50625457395784
135081_1767675300,135081,2026-01-06 04:55:00,0,208.0,92.05270106874391,115.94729893125609
133300_1767675300,133300,2026-01-06 04:55:00,0,99.0,84.91128157911318,14.08871842088682
131672_1767675300,131672,2026-01-06 04:55:00,0,88.0,60.336312290090845,27.663687709909155
129964_1767675300,129964,2026-01-06 04:55:00,0,105.0,37.98011770096402,67.01988229903597
133957_1767675300,133957,2026-01-06 04:55:00,0,5.0,18.082874018332557,13.082874018332557
133957_1767675600,133957,2026-01-06 05:00:00,0,-10.0,20.962978108843874,30.962978108843874
122048_1767675600,122048,2026-01-06 05:00:00,0,-68.0,-16.069793149887307,51.9302068501127
133300_1767675600,133300,2026-01-06 05:00:00,0,180.0,162.049600942021,17.950399057979013
129964_1767675600,129964,2026-01-06 05:00:00,0,46.0,77.28106470715326,31.281064707153263
135081_1767675600,135081,2026-01-06 05:00:00,0,299.0,150.84242867778173,148.15757132221827
133300_1767675900,133300,2026-01-06 05:05:00,0,135.0,125.61983579099777,9.380164209002231
122048_1767675900,122048,2026-01-06 05:05:00,0,-86.0,-2.9390064897212778,83.06099351027872
129964_1767675900,129964,2026-01-06 05:05:00,0,20.0,40.087749648655105,20.087749648655105
133957_1767675900,133957,2026-01-06 05:05:00,0,-32.0,-2.0883385971808996,29.9116614028191
135081_1767675900,135081,2026-01-06 05:05:00,0,224.0,114.03401638009689,109.96598361990311
133300_1767676200,133300,2026-01-06 05:10:00,0,170.0,174.55677245543623,4.556772455436231
133957_1767676200,133957,2026-01-06 05:10:00,0,95.0,23.985440877972454,71.01455912202755
133300_1767676500,133300,2026-01-06 05:15:00,0,169.0,246.35611710031162,77.35611710031162
133300_1767676800,133300,2026-01-06 05:20:00,0,289.0,234.468787823706,54.53121217629399
133300_1767677400,133300,2026-01-06 05:30:00,0,87.0,73.65617897880864,13.34382102119136
130238_1767677400,130238,2026-01-06 05:30:00,0,-50.0,8.105132029268153,58.105132029268155
134040_1767677400,134040,2026-01-06 05:30:00,0,71.0,67.60056713996468,3.3994328600353185
134040_1767677700,134040,2026-01-06 05:35:00,0,174.0,118.81934817830343,55.18065182169657
133300_1767677700,133300,2026-01-06 05:35:00,0,87.0,76.17560801632001,10.824391983679988
130238_1767677700,130238,2026-01-06 05:35:00,0,-47.0,-7.8354935270241155,39.16450647297589
130238_1767678000,130238,2026-01-06 05:40:00,0,-45.0,0.4061888354134876,45.40618883541349
133300_1767678000,133300,2026-01-06 05:40:00,0,108.0,74.32284831759829,33.677151682401714
134040_1767678000,134040,2026-01-06 05:40:00,0,-25.0,52.61490740620781,77.6149074062078
133300_1767678300,133300,2026-01-06 05:45:00,0,59.0,129.97508779114807,70.97508779114807
130238_1767678300,130238,2026-01-06 05:45:00,0,-142.0,-51.034544975460044,90.96545502453995
133300_1767678600,133300,2026-01-06 05:50:00,0,40.0,154.95328168204787,114.95328168204787
133300_1767678900,133300,2026-01-06 05:55:00,0,-2.0,93.94800005592008,95.94800005592008
130238_1767679500,130238,2026-01-06 06:05:00,0,0.0,1.0943854957335502,1.0943854957335502
130238_1767679800,130238,2026-01-06 06:10:00,0,0.0,2.5435335492191444,2.5435335492191444
132430_1767679800,132430,2026-01-06 06:10:00,0,73.0,58.851295921273085,14.148704078726915
134040_1767679800,134040,2026-01-06 06:10:00,0,23.0,11.74075348130934,11.25924651869066
132430_1767680100,132430,2026-01-06 06:15:00,0,73.0,73.59115258535614,0.5911525853561415
134040_1767680100,134040,2026-01-06 06:15:00,0,26.0,49.558404348621806,23.558404348621806
130238_1767680100,130238,2026-01-06 06:15:00,0,0.0,-31.675867398951034,31.675867398951034
134040_1767680400,134040,2026-01-06 06:20:00,0,-52.0,-30.663257587744205,21.336742412255795
130238_1767680400,130238,2026-01-06 06:20:00,0,0.0,-9.606777361281637,9.606777361281637
132430_1767680400,132430,2026-01-06 06:20:00,0,-15.0,-5.204336116816837,9.795663883183163
134040_1767680700,134040,2026-01-06 06:25:00,0,-87.0,39.62773680219962,126.62773680219962
132430_1767680700,132430,2026-01-06 06:25:00,0,-42.0,43.81225627602507,85.81225627602507
132430_1767681000,132430,2026-01-06 06:30:00,0,32.0,74.53405761625801,42.53405761625801
122658_1767681000,122658,2026-01-06 06:30:00,0,181.0,102.81909343562762,78.18090656437238
133300_1767681000,133300,2026-01-06 06:30:00,0,12.0,62.77020888798384,50.77020888798384
134040_1767681000,134040,2026-01-06 06:30:00,0,-111.0,-13.906224584018307,97.0937754159817
134040_1767681300,134040,2026-01-06 06:35:00,0,-75.0,70.0270794904668,145.0270794904668
132430_1767681300,132430,2026-01-06 06:35:00,0,126.0,93.49211669539844,32.50788330460156
133300_1767681300,133300,2026-01-06 06:35:00,0,-61.0,79.15521387599473,140.15521387599472
122658_1767681300,122658,2026-01-06 06:35:00,0,0.0,27.47584745717736,27.47584745717736
132430_1767681600,132430,2026-01-06 06:40:00,0,65.0,83.59935117432856,18.59935117432856
122658_1767681600,122658,2026-01-06 06:40:00,0,0.0,38.053833321494835,38.053833321494835
131672_1767681900,131672,2026-01-06 06:45:00,0,37.0,35.38118649647198,1.618813503528017
122658_1767681900,122658,2026-01-06 06:45:00,0,0.0,26.87196570397715,26.87196570397715
132430_1767681900,132430,2026-01-06 06:45:00,0,-62.0,-17.21629971744888,44.78370028255112
131672_1767682200,131672,2026-01-06 06:50:00,0,13.0,23.656719454202427,10.656719454202427
132430_1767682200,132430,2026-01-06 06:50:00,0,-16.0,63.02804065334472,79.02804065334472
122658_1767682200,122658,2026-01-06 06:50:00,0,0.0,25.554218603210632,25.554218603210632
131672_1767682500,131672,2026-01-06 06:55:00,0,16.0,75.16505489370657,59.16505489370657
122658_1767682500,122658,2026-01-06 06:55:00,0,0.0,13.797970553609513,13.797970553609513
122658_1767682800,122658,2026-01-06 07:00:00,0,0.0,10.13679586495587,10.13679586495587
131672_1767682800,131672,2026-01-06 07:00:00,0,-48.0,-4.58725485101374,43.41274514898626
131672_1767683100,131672,2026-01-06 07:05:00,0,-52.0,-6.797067608699698,45.2029323913003
122658_1767683100,122658,2026-01-06 07:05:00,0,0.0,12.946348034005169,12.946348034005169
131672_1767683400,131672,2026-01-06 07:10:00,0,-178.0,-108.23854781847534,69.76145218152466
122658_1767683400,122658,2026-01-06 07:10:00,0,-11.0,51.11010672567291,62.11010672567291
122658_1767683700,122658,2026-01-06 07:15:00,0,96.0,131.76468465935721,35.764684659357215
131672_1767683700,131672,2026-01-06 07:15:00,0,-200.0,-93.61459381085933,106.38540618914067
122658_1767684000,122658,2026-01-06 07:20:00,0,58.0,83.99460857837404,25.99460857837404
131672_1767684000,131672,2026-01-06 07:20:00,0,-74.0,-40.030016200266786,33.969983799733214
122658_1767684300,122658,2026-01-06 07:25:00,0,118.0,118.51036739684731,0.5103673968473146
131672_1767684300,131672,2026-01-06 07:25:00,0,24.0,-28.460860954992743,52.46086095499274
131672_1767684600,131672,2026-01-06 07:30:00,0,-63.0,-29.87923296252702,33.12076703747298
122658_1767684600,122658,2026-01-06 07:30:00,0,97.0,156.1077630725547,59.10776307255469
122658_1767684900,122658,2026-01-06 07:35:00,0,97.0,86.17371013939614,10.826289860603865
122658_1767685200,122658,2026-01-06 07:40:00,0,0.0,16.345350893694857,16.345350893694857
122613_1767689700,122613,2026-01-06 08:55:00,0,49.0,37.64358467256786,11.356415327432138
122613_1767693600,122613,2026-01-06 10:00:00,0,-180.0,-76.6866839859569,103.3133160140431
122613_1767693900,122613,2026-01-06 10:05:00,0,-108.0,-70.40851654446536,37.59148345553464
122613_1767694200,122613,2026-01-06 10:10:00,0,-140.0,-60.09450947930103,79.90549052069898
122613_1767694500,122613,2026-01-06 10:15:00,0,-70.0,-26.42871137093426,43.57128862906574
122613_1767694800,122613,2026-01-06 10:20:00,0,-38.0,-28.623535099952008,9.376464900047992
122613_1767695100,122613,2026-01-06 10:25:00,0,30.0,-0.3396790907420194,30.33967909074202
122613_1767695400,122613,2026-01-06 10:30:00,0,123.0,71.23069925632636,51.76930074367364
122613_1767695700,122613,2026-01-06 10:35:00,0,61.0,74.57560656970203,13.575606569702032
122613_1767696900,122613,2026-01-06 10:55:00,0,0.0,-15.49930469476755,15.49930469476755
122613_1767699000,122613,2026-01-06 11:30:00,0,0.0,25.2303671400522,25.2303671400522
130072_1767730200,130072,2026-01-06 20:10:00,0,60.0,74.81176293173961,14.811762931739608
130072_1767730500,130072,2026-01-06 20:15:00,0,60.0,49.38038870988057,10.61961129011943
130072_1767730800,130072,2026-01-06 20:20:00,0,106.0,53.910629381360955,52.089370618639045
130072_1767731100,130072,2026-01-06 20:25:00,0,22.0,35.01980524932084,13.01980524932084
130072_1767731400,130072,2026-01-06 20:30:00,0,49.0,83.47043471189568,34.47043471189568
130072_1767731700,130072,2026-01-06 20:35:00,0,78.0,83.50316077341078,5.503160773410784
134494_1767738000,134494,2026-01-06 22:20:00,0,0.0,17.59743983202078,17.59743983202078
134494_1767738300,134494,2026-01-06 22:25:00,0,0.0,7.670563700648099,7.670563700648099
134494_1767738600,134494,2026-01-06 22:30:00,0,0.0,6.791146972150618,6.791146972150618
129964_1767676200,129964,2026-01-06 05:10:00,1,91.0,72.87786761826575,18.122132381734247
135081_1767676200,135081,2026-01-06 05:10:00,1,126.0,53.342773766486296,72.65722623351371
122048_1767676200,122048,2026-01-06 05:10:00,1,25.0,11.153727098374244,13.846272901625756
135081_1767676500,135081,2026-01-06 05:15:00,1,-30.0,23.232875481001223,53.23287548100122
122048_1767676500,122048,2026-01-06 05:15:00,1,-41.0,-4.26123807454021,36.73876192545979
133957_1767676500,133957,2026-01-06 05:15:00,1,61.0,-2.3196127681299283,63.31961276812993
122048_1767676800,122048,2026-01-06 05:20:00,1,-163.0,-34.947366385756,128.052633614244
133957_1767676800,133957,2026-01-06 05:20:00,1,7.0,37.15017158550236,30.150171585502363
122048_1767677100,122048,2026-01-06 05:25:00,1,-177.0,-68.0022746206247,108.9977253793753
133957_1767677100,133957,2026-01-06 05:25:00,1,-94.0,-13.753157725990096,80.24684227400991
122048_1767677400,122048,2026-01-06 05:30:00,1,-65.0,-15.458025678638286,49.541974321361714
133957_1767677400,133957,2026-01-06 05:30:00,1,-91.0,-56.39314896302494,34.60685103697506
122048_1767677700,122048,2026-01-06 05:35:00,1,12.0,23.379167936779968,11.379167936779968
122048_1767678000,122048,2026-01-06 05:40:00,1,47.0,40.66264665085776,6.337353349142241
122048_1767678300,122048,2026-01-06 05:45:00,1,124.0,46.84223540369249,77.15776459630752
122048_1767678600,122048,2026-01-06 05:50:00,1,172.0,69.8201961492093,102.1798038507907
122048_1767678900,122048,2026-01-06 05:55:00,1,140.0,91.08638201272423,48.91361798727577
133957_1767679500,133957,2026-01-06 06:05:00,1,49.0,37.601948325602805,11.398051674397195
133957_1767679800,133957,2026-01-06 06:10:00,1,71.0,69.94221131923891,1.0577886807610923
133957_1767680100,133957,2026-01-06 06:15:00,1,111.0,82.33205983365814,28.667940166341864
133957_1767680400,133957,2026-01-06 06:20:00,1,18.0,33.894555155174785,15.894555155174785
129964_1767680400,129964,2026-01-06 06:20:00,1,-51.0,-50.6050810300693,0.39491896993069986
133957_1767680700,133957,2026-01-06 06:25:00,1,39.0,46.893268174103405,7.8932681741034045
130238_1767680700,130238,2026-01-06 06:25:00,1,0.0,18.697741802292928,18.697741802292928
129964_1767680700,129964,2026-01-06 06:25:00,1,-106.0,-69.27217376515122,36.72782623484878
133957_1767681000,133957,2026-01-06 06:30:00,1,-30.0,-24.510712827580328,5.489287172419672
129964_1767681000,129964,2026-01-06 06:30:00,1,7.0,8.509192983952797,1.509192983952797
130238_1767681000,130238,2026-01-06 06:30:00,1,0.0,46.99939329428316,46.99939329428316
129964_1767681300,129964,2026-01-06 06:35:00,1,47.0,28.065005027958772,18.934994972041228
130238_1767681300,130238,2026-01-06 06:35:00,1,0.0,39.379293133491096,39.379293133491096
133957_1767681300,133957,2026-01-06 06:35:00,1,-59.0,-18.231059645683654,40.76894035431634
130238_1767681600,130238,2026-01-06 06:40:00,1,0.0,73.925299976068,73.925299976068
133300_1767681600,133300,2026-01-06 06:40:00,1,159.0,124.5675906156178,34.4324093843822
134040_1767681600,134040,2026-01-06 06:40:00,1,1.0,91.16797920662633,90.16797920662633
133957_1767681600,133957,2026-01-06 06:40:00,1,-30.0,15.11626085233351,45.11626085233351
129964_1767681600,129964,2026-01-06 06:40:00,1,39.0,40.33723297559879,1.3372329755987877
133300_1767681900,133300,2026-01-06 06:45:00,1,79.0,73.2860002159449,5.713999784055105
130238_1767681900,130238,2026-01-06 06:45:00,1,0.0,51.14299651614423,51.14299651614423
134040_1767681900,134040,2026-01-06 06:45:00,1,-38.0,63.121406468871896,101.1214064688719
129964_1767681900,129964,2026-01-06 06:45:00,1,148.0,97.84211019749092,50.157889802509075
133957_1767681900,133957,2026-01-06 06:45:00,1,-58.0,-10.455620593317104,47.54437940668289
133957_1767682200,133957,2026-01-06 06:50:00,1,-19.0,-9.328304274010256,9.671695725989744
133300_1767682200,133300,2026-01-06 06:50:00,1,79.0,70.37732412771369,8.622675872286308
134040_1767682200,134040,2026-01-06 06:50:00,1,-71.0,56.98454208520591,127.9845420852059
129964_1767682200,129964,2026-01-06 06:50:00,1,188.0,84.61912552815143,103.38087447184857
129964_1767682500,129964,2026-01-06 06:55:00,1,84.0,66.2244079485293,17.775592051470696
132430_1767682500,132430,2026-01-06 06:55:00,1,248.0,198.22919272449445,49.77080727550555
133300_1767682500,133300,2026-01-06 06:55:00,1,173.0,109.93867980295248,63.06132019704752
133957_1767682500,133957,2026-01-06 06:55:00,1,-45.0,-15.298955299568883,29.70104470043112
134040_1767682500,134040,2026-01-06 06:55:00,1,46.0,34.262825479713,11.737174520286999
133957_1767682800,133957,2026-01-06 07:00:00,1,-74.0,-42.337527246954764,31.662472753045236
132430_1767682800,132430,2026-01-06 07:00:00,1,267.0,204.46051233463274,62.53948766536726
133300_1767682800,133300,2026-01-06 07:00:00,1,135.0,104.70635298145062,30.29364701854938
129964_1767682800,129964,2026-01-06 07:00:00,1,70.0,53.77504866250173,16.22495133749827
133957_1767683100,133957,2026-01-06 07:05:00,1,-8.0,15.45030325578196,23.45030325578196
133300_1767683100,133300,2026-01-06 07:05:00,1,169.0,133.26083593914595,35.73916406085405
132430_1767683100,132430,2026-01-06 07:05:00,1,408.0,285.2218122981235,122.7781877018765
129964_1767683100,129964,2026-01-06 07:05:00,1,154.0,110.65359703145162,43.346402968548375
129964_1767683400,129964,2026-01-06 07:10:00,1,81.0,45.415161996465905,35.584838003534095
132430_1767683400,132430,2026-01-06 07:10:00,1,270.0,202.6689782718272,67.3310217281728
133300_1767683400,133300,2026-01-06 07:10:00,1,166.0,184.7926167059993,18.792616705999308
129964_1767683700,129964,2026-01-06 07:15:00,1,145.0,71.64999992829318,73.35000007170682
133300_1767683700,133300,2026-01-06 07:15:00,1,240.0,232.16100843776218,7.838991562237823
133957_1767683700,133957,2026-01-06 07:15:00,1,10.0,56.663500544999366,46.663500544999366
132430_1767683700,132430,2026-01-06 07:15:00,1,163.0,126.71480141147099,36.28519858852901
133957_1767684000,133957,2026-01-06 07:20:00,1,33.0,38.22682742509178,5.226827425091777
133300_1767684000,133300,2026-01-06 07:20:00,1,116.0,101.8710604885315,14.128939511468502
129964_1767684000,129964,2026-01-06 07:20:00,1,134.0,80.31788692971729,53.68211307028271
132430_1767684000,132430,2026-01-06 07:20:00,1,246.0,164.15651234426073,81.84348765573927
133300_1767684300,133300,2026-01-06 07:25:00,1,116.0,97.15687122591986,18.843128774080142
132430_1767684300,132430,2026-01-06 07:25:00,1,230.0,175.2162729032261,54.7837270967739
130238_1767684300,130238,2026-01-06 07:25:00,1,16.0,27.888314385564595,11.888314385564595
133957_1767684300,133957,2026-01-06 07:25:00,1,71.0,79.97162059905993,8.971620599059932
129964_1767684600,129964,2026-01-06 07:30:00,1,-29.0,4.097665930589779,33.09766593058978
135081_1767684600,135081,2026-01-06 07:30:00,1,-78.0,-53.7515218223579,24.2484781776421
132430_1767684600,132430,2026-01-06 07:30:00,1,215.0,193.33799899708708,21.662001002912916
122048_1767684600,122048,2026-01-06 07:30:00,1,350.0,247.8532551865544,102.1467448134456
133300_1767684600,133300,2026-01-06 07:30:00,1,214.0,138.00717074007665,75.99282925992335
131672_1767684900,131672,2026-01-06 07:35:00,1,-96.0,-10.952032013268019,85.04796798673198
135081_1767684900,135081,2026-01-06 07:35:00,1,-28.0,-53.25852151278285,25.25852151278285
122048_1767684900,122048,2026-01-06 07:35:00,1,304.0,232.37084144426464,71.62915855573536
129964_1767684900,129964,2026-01-06 07:35:00,1,-70.0,-39.98173532523636,30.018264674763643
132430_1767684900,132430,2026-01-06 07:35:00,1,183.0,171.6764671430803,11.323532856919712
133300_1767684900,133300,2026-01-06 07:35:00,1,244.0,107.68314554908324,136.31685445091676
135081_1767685200,135081,2026-01-06 07:40:00,1,59.0,5.550810600017749,53.44918939998225
122048_1767685200,122048,2026-01-06 07:40:00,1,183.0,170.51691996801068,12.483080031989317
133300_1767685200,133300,2026-01-06 07:40:00,1,255.0,141.5397580274576,113.4602419725424
131672_1767685200,131672,2026-01-06 07:40:00,1,-126.0,-75.43071441117404,50.56928558882596
129964_1767685200,129964,2026-01-06 07:40:00,1,-34.0,25.320470656135726,59.320470656135726
122048_1767685500,122048,2026-01-06 07:45:00,1,141.0,136.75768926426318,4.242310735736822
129964_1767685500,129964,2026-01-06 07:45:00,1,-4.0,41.15786371890715,45.15786371890715
132430_1767685500,132430,2026-01-06 07:45:00,1,167.0,138.76652096582978,28.233479034170216
135081_1767685500,135081,2026-01-06 07:45:00,1,275.0,126.36323719183646,148.63676280816355
122658_1767685500,122658,2026-01-06 07:45:00,1,0.0,16.25560489742948,16.25560489742948
133300_1767685500,133300,2026-01-06 07:45:00,1,286.0,210.4516254832119,75.5483745167881
135081_1767685800,135081,2026-01-06 07:50:00,1,288.0,111.66106061720544,176.33893938279456
133300_1767685800,133300,2026-01-06 07:50:00,1,404.0,225.0592328252919,178.9407671747081
132430_1767685800,132430,2026-01-06 07:50:00,1,64.0,26.61164475116463,37.38835524883537
129964_1767685800,129964,2026-01-06 07:50:00,1,17.0,51.121159546412464,34.121159546412464
122048_1767685800,122048,2026-01-06 07:50:00,1,45.0,80.89153033440995,35.89153033440995
122658_1767685800,122658,2026-01-06 07:50:00,1,0.0,9.198771377532104,9.198771377532104
135081_1767686100,135081,2026-01-06 07:55:00,1,247.0,129.12873365809688,117.87126634190312
132430_1767686100,132430,2026-01-06 07:55:00,1,53.0,34.43342279992377,18.56657720007623
122048_1767686100,122048,2026-01-06 07:55:00,1,-35.0,37.47212879404901,72.47212879404901
122658_1767686100,122658,2026-01-06 07:55:00,1,0.0,4.261246258802505,4.261246258802505
129964_1767686100,129964,2026-01-06 07:55:00,1,162.0,101.07326569992848,60.926734300071516
132430_1767686400,132430,2026-01-06 08:00:00,1,30.0,69.19791298005822,39.19791298005822
130238_1767686400,130238,2026-01-06 08:00:00,1,107.0,94.50418057785733,12.495819422142674
129964_1767686400,129964,2026-01-06 08:00:00,1,97.0,97.97714094618789,0.9771409461878875
122048_1767686400,122048,2026-01-06 08:00:00,1,-43.0,71.92361424226672,114.92361424226672
130238_1767686700,130238,2026-01-06 08:05:00,1,1.0,58.88634735289803,57.88634735289803
122048_1767686700,122048,2026-01-06 08:05:00,1,-49.0,0.3761233210748927,49.37612332107489
132430_1767686700,132430,2026-01-06 08:05:00,1,53.0,121.7421733729127,68.7421733729127
129964_1767686700,129964,2026-01-06 08:05:00,1,64.0,76.79502622038572,12.795026220385722
122048_1767687000,122048,2026-01-06 08:10:00,1,104.0,48.25440595161034,55.74559404838966
132430_1767687000,132430,2026-01-06 08:10:00,1,42.0,84.89764146534667,42.897641465346666
129964_1767687000,129964,2026-01-06 08:10:00,1,42.0,60.82345944684188,18.82345944684188
132430_1767687300,132430,2026-01-06 08:15:00,1,-108.0,-10.276101723558039,97.72389827644196
122048_1767687300,122048,2026-01-06 08:15:00,1,99.0,-2.718384973540006,101.71838497354001
129964_1767687300,129964,2026-01-06 08:15:00,1,108.0,73.17634838058042,34.82365161941958
132430_1767687600,132430,2026-01-06 08:20:00,1,-132.0,-41.889605291728145,90.11039470827185
122048_1767687600,122048,2026-01-06 08:20:00,1,49.0,9.972661564084145,39.02733843591585
129964_1767687600,129964,2026-01-06 08:20:00,1,8.0,25.404693183496672,17.404693183496672
132430_1767687900,132430,2026-01-06 08:25:00,1,-101.0,12.560643756737724,113.56064375673772
122048_1767687900,122048,2026-01-06 08:25:00,1,80.0,89.47607603364864,9.476076033648638
122658_1767688200,122658,2026-01-06 08:30:00,1,137.0,178.08588571476614,41.085885714766135
131672_1767688200,131672,2026-01-06 08:30:00,1,16.0,9.16526870616143,6.834731293838569
130238_1767688200,130238,2026-01-06 08:30:00,1,27.0,40.2542937685592,13.2542937685592
132430_1767688200,132430,2026-01-06 08:30:00,1,194.0,214.82193278499776,20.821932784997756
122048_1767688200,122048,2026-01-06 08:30:00,1,68.0,50.169911702514995,17.830088297485005
134040_1767688200,134040,2026-01-06 08:30:00,1,154.0,131.48238685501954,22.51761314498046
122048_1767688500,122048,2026-01-06 08:35:00,1,49.0,73.03890113678052,24.038901136780524
122658_1767688500,122658,2026-01-06 08:35:00,1,-33.0,121.42451739525212,154.4245173952521
134040_1767688500,134040,2026-01-06 08:35:00,1,141.0,138.65885168508888,2.3411483149111234
131672_1767688500,131672,2026-01-06 08:35:00,1,20.0,24.124330116133173,4.124330116133173
130238_1767688500,130238,2026-01-06 08:35:00,1,-8.0,24.75970563706097,32.759705637060975
132430_1767688500,132430,2026-01-06 08:35:00,1,268.0,226.54435988884873,41.45564011115127
122048_1767688800,122048,2026-01-06 08:40:00,1,76.0,74.55678343453219,1.4432165654678073
134040_1767688800,134040,2026-01-06 08:40:00,1,128.0,96.5913027426354,31.408697257364594
132430_1767688800,132430,2026-01-06 08:40:00,1,284.0,185.239464455298,98.76053554470201
131672_1767688800,131672,2026-01-06 08:40:00,1,-17.0,-11.06333297224655,5.936667027753449
122658_1767688800,122658,2026-01-06 08:40:00,1,-34.0,80.50954955039661,114.50954955039661
130238_1767688800,130238,2026-01-06 08:40:00,1,-92.0,-9.225914408301872,82.77408559169812
131672_1767689100,131672,2026-01-06 08:45:00,1,17.0,41.385007176099734,24.385007176099734
122658_1767689100,122658,2026-01-06 08:45:00,1,-34.0,21.054176157534982,55.05417615753498
134040_1767689100,134040,2026-01-06 08:45:00,1,26.0,77.8394268596142,51.83942685961421
122048_1767689100,122048,2026-01-06 08:45:00,1,94.0,64.78650745949541,29.21349254050459
132430_1767689100,132430,2026-01-06 08:45:00,1,163.0,84.33604159708747,78.66395840291253
130238_1767689100,130238,2026-01-06 08:45:00,1,-120.0,39.21526690406721,159.21526690406722
122658_1767689400,122658,2026-01-06 08:50:00,1,-34.0,-45.30305952842434,11.303059528424342
131672_1767689400,131672,2026-01-06 08:50:00,1,-72.0,-12.452949384162203,59.5470506158378
130238_1767689400,130238,2026-01-06 08:50:00,1,37.0,58.27778522735816,21.27778522735816
134040_1767689400,134040,2026-01-06 08:50:00,1,94.0,85.4316874290178,8.5683125709822
132430_1767689400,132430,2026-01-06 08:50:00,1,85.0,71.21115363773772,13.788846362262277
122048_1767689400,122048,2026-01-06 08:50:00,1,121.0,63.690623506603266,57.309376493396734
130238_1767689700,130238,2026-01-06 08:55:00,1,57.0,14.733441406202168,42.26655859379783
122658_1767689700,122658,2026-01-06 08:55:00,1,-34.0,-2.284310900691949,31.71568909930805
122048_1767689700,122048,2026-01-06 08:55:00,1,116.0,57.94134725162045,58.05865274837955
132430_1767689700,132430,2026-01-06 08:55:00,1,7.0,64.16854978214961,57.16854978214961
134040_1767689700,134040,2026-01-06 08:55:00,1,46.0,71.62402546372488,25.624025463724877
131672_1767689700,131672,2026-01-06 08:55:00,1,-222.0,-64.73238588016532,157.26761411983466
122048_1767690000,122048,2026-01-06 09:00:00,1,73.0,-13.17691132649716,86.17691132649716
134040_1767690000,134040,2026-01-06 09:00:00,1,159.0,71.11535104238703,87.88464895761297
122658_1767690000,122658,2026-01-06 09:00:00,1,-34.0,-1.9686675550217039,32.0313324449783
131672_1767690000,131672,2026-01-06 09:00:00,1,-208.0,-100.49182286156248,107.50817713843752
130238_1767690000,130238,2026-01-06 09:00:00,1,40.0,64.2388603492941,24.2388603492941
133957_1767690000,133957,2026-01-06 09:00:00,1,-116.0,-52.31107671463956,63.68892328536044
130238_1767690300,130238,2026-01-06 09:05:00,1,49.0,60.98483389049358,11.984833890493583
122658_1767690300,122658,2026-01-06 09:05:00,1,-34.0,-15.30370047648838,18.69629952351162
134040_1767690300,134040,2026-01-06 09:05:00,1,-28.0,42.2825896399042,70.2825896399042
131672_1767690300,131672,2026-01-06 09:05:00,1,-157.0,-86.48984460996891,70.51015539003109
133957_1767690300,133957,2026-01-06 09:05:00,1,-68.0,-37.48340982440468,30.51659017559532
131672_1767690600,131672,2026-01-06 09:10:00,1,-39.0,-23.598739288730204,15.401260711269796
122658_1767690600,122658,2026-01-06 09:10:00,1,-34.0,-27.04167073981148,6.9583292601885205
133957_1767690600,133957,2026-01-06 09:10:00,1,-88.0,-50.97205545449371,37.02794454550629
122658_1767690900,122658,2026-01-06 09:15:00,1,-34.0,28.821104453730566,62.82110445373057
133957_1767690900,133957,2026-01-06 09:15:00,1,-111.0,-37.334780951066136,73.66521904893386
131672_1767690900,131672,2026-01-06 09:15:00,1,-68.0,-37.43094378455919,30.56905621544081
131672_1767691200,131672,2026-01-06 09:20:00,1,-65.0,-56.74878840395583,8.251211596044172
133957_1767691200,133957,2026-01-06 09:20:00,1,9.0,24.551802427331104,15.551802427331104
131672_1767691500,131672,2026-01-06 09:25:00,1,-10.0,15.78817260611039,25.78817260611039
133957_1767691800,133957,2026-01-06 09:30:00,1,48.0,48.46698018412096,0.4669801841209633
133957_1767692100,133957,2026-01-06 09:35:00,1,50.0,45.27163705476591,4.728362945234089
133957_1767692400,133957,2026-01-06 09:40:00,1,223.0,128.13686537488294,94.86313462511706
133957_1767692700,133957,2026-01-06 09:45:00,1,191.0,110.2263179783904,80.7736820216096
132430_1767693300,132430,2026-01-06 09:55:00,1,132.0,105.79276940935002,26.207230590649985
132430_1767693600,132430,2026-01-06 10:00:00,1,132.0,81.77610913902477,50.22389086097523
132430_1767693900,132430,2026-01-06 10:05:00,1,33.0,31.15702185998361,1.8429781400163883
132430_1767694200,132430,2026-01-06 10:10:00,1,90.0,16.61546362914008,73.38453637085992
132430_1767694500,132430,2026-01-06 10:15:00,1,144.0,82.79521875582579,61.204781244174214
132430_1767694800,132430,2026-01-06 10:20:00,1,233.0,130.81552104907982,102.18447895092018
132430_1767695100,132430,2026-01-06 10:25:00,1,116.0,63.94234597632888,52.05765402367112
135081_1767697800,135081,2026-01-06 11:10:00,1,77.0,78.13879929016908,1.138799290169075
135081_1767698100,135081,2026-01-06 11:15:00,1,95.0,85.67534212543167,9.32465787456833
131672_1767698100,131672,2026-01-06 11:15:00,1,27.0,17.50446937694248,9.495530623057519
135081_1767698400,135081,2026-01-06 11:20:00,1,135.0,122.22957422437759,12.770425775622414
135081_1767698700,135081,2026-01-06 11:25:00,1,126.0,77.86423677988388,48.13576322011612
135081_1767699000,135081,2026-01-06 11:30:00,1,28.0,-2.4046612461694417,30.404661246169443
122613_1767699300,122613,2026-01-06 11:35:00,1,0.0,-9.979999751099816,9.979999751099816
135081_1767699300,135081,2026-01-06 11:35:00,1,45.0,24.006430364510663,20.993569635489337
135081_1767699600,135081,2026-01-06 11:40:00,1,55.0,51.76994228906602,3.230057710933977
122613_1767699600,122613,2026-01-06 11:40:00,1,-145.0,-105.95221690557034,39.04778309442966
135081_1767699900,135081,2026-01-06 11:45:00,1,36.0,-51.57718790578379,87.57718790578379
122613_1767699900,122613,2026-01-06 11:45:00,1,-230.0,-117.11523076527834,112.88476923472166
135081_1767700200,135081,2026-01-06 11:50:00,1,-24.0,-62.00255531348016,38.00255531348016
122613_1767700200,122613,2026-01-06 11:50:00,1,-116.0,-91.49670578965336,24.50329421034664
122613_1767700500,122613,2026-01-06 11:55:00,1,-79.0,-103.15619760560509,24.156197605605087
135081_1767700500,135081,2026-01-06 11:55:00,1,-98.0,-64.53111504886435,33.46888495113565
122613_1767700800,122613,2026-01-06 12:00:00,1,-50.0,-88.30566002405,38.30566002405
122658_1767700800,122658,2026-01-06 12:00:00,1,143.0,229.8051789602797,86.8051789602797
122613_1767701100,122613,2026-01-06 12:05:00,1,-155.0,-85.49127051893755,69.50872948106245
122613_1767701400,122613,2026-01-06 12:10:00,1,-175.0,-108.96126858367629,66.03873141632371
122613_1767701700,122613,2026-01-06 12:15:00,1,-47.0,-32.36396937548985,14.636030624510148
122613_1767702000,122613,2026-01-06 12:20:00,1,-61.0,-29.767054392293026,31.232945607706974
122613_1767702300,122613,2026-01-06 12:25:00,1,66.0,4.2694265544011785,61.73057344559882
135081_1767702600,135081,2026-01-06 12:30:00,1,-131.0,-87.92692717821896,43.07307282178104
135081_1767702900,135081,2026-01-06 12:35:00,1,-144.0,-96.2621685392059,47.7378314607941
134040_1767703200,134040,2026-01-06 12:40:00,1,-35.0,-19.27807376651144,15.72192623348856
134040_1767703500,134040,2026-01-06 12:45:00,1,-35.0,11.83682231142457,46.83682231142457
134040_1767703800,134040,2026-01-06 12:50:00,1,52.0,59.82688113741055,7.8268811374105525
134040_1767704100,134040,2026-01-06 12:55:00,1,87.0,115.23242937599467,28.23242937599467
134040_1767704400,134040,2026-01-06 13:00:00,1,91.0,102.83774106471864,11.837741064718642
130072_1767732000,130072,2026-01-06 20:40:00,1,158.0,132.1515414712332,25.8484585287668
130072_1767732300,130072,2026-01-06 20:45:00,1,161.0,149.19545285640206,11.804547143597944
130072_1767732600,130072,2026-01-06 20:50:00,1,226.0,152.131600020939,73.868399979061
130072_1767732900,130072,2026-01-06 20:55:00,1,187.0,164.5725402903651,22.42745970963489
130072_1767733200,130072,2026-01-06 21:00:00,1,125.0,121.60989052888576,3.3901094711142434
130072_1767733500,130072,2026-01-06 21:05:00,1,125.0,102.32802749425795,22.671972505742048
134494_1767738900,134494,2026-01-06 22:35:00,1,0.0,2.9608845002927695,2.9608845002927695
134494_1767739200,134494,2026-01-06 22:40:00,1,0.0,2.2970958179719516,2.2970958179719516
134494_1767739500,134494,2026-01-06 22:45:00,1,0.0,1.3713633430233985,1.3713633430233985
133300_1767686400,133300,2026-01-06 08:00:00,2,-26.0,11.003211910050796,37.003211910050794
129964_1767687900,129964,2026-01-06 08:25:00,2,95.0,58.61318123335095,36.38681876664905
133300_1767689400,133300,2026-01-06 08:50:00,2,9.0,41.02270229104865,32.02270229104865
133300_1767689700,133300,2026-01-06 08:55:00,2,9.0,16.198185522618065,7.198185522618065
129964_1767690000,129964,2026-01-06 09:00:00,2,65.0,40.68762915559497,24.31237084440503
133300_1767690000,133300,2026-01-06 09:00:00,2,68.0,84.27581783390899,16.275817833908988
122048_1767690300,122048,2026-01-06 09:05:00,2,-33.0,-2.025543100889942,30.97445689911006
129964_1767690300,129964,2026-01-06 09:05:00,2,66.0,71.30915383401688,5.3091538340168825
133300_1767690300,133300,2026-01-06 09:05:00,2,69.0,67.17027080700342,1.8297291929965809
130238_1767690600,130238,2026-01-06 09:10:00,2,57.0,88.75048403969775,31.750484039697753
133300_1767690600,133300,2026-01-06 09:10:00,2,59.0,59.04624911642127,0.04624911642127216
129964_1767690600,129964,2026-01-06 09:10:00,2,79.0,53.97697320886564,25.023026791134363
133300_1767690900,133300,2026-01-06 09:15:00,2,62.0,80.05161955213772,18.051619552137723
129964_1767690900,129964,2026-01-06 09:15:00,2,58.0,8.630737832619056,49.369262167380946
129964_1767691200,129964,2026-01-06 09:20:00,2,64.0,36.294980742475836,27.705019257524164
130238_1767691200,130238,2026-01-06 09:20:00,2,0.0,26.099046645645416,26.099046645645416
133300_1767691200,133300,2026-01-06 09:20:00,2,135.0,217.64119297383616,82.64119297383616
129964_1767691500,129964,2026-01-06 09:25:00,2,94.0,57.98260494397663,36.01739505602337
130238_1767691500,130238,2026-01-06 09:25:00,2,0.0,6.414827309662172,6.414827309662172
129964_1767691800,129964,2026-01-06 09:30:00,2,42.0,50.53938203728286,8.539382037282863
122048_1767691800,122048,2026-01-06 09:30:00,2,233.0,57.82093561804877,175.17906438195124
130238_1767691800,130238,2026-01-06 09:30:00,2,0.0,9.649984115304294,9.649984115304294
130238_1767692100,130238,2026-01-06 09:35:00,2,0.0,18.387269586616966,18.387269586616966
129964_1767692100,129964,2026-01-06 09:35:00,2,16.0,41.03587032080009,25.035870320800093
122048_1767692100,122048,2026-01-06 09:35:00,2,200.0,77.47531982455045,122.52468017544955
129964_1767692400,129964,2026-01-06 09:40:00,2,106.0,40.81158646203739,65.18841353796262
130238_1767692400,130238,2026-01-06 09:40:00,2,0.0,27.196956628160393,27.196956628160393
122048_1767692400,122048,2026-01-06 09:40:00,2,91.0,50.19805197756151,40.80194802243849
130238_1767692700,130238,2026-01-06 09:45:00,2,0.0,0.6641912009703421,0.6641912009703421
122048_1767692700,122048,2026-01-06 09:45:00,2,-63.0,-29.834129332359794,33.165870667640206
130238_1767693000,130238,2026-01-06 09:50:00,2,0.0,12.496508661759886,12.496508661759886
122048_1767693000,122048,2026-01-06 09:50:00,2,-67.0,-44.53463271783049,22.46536728216951
133957_1767693000,133957,2026-01-06 09:50:00,2,80.0,71.8837715479869,8.116228452013104
130238_1767693300,130238,2026-01-06 09:55:00,2,0.0,-15.049625085255963,15.049625085255963
133957_1767693300,133957,2026-01-06 09:55:00,2,23.0,54.046266784055106,31.046266784055106
122048_1767693300,122048,2026-01-06 09:55:00,2,-115.0,-64.02348659679522,50.97651340320478
122048_1767693600,122048,2026-01-06 10:00:00,2,-142.0,-19.711499503881292,122.2885004961187
133300_1767693600,133300,2026-01-06 10:00:00,2,168.0,151.7868482214089,16.21315177859111
133957_1767693600,133957,2026-01-06 10:00:00,2,-24.0,33.49805900918655,57.49805900918655
122048_1767693900,122048,2026-01-06 10:05:00,2,-110.0,-71.59499832300288,38.40500167699712
133957_1767693900,133957,2026-01-06 10:05:00,2,13.0,38.62831744964362,25.628317449643617
133300_1767694200,133300,2026-01-06 10:10:00,2,-63.0,-18.82686423916874,44.17313576083126
122048_1767694200,122048,2026-01-06 10:10:00,2,-50.0,-48.01086032959028,1.9891396704097204
133957_1767694200,133957,2026-01-06 10:10:00,2,21.0,-16.373539012591927,37.37353901259193
133957_1767694500,133957,2026-01-06 10:15:00,2,-22.0,-17.833135616502954,4.166864383497046
122048_1767694500,122048,2026-01-06 10:15:00,2,-184.0,-60.01865471058751,123.98134528941249
133300_1767694500,133300,2026-01-06 10:15:00,2,-63.0,-23.394645054779275,39.605354945220725
133957_1767694800,133957,2026-01-06 10:20:00,2,24.0,-32.9344800987083,56.9344800987083
122048_1767694800,122048,2026-01-06 10:20:00,2,-250.0,-104.73853475137103,145.26146524862895
133300_1767694800,133300,2026-01-06 10:20:00,2,54.0,45.47895587126618,8.52104412873382
122048_1767695100,122048,2026-01-06 10:25:00,2,-359.0,-95.33949640210321,263.66050359789676
133300_1767695100,133300,2026-01-06 10:25:00,2,90.0,31.582453433578618,58.41754656642138
133957_1767695100,133957,2026-01-06 10:25:00,2,-17.0,-33.551556227020875,16.551556227020875
132430_1767695400,132430,2026-01-06 10:30:00,2,26.0,18.282605951078594,7.717394048921406
129964_1767695400,129964,2026-01-06 10:30:00,2,-51.0,-54.34358498144632,3.3435849814463197
130238_1767695400,130238,2026-01-06 10:30:00,2,-12.0,-9.28671617014409,2.7132838298559108
133957_1767695400,133957,2026-01-06 10:30:00,2,28.0,8.65001500316885,19.34998499683115
129964_1767695700,129964,2026-01-06 10:35:00,2,-51.0,-39.496430086586905,11.503569913413095
132430_1767695700,132430,2026-01-06 10:35:00,2,30.0,53.946266290111886,23.946266290111886
130238_1767695700,130238,2026-01-06 10:35:00,2,2.0,-18.78759791241531,20.78759791241531
129964_1767696000,129964,2026-01-06 10:40:00,2,-11.0,-49.31415578872544,38.31415578872544
133957_1767696000,133957,2026-01-06 10:40:00,2,138.0,72.60704386146361,65.39295613853639
132430_1767696000,132430,2026-01-06 10:40:00,2,-71.0,177.83247171083104,248.83247171083104
130238_1767696000,130238,2026-01-06 10:40:00,2,-34.0,30.139648369519836,64.13964836951983
132430_1767696300,132430,2026-01-06 10:45:00,2,221.0,197.41396831068485,23.58603168931515
129964_1767696300,129964,2026-01-06 10:45:00,2,73.0,1.7510539225658588,71.24894607743414
133957_1767696300,133957,2026-01-06 10:45:00,2,156.0,60.32282202032151,95.67717797967849
130238_1767696300,130238,2026-01-06 10:45:00,2,10.0,46.851061434242425,36.851061434242425
132430_1767696600,132430,2026-01-06 10:50:00,2,264.0,216.76208575158267,47.237914248417326
129964_1767696600,129964,2026-01-06 10:50:00,2,111.0,59.47894102579144,51.52105897420856
133957_1767696600,133957,2026-01-06 10:50:00,2,185.0,107.46675228495138,77.53324771504862
130238_1767696600,130238,2026-01-06 10:50:00,2,46.0,14.105890145043528,31.894109854956472
129964_1767696900,129964,2026-01-06 10:55:00,2,140.0,114.93978681674446,25.06021318325554
133957_1767696900,133957,2026-01-06 10:55:00,2,111.0,127.0955336907774,16.0955336907774
132430_1767696900,132430,2026-01-06 10:55:00,2,113.0,122.88577556121818,9.885775561218182
130238_1767696900,130238,2026-01-06 10:55:00,2,29.0,23.83462682636509,5.1653731736349116
132430_1767697200,132430,2026-01-06 11:00:00,2,17.0,90.68975342565045,73.68975342565045
133300_1767697200,133300,2026-01-06 11:00:00,2,49.0,49.06545401517472,0.06545401517472271
133957_1767697200,133957,2026-01-06 11:00:00,2,64.0,124.9778733776042,60.9778733776042
129964_1767697200,129964,2026-01-06 11:00:00,2,133.0,19.097552921092973,113.90244707890703
129964_1767697500,129964,2026-01-06 11:05:00,2,75.0,26.832842024709596,48.16715797529041
133957_1767697500,133957,2026-01-06 11:05:00,2,3.0,42.06200388676898,39.06200388676898
132430_1767697500,132430,2026-01-06 11:05:00,2,86.0,76.21508426067696,9.78491573932304
133300_1767697500,133300,2026-01-06 11:05:00,2,77.0,29.977670136457146,47.02232986354285
133957_1767697800,133957,2026-01-06 11:10:00,2,18.0,45.710060599460306,27.710060599460306
132430_1767697800,132430,2026-01-06 11:10:00,2,70.0,63.378893730060746,6.621106269939254
129964_1767697800,129964,2026-01-06 11:10:00,2,26.0,28.494348761338834,2.494348761338834
132430_1767698100,132430,2026-01-06 11:15:00,2,49.0,55.50226203690037,6.502262036900369
133957_1767698100,133957,2026-01-06 11:15:00,2,-47.0,12.835753293972429,59.83575329397243
129964_1767698100,129964,2026-01-06 11:15:00,2,10.0,11.394154417351624,1.3941544173516238
129964_1767698400,129964,2026-01-06 11:20:00,2,14.0,30.175064792824195,16.175064792824195
132430_1767698400,132430,2026-01-06 11:20:00,2,49.0,49.00968979798436,0.00968979798435754
131672_1767698400,131672,2026-01-06 11:20:00,2,60.0,66.64655637485697,6.646556374856971
133957_1767698400,133957,2026-01-06 11:20:00,2,-69.0,44.54600935696611,113.54600935696611
131672_1767698700,131672,2026-01-06 11:25:00,2,82.0,73.40595325400616,8.594046745993836
129964_1767698700,129964,2026-01-06 11:25:00,2,0.0,-9.755607765213693,9.755607765213693
133957_1767698700,133957,2026-01-06 11:25:00,2,-145.0,-47.07960649707628,97.92039350292373
133957_1767699000,133957,2026-01-06 11:30:00,2,-96.0,-94.9129635409968,1.0870364590032011
129964_1767699000,129964,2026-01-06 11:30:00,2,80.0,-9.494843300393736,89.49484330039374
132430_1767699000,132430,2026-01-06 11:30:00,2,14.0,32.27022217345049,18.27022217345049
131672_1767699000,131672,2026-01-06 11:30:00,2,4.0,43.7451873410981,39.7451873410981
132430_1767699300,132430,2026-01-06 11:35:00,2,14.0,22.360321519380886,8.360321519380886
129964_1767699300,129964,2026-01-06 11:35:00,2,49.0,17.92418127485327,31.07581872514673
133957_1767699300,133957,2026-01-06 11:35:00,2,-249.0,-52.486263351907084,196.5137366480929
131672_1767699300,131672,2026-01-06 11:35:00,2,40.0,32.013336262957814,7.986663737042186
131672_1767699600,131672,2026-01-06 11:40:00,2,-28.0,-45.774551072165785,17.774551072165785
133957_1767699600,133957,2026-01-06 11:40:00,2,-254.0,-110.06790404897225,143.93209595102775
132430_1767699600,132430,2026-01-06 11:40:00,2,-87.0,-18.971439929421525,68.02856007057848
129964_1767699900,129964,2026-01-06 11:45:00,2,-53.0,-53.48045887687231,0.48045887687231215
132430_1767699900,132430,2026-01-06 11:45:00,2,-110.0,-25.961610803208853,84.03838919679114
131672_1767699900,131672,2026-01-06 11:45:00,2,-29.0,-54.433691534408716,25.433691534408716
133957_1767699900,133957,2026-01-06 11:45:00,2,-158.0,21.541259679071832,179.54125967907183
131672_1767700200,131672,2026-01-06 11:50:00,2,-23.0,-51.39689045749449,28.396890457494493
133957_1767700200,133957,2026-01-06 11:50:00,2,80.0,42.47463648146261,37.52536351853739
132430_1767700200,132430,2026-01-06 11:50:00,2,-136.0,-61.842389971232144,74.15761002876786
132430_1767700500,132430,2026-01-06 11:55:00,2,-6.0,-86.19795408496292,80.19795408496292
133957_1767700500,133957,2026-01-06 11:55:00,2,42.0,34.05543496544375,7.944565034556248
131672_1767700500,131672,2026-01-06 11:55:00,2,-47.0,-20.98081843573252,26.01918156426748
122048_1767700800,122048,2026-01-06 12:00:00,2,374.0,294.29691643894483,79.70308356105517
131672_1767700800,131672,2026-01-06 12:00:00,2,-105.0,-48.29529360344847,56.70470639655153
122048_1767701100,122048,2026-01-06 12:05:00,2,312.0,228.74817353113767,83.25182646886233
122658_1767701100,122658,2026-01-06 12:05:00,2,121.0,232.97526860496663,111.97526860496663
131672_1767701100,131672,2026-01-06 12:05:00,2,-83.0,-44.433454221133395,38.566545778866605
122048_1767701400,122048,2026-01-06 12:10:00,2,354.0,213.61222189826108,140.38777810173892
131672_1767701400,131672,2026-01-06 12:10:00,2,-207.0,-70.11197391112415,136.88802608887585
122658_1767701700,122658,2026-01-06 12:15:00,2,0.0,35.96544585335357,35.96544585335357
122048_1767701700,122048,2026-01-06 12:15:00,2,273.0,129.92876994878122,143.07123005121878
122658_1767702000,122658,2026-01-06 12:20:00,2,0.0,31.978467371399837,31.978467371399837
122048_1767702000,122048,2026-01-06 12:20:00,2,252.0,172.29246870642393,79.70753129357607
122658_1767702300,122658,2026-01-06 12:25:00,2,0.0,17.393714973920577,17.393714973920577
122048_1767702300,122048,2026-01-06 12:25:00,2,158.0,153.790583656021,4.209416343979001
133957_1767702600,133957,2026-01-06 12:30:00,2,172.0,97.74300790370532,74.25699209629468
132430_1767702600,132430,2026-01-06 12:30:00,2,-64.0,19.454486477364338,83.45448647736434
122658_1767702600,122658,2026-01-06 12:30:00,2,0.0,24.33209078079188,24.33209078079188
122048_1767702600,122048,2026-01-06 12:30:00,2,144.0,141.8698800910956,2.1301199089043905
122658_1767702900,122658,2026-01-06 12:35:00,2,0.0,12.648616696396722,12.648616696396722
122048_1767702900,122048,2026-01-06 12:35:00,2,138.0,137.50797784977055,0.4920221502294453
133957_1767702900,133957,2026-01-06 12:35:00,2,97.0,51.54220888441165,45.45779111558835
132430_1767702900,132430,2026-01-06 12:35:00,2,-181.0,-52.954132908912335,128.04586709108767
122658_1767703200,122658,2026-01-06 12:40:00,2,0.0,0.6792264528189627,0.6792264528189627
131672_1767703200,131672,2026-01-06 12:40:00,2,17.0,23.226999053759226,6.226999053759226
132430_1767703200,132430,2026-01-06 12:40:00,2,-100.0,-34.02731090369461,65.97268909630539
122048_1767703200,122048,2026-01-06 12:40:00,2,87.0,88.89008328339712,1.890083283397118
133957_1767703200,133957,2026-01-06 12:40:00,2,101.0,125.2473774231575,24.247377423157502
135081_1767703200,135081,2026-01-06 12:40:00,2,-171.0,-52.30824005102969,118.69175994897032
133957_1767703500,133957,2026-01-06 12:45:00,2,161.0,114.29237352611436,46.70762647388564
132430_1767703500,132430,2026-01-06 12:45:00,2,-75.0,-15.086362096727848,59.91363790327215
122658_1767703500,122658,2026-01-06 12:45:00,2,0.0,1.8690477849395046,1.8690477849395046
131672_1767703500,131672,2026-01-06 12:45:00,2,76.0,81.1961362222256,5.196136222225604
122048_1767703500,122048,2026-01-06 12:45:00,2,84.0,49.876106247902854,34.123893752097146
135081_1767703500,135081,2026-01-06 12:45:00,2,-72.0,2.5300181732719462,74.53001817327194
132430_1767703800,132430,2026-01-06 12:50:00,2,-58.0,-16.768555301845506,41.23144469815449
122658_1767703800,122658,2026-01-06 12:50:00,2,103.0,29.07950703717516,73.92049296282484
135081_1767703800,135081,2026-01-06 12:50:00,2,-16.0,25.345815022856087,41.34581502285609
131672_1767703800,131672,2026-01-06 12:50:00,2,53.0,83.83123033561753,30.831230335617533
122048_1767703800,122048,2026-01-06 12:50:00,2,84.0,51.84785633826114,32.15214366173886
131672_1767704100,131672,2026-01-06 12:55:00,2,192.0,73.36833823052518,118.63166176947482
132430_1767704100,132430,2026-01-06 12:55:00,2,-74.0,-11.854642292662005,62.14535770733799
135081_1767704100,135081,2026-01-06 12:55:00,2,-27.0,29.94068379369856,56.94068379369856
122658_1767704100,122658,2026-01-06 12:55:00,2,252.0,140.01799073943153,111.98200926056847
122048_1767704100,122048,2026-01-06 12:55:00,2,0.0,12.984390460739531,12.984390460739531
122048_1767704400,122048,2026-01-06 13:00:00,2,0.0,-0.896541696952222,0.896541696952222
135081_1767704400,135081,2026-01-06 13:00:00,2,11.0,55.27983091358048,44.27983091358048
122658_1767704400,122658,2026-01-06 13:00:00,2,289.0,244.27101177086843,44.72898822913157
122048_1767704700,122048,2026-01-06 13:05:00,2,0.0,5.892804683729407,5.892804683729407
132430_1767704700,132430,2026-01-06 13:05:00,2,16.0,29.809925411875284,13.809925411875284
134040_1767704700,134040,2026-01-06 13:05:00,2,-7.0,72.27220555706104,79.27220555706104
122658_1767704700,122658,2026-01-06 13:05:00,2,321.0,264.6610787486694,56.33892125133059
134040_1767705000,134040,2026-01-06 13:10:00,2,47.0,99.63076740142571,52.630767401425715
122658_1767705000,122658,2026-01-06 13:10:00,2,406.0,240.8949748792858,165.1050251207142
122048_1767705000,122048,2026-01-06 13:10:00,2,0.0,14.497557701996493,14.497557701996493
132430_1767705000,132430,2026-01-06 13:10:00,2,16.0,36.98529391575592,20.985293915755918
132430_1767705300,132430,2026-01-06 13:15:00,2,17.0,10.16212162434208,6.837878375657921
122048_1767705300,122048,2026-01-06 13:15:00,2,0.0,2.1058760880360663,2.1058760880360663
134040_1767705300,134040,2026-01-06 13:15:00,2,84.0,106.63951593432961,22.63951593432961
132430_1767705600,132430,2026-01-06 13:20:00,2,77.0,60.28792647936744,16.712073520632558
122658_1767705600,122658,2026-01-06 13:20:00,2,0.0,67.35540912370762,67.35540912370762
134040_1767705600,134040,2026-01-06 13:20:00,2,113.0,150.22085166831374,37.22085166831374
122613_1767705900,122613,2026-01-06 13:25:00,2,0.0,-3.5689206933347197,3.5689206933347197
132430_1767705900,132430,2026-01-06 13:25:00,2,57.0,87.4835464280038,30.483546428003805
134040_1767705900,134040,2026-01-06 13:25:00,2,37.0,83.40783988910768,46.40783988910768
135081_1767705900,135081,2026-01-06 13:25:00,2,79.0,75.97773976689287,3.022260233107133
132430_1767706200,132430,2026-01-06 13:30:00,2,196.0,133.4017875337857,62.59821246621431
134040_1767706200,134040,2026-01-06 13:30:00,2,123.0,99.78936404157758,23.210635958422415
134040_1767706500,134040,2026-01-06 13:35:00,2,172.0,81.60142248315958,90.39857751684042
132430_1767706500,132430,2026-01-06 13:35:00,2,103.0,81.05032811797119,21.94967188202881
134040_1767706800,134040,2026-01-06 13:40:00,2,317.0,158.29600162250065,158.70399837749935
132430_1767706800,132430,2026-01-06 13:40:00,2,53.0,36.19162801029652,16.80837198970348
134040_1767707100,134040,2026-01-06 13:45:00,2,231.0,182.04422110026056,48.95577889973944
134040_1767707400,134040,2026-01-06 13:50:00,2,234.0,136.87525465434825,97.12474534565175
134040_1767707700,134040,2026-01-06 13:55:00,2,200.0,134.24153561412413,65.75846438587587
122613_1767708000,122613,2026-01-06 14:00:00,2,0.0,23.09097301101135,23.09097301101135
135081_1767708000,135081,2026-01-06 14:00:00,2,19.0,21.302520889726622,2.3025208897266225
122613_1767708300,122613,2026-01-06 14:05:00,2,0.0,6.945442782650479,6.945442782650479
135081_1767708300,135081,2026-01-06 14:05:00,2,-36.0,-33.97335653557322,2.0266434644267832
122613_1767708600,122613,2026-01-06 14:10:00,2,-77.0,-55.22031348676532,21.77968651323468
135081_1767708600,135081,2026-01-06 14:10:00,2,-19.0,11.51362516713867,30.51362516713867
122613_1767708900,122613,2026-01-06 14:15:00,2,0.0,-25.668470823241798,25.668470823241798
135081_1767708900,135081,2026-01-06 14:15:00,2,-17.0,-58.3995239258201,41.3995239258201
122613_1767709200,122613,2026-01-06 14:20:00,2,0.0,-15.57728431923674,15.57728431923674
135081_1767709200,135081,2026-01-06 14:20:00,2,-17.0,-38.877197774925676,21.877197774925676
122613_1767709500,122613,2026-01-06 14:25:00,2,0.0,-30.413098863773218,30.413098863773218
135081_1767709500,135081,2026-01-06 14:25:00,2,-102.0,-60.03787364286768,41.96212635713232
122613_1767709800,122613,2026-01-06 14:30:00,2,0.0,-27.408783525021683,27.408783525021683
135081_1767709800,135081,2026-01-06 14:30:00,2,-84.0,-80.23666389857043,3.763336101429573
134040_1767709800,134040,2026-01-06 14:30:00,2,79.0,97.2986298586909,18.2986298586909
122613_1767710100,122613,2026-01-06 14:35:00,2,0.0,-15.827864243102367,15.827864243102367
135081_1767710100,135081,2026-01-06 14:35:00,2,-126.0,-54.89715336848347,71.10284663151653
134040_1767710100,134040,2026-01-06 14:35:00,2,4.0,27.496266049205822,23.496266049205822
122613_1767710400,122613,2026-01-06 14:40:00,2,0.0,-56.49906563219245,56.49906563219245
134040_1767710400,134040,2026-01-06 14:40:00,2,68.0,99.1439495466921,31.1439495466921
135081_1767710400,135081,2026-01-06 14:40:00,2,-128.0,-67.10039057710596,60.899609422894045
135081_1767710700,135081,2026-01-06 14:45:00,2,-145.0,-132.15006631135748,12.849933688642523
122613_1767710700,122613,2026-01-06 14:45:00,2,0.0,-18.942443236447986,18.942443236447986
134040_1767710700,134040,2026-01-06 14:45:00,2,87.0,96.96852799393423,9.96852799393423
134040_1767711000,134040,2026-01-06 14:50:00,2,187.0,132.6018215324587,54.3981784675413
135081_1767711000,135081,2026-01-06 14:50:00,2,-175.0,-128.5485929467318,46.45140705326821
134040_1767711300,134040,2026-01-06 14:55:00,2,267.0,145.38436211472285,121.61563788527715
135081_1767711300,135081,2026-01-06 14:55:00,2,-168.0,-33.61096260291548,134.3890373970845
135081_1767711600,135081,2026-01-06 15:00:00,2,11.0,39.41333065046108,28.413330650461077
135081_1767711900,135081,2026-01-06 15:05:00,2,-12.0,51.4438738386669,63.4438738386669
130072_1767733800,130072,2026-01-06 21:10:00,2,168.0,129.34624165994893,38.65375834005107
130072_1767734100,130072,2026-01-06 21:15:00,2,195.0,133.39736955802067,61.60263044197933
130072_1767734400,130072,2026-01-06 21:20:00,2,163.0,131.26552483030514,31.73447516969486
130072_1767734700,130072,2026-01-06 21:25:00,2,0.0,39.32946100187737,39.32946100187737
130072_1767735000,130072,2026-01-06 21:30:00,2,0.0,34.41529413453114,34.41529413453114
134494_1767739800,134494,2026-01-06 22:50:00,2,0.0,-4.473336349201264,4.473336349201264
134494_1767740100,134494,2026-01-06 22:55:00,2,0.0,-4.149581013133718,4.149581013133718
130238_1767697200,130238,2026-01-06 11:00:00,3,40.0,53.05447618731077,13.054476187310769
130238_1767697500,130238,2026-01-06 11:05:00,3,32.0,90.65204319505035,58.652043195050354
133300_1767697800,133300,2026-01-06 11:10:00,3,65.0,14.135420530590075,50.864579469409925
133300_1767698100,133300,2026-01-06 11:15:00,3,151.0,86.51018794603243,64.48981205396757
133300_1767698400,133300,2026-01-06 11:20:00,3,225.0,237.8757665589069,12.87576655890689
129964_1767700200,129964,2026-01-06 11:50:00,3,-73.0,-47.70163634949702,25.298363650502978
129964_1767700500,129964,2026-01-06 11:55:00,3,90.0,41.62359052929701,48.37640947070299
133300_1767700800,133300,2026-01-06 12:00:00,3,260.0,199.7963813625702,60.2036186374298
133300_1767701400,133300,2026-01-06 12:10:00,3,-7.0,-0.7968986443435333,6.203101355656466
133300_1767701700,133300,2026-01-06 12:15:00,3,-7.0,14.058269411711676,21.058269411711677
133300_1767702000,133300,2026-01-06 12:20:00,3,132.0,73.08060079567582,58.91939920432418
133300_1767702300,133300,2026-01-06 12:25:00,3,114.0,81.21570415015044,32.784295849849556
133300_1767702600,133300,2026-01-06 12:30:00,3,47.0,58.2178207384665,11.2178207384665
133300_1767702900,133300,2026-01-06 12:35:00,3,95.0,76.11791430710959,18.882085692890413
133300_1767703200,133300,2026-01-06 12:40:00,3,322.0,252.3698896636192,69.6301103363808
133957_1767703800,133957,2026-01-06 12:50:00,3,40.0,57.04437642318432,17.044376423184318
133300_1767703800,133300,2026-01-06 12:50:00,3,-25.0,-11.31874628122797,13.68125371877203
133957_1767704100,133957,2026-01-06 12:55:00,3,139.0,59.10230280638853,79.89769719361146
129964_1767704400,129964,2026-01-06 13:00:00,3,-106.0,-74.14848808547173,31.851511914528274
129964_1767704700,129964,2026-01-06 13:05:00,3,-150.0,-116.14989580298976,33.85010419701024
129964_1767705000,129964,2026-01-06 13:10:00,3,-165.0,-3.3503252105733154,161.64967478942668
129964_1767705300,129964,2026-01-06 13:15:00,3,-95.0,-3.008511581858082,91.99148841814191
133957_1767705600,133957,2026-01-06 13:20:00,3,113.0,116.43160076215531,3.4316007621553126
129964_1767705600,129964,2026-01-06 13:20:00,3,11.0,-19.784750768403363,30.784750768403363
122048_1767705600,122048,2026-01-06 13:20:00,3,0.0,1.2691198648257775,1.2691198648257775
133957_1767705900,133957,2026-01-06 13:25:00,3,123.0,92.95866493739494,30.041335062605057
129964_1767705900,129964,2026-01-06 13:25:00,3,-32.0,-66.19193650983651,34.19193650983651
122658_1767705900,122658,2026-01-06 13:25:00,3,0.0,32.4420421147611,32.4420421147611
122048_1767705900,122048,2026-01-06 13:25:00,3,0.0,-0.9914541286188389,0.9914541286188389
122048_1767706200,122048,2026-01-06 13:30:00,3,0.0,36.745777058002496,36.745777058002496
131672_1767706200,131672,2026-01-06 13:30:00,3,37.0,-8.986210274878276,45.986210274878275
129964_1767706200,129964,2026-01-06 13:30:00,3,-50.0,-60.772222444754796,10.772222444754796
131672_1767706500,131672,2026-01-06 13:35:00,3,131.0,80.90572089744464,50.09427910255536
122048_1767706500,122048,2026-01-06 13:35:00,3,0.0,11.104409983961128,11.104409983961128
129964_1767706500,129964,2026-01-06 13:35:00,3,-51.0,-70.73031697081015,19.73031697081015
129964_1767706800,129964,2026-01-06 13:40:00,3,-34.0,-47.87152591159781,13.871525911597807
122048_1767706800,122048,2026-01-06 13:40:00,3,0.0,74.79967089858182,74.79967089858182
129964_1767707100,129964,2026-01-06 13:45:00,3,25.0,-15.51623525157939,40.51623525157939
122048_1767707100,122048,2026-01-06 13:45:00,3,0.0,29.218831213290194,29.218831213290194
132430_1767707100,132430,2026-01-06 13:45:00,3,78.0,79.3827905621301,1.382790562130097
122048_1767707400,122048,2026-01-06 13:50:00,3,0.0,40.02074893151896,40.02074893151896
129964_1767707400,129964,2026-01-06 13:50:00,3,-62.0,-43.138112950478735,18.861887049521265
132430_1767707400,132430,2026-01-06 13:50:00,3,39.0,69.97840629827147,30.978406298271466
122048_1767707700,122048,2026-01-06 13:55:00,3,0.0,20.630027528822684,20.630027528822684
132430_1767707700,132430,2026-01-06 13:55:00,3,58.0,101.91765040515945,43.91765040515945
129964_1767707700,129964,2026-01-06 13:55:00,3,5.0,-33.3471108081132,38.3471108081132
133957_1767708000,133957,2026-01-06 14:00:00,3,253.0,156.55514122589568,96.44485877410432
132430_1767708000,132430,2026-01-06 14:00:00,3,192.0,163.1753657499,28.82463425009999
129964_1767708000,129964,2026-01-06 14:00:00,3,-6.0,115.38615620900069,121.38615620900069
133957_1767708300,133957,2026-01-06 14:05:00,3,180.0,92.20167118880964,87.79832881119036
132430_1767708300,132430,2026-01-06 14:05:00,3,68.0,93.95768421855598,25.957684218555983
129964_1767708600,129964,2026-01-06 14:10:00,3,-114.0,-94.25800419921525,19.74199580078475
131672_1767708600,131672,2026-01-06 14:10:00,3,60.0,59.476921594195154,0.5230784058048457
132430_1767708600,132430,2026-01-06 14:10:00,3,-7.0,34.57447960704501,41.57447960704501
133957_1767708600,133957,2026-01-06 14:10:00,3,238.0,165.01585526327904,72.98414473672096
131672_1767708900,131672,2026-01-06 14:15:00,3,90.0,76.29254610039203,13.70745389960797
132430_1767708900,132430,2026-01-06 14:15:00,3,115.0,115.43503484344853,0.43503484344853405
129964_1767708900,129964,2026-01-06 14:15:00,3,-106.0,-78.10664342771301,27.89335657228699
133957_1767708900,133957,2026-01-06 14:15:00,3,170.0,73.75603101807852,96.24396898192148
132430_1767709200,132430,2026-01-06 14:20:00,3,98.0,112.45178658749629,14.451786587496287
133957_1767709200,133957,2026-01-06 14:20:00,3,81.0,48.992958315984595,32.007041684015405
131672_1767709200,131672,2026-01-06 14:20:00,3,91.0,75.13149043330577,15.868509566694229
129964_1767709200,129964,2026-01-06 14:20:00,3,-77.0,-6.268159340784648,70.73184065921535
131672_1767709500,131672,2026-01-06 14:25:00,3,115.0,16.118450778460165,98.88154922153984
132430_1767709500,132430,2026-01-06 14:25:00,3,158.0,146.7101142516957,11.2898857483043
129964_1767709500,129964,2026-01-06 14:25:00,3,-93.0,-23.01151412549374,69.98848587450627
132430_1767709800,132430,2026-01-06 14:30:00,3,137.0,133.0201261705741,3.9798738294259124
129964_1767709800,129964,2026-01-06 14:30:00,3,-69.0,-7.9270633132629955,61.072936686737
129964_1767710100,129964,2026-01-06 14:35:00,3,-42.0,-1.1871736534168658,40.81282634658314
132430_1767710400,132430,2026-01-06 14:40:00,3,23.0,97.61530219967112,74.61530219967112
129964_1767710400,129964,2026-01-06 14:40:00,3,-145.0,-78.37958964694862,66.62041035305138
132430_1767710700,132430,2026-01-06 14:45:00,3,23.0,27.5234845126094,4.5234845126094
129964_1767710700,129964,2026-01-06 14:45:00,3,-127.0,-69.31871418528705,57.68128581471295
129964_1767711000,129964,2026-01-06 14:50:00,3,-207.0,-86.01988117365372,120.98011882634628
132430_1767711000,132430,2026-01-06 14:50:00,3,47.0,61.494216482695094,14.494216482695094
122613_1767711000,122613,2026-01-06 14:50:00,3,0.0,-10.106858761406412,10.106858761406412
129964_1767711300,129964,2026-01-06 14:55:00,3,-66.0,-4.422759713808503,61.5772402861915
122613_1767711300,122613,2026-01-06 14:55:00,3,0.0,16.991405962292077,16.991405962292077
132430_1767711300,132430,2026-01-06 14:55:00,3,33.0,85.40755512094101,52.40755512094101
131672_1767711600,131672,2026-01-06 15:00:00,3,-47.0,-30.399058559770616,16.600941440229384
133957_1767711600,133957,2026-01-06 15:00:00,3,26.0,68.43641594058305,42.436415940583046
132430_1767711600,132430,2026-01-06 15:00:00,3,171.0,183.9212875388099,12.921287538809906
134040_1767711600,134040,2026-01-06 15:00:00,3,199.0,100.95349440051528,98.04650559948472
133957_1767711900,133957,2026-01-06 15:05:00,3,17.0,46.07861843148239,29.07861843148239
134040_1767711900,134040,2026-01-06 15:05:00,3,181.0,116.50689390659674,64.49310609340326
131672_1767711900,131672,2026-01-06 15:05:00,3,-52.0,-24.876194255243625,27.123805744756375
132430_1767711900,132430,2026-01-06 15:05:00,3,384.0,239.5064298267568,144.4935701732432
132430_1767712200,132430,2026-01-06 15:10:00,3,291.0,278.3143859670309,12.685614032969113
135081_1767712200,135081,2026-01-06 15:10:00,3,-28.0,39.727017013727234,67.72701701372723
133300_1767712200,133300,2026-01-06 15:10:00,3,-35.0,-32.862037208093824,2.137962791906176
134040_1767712200,134040,2026-01-06 15:10:00,3,202.0,149.12942958980497,52.87057041019503
133957_1767712200,133957,2026-01-06 15:10:00,3,28.0,74.11635279719641,46.11635279719641
133957_1767712500,133957,2026-01-06 15:15:00,3,-36.0,61.68396264219067,97.68396264219066
135081_1767712500,135081,2026-01-06 15:15:00,3,59.0,19.929752412904072,39.07024758709593
133300_1767712500,133300,2026-01-06 15:15:00,3,-35.0,-28.093350095877692,6.9066499041223075
132430_1767712500,132430,2026-01-06 15:15:00,3,226.0,229.3068385242599,3.306838524259888
134040_1767712500,134040,2026-01-06 15:15:00,3,199.0,168.08507161702846,30.91492838297154
130238_1767712500,130238,2026-01-06 15:15:00,3,10.0,11.310246448634341,1.3102464486343415
134040_1767712800,134040,2026-01-06 15:20:00,3,183.0,149.5649100480565,33.435089951943496
130238_1767712800,130238,2026-01-06 15:20:00,3,-40.0,4.744118360908074,44.744118360908075
132430_1767712800,132430,2026-01-06 15:20:00,3,258.0,257.3203089617618,0.679691038238218
133300_1767712800,133300,2026-01-06 15:20:00,3,36.0,39.82185846191536,3.8218584619153617
133957_1767712800,133957,2026-01-06 15:20:00,3,-93.0,-32.61750173943977,60.38249826056023
134040_1767713100,134040,2026-01-06 15:25:00,3,91.0,97.11105695987861,6.11105695987861
130238_1767713100,130238,2026-01-06 15:25:00,3,-124.0,17.087812784475,141.087812784475
132430_1767713100,132430,2026-01-06 15:25:00,3,199.0,275.37121493597954,76.37121493597954
133957_1767713100,133957,2026-01-06 15:25:00,3,74.0,-48.17349564663449,122.17349564663449
122658_1767713100,122658,2026-01-06 15:25:00,3,27.0,31.191883691832246,4.1918836918322455
122613_1767713400,122613,2026-01-06 15:30:00,3,0.0,12.780378805949836,12.780378805949836
122658_1767713400,122658,2026-01-06 15:30:00,3,86.0,51.7794789057819,34.2205210942181
131672_1767713400,131672,2026-01-06 15:30:00,3,12.0,20.05888811473511,8.058888114735112
130238_1767713400,130238,2026-01-06 15:30:00,3,-99.0,-13.006374869926114,85.99362513007388
133957_1767713400,133957,2026-01-06 15:30:00,3,75.0,-28.158612902244307,103.1586129022443
122048_1767713400,122048,2026-01-06 15:30:00,3,0.0,8.769539149067466,8.769539149067466
122613_1767713700,122613,2026-01-06 15:35:00,3,0.0,16.86840039164119,16.86840039164119
131672_1767713700,131672,2026-01-06 15:35:00,3,86.0,27.813028713793525,58.18697128620647
133957_1767713700,133957,2026-01-06 15:35:00,3,-11.0,13.008505521090463,24.008505521090463
122658_1767713700,122658,2026-01-06 15:35:00,3,159.0,132.71462966318032,26.285370336819682
122048_1767713700,122048,2026-01-06 15:35:00,3,0.0,-44.91400637367738,44.91400637367738
130238_1767713700,130238,2026-01-06 15:35:00,3,-47.0,16.308322809434635,63.308322809434635
122613_1767714000,122613,2026-01-06 15:40:00,3,0.0,15.99333502343113,15.99333502343113
131672_1767714000,131672,2026-01-06 15:40:00,3,67.0,27.608084989944103,39.3919150100559
122048_1767714000,122048,2026-01-06 15:40:00,3,0.0,-36.12339250313843,36.12339250313843
130238_1767714000,130238,2026-01-06 15:40:00,3,-41.0,-11.826730926971077,29.173269073028923
122658_1767714000,122658,2026-01-06 15:40:00,3,225.0,202.75773534265625,22.242264657343753
122613_1767714300,122613,2026-01-06 15:45:00,3,0.0,24.792246196977835,24.792246196977835
130238_1767714300,130238,2026-01-06 15:45:00,3,-45.0,-40.42717988467403,4.5728201153259675
122048_1767714300,122048,2026-01-06 15:45:00,3,0.0,-64.91521717685383,64.91521717685383
131672_1767714300,131672,2026-01-06 15:45:00,3,70.0,12.156070060810778,57.84392993918922
122658_1767714300,122658,2026-01-06 15:45:00,3,348.0,94.10239564301263,253.89760435698736
122048_1767714600,122048,2026-01-06 15:50:00,3,0.0,-16.97352199661504,16.97352199661504
122613_1767714600,122613,2026-01-06 15:50:00,3,0.0,9.96433913971136,9.96433913971136
130238_1767714600,130238,2026-01-06 15:50:00,3,-30.0,-8.122609820571133,21.877390179428865
122658_1767714600,122658,2026-01-06 15:50:00,3,362.0,241.66122977470917,120.33877022529083
131672_1767714600,131672,2026-01-06 15:50:00,3,13.0,6.571792458886326,6.428207541113674
122613_1767714900,122613,2026-01-06 15:55:00,3,0.0,-2.3259571940540567,2.3259571940540567
130238_1767714900,130238,2026-01-06 15:55:00,3,-78.0,-13.351668812512749,64.64833118748726
122658_1767714900,122658,2026-01-06 15:55:00,3,2.0,68.16720831208457,66.16720831208457
122048_1767714900,122048,2026-01-06 15:55:00,3,0.0,31.66357056996185,31.66357056996185
131672_1767714900,131672,2026-01-06 15:55:00,3,-150.0,-47.72181443135523,102.27818556864477
122048_1767715200,122048,2026-01-06 16:00:00,3,0.0,38.647300914574444,38.647300914574444
122658_1767715200,122658,2026-01-06 16:00:00,3,0.0,44.62704875103814,44.62704875103814
132430_1767715200,132430,2026-01-06 16:00:00,3,485.0,415.11856373917084,69.88143626082916
122613_1767715200,122613,2026-01-06 16:00:00,3,0.0,43.79010516442689,43.79010516442689
130238_1767715200,130238,2026-01-06 16:00:00,3,-97.0,-10.601295480678539,86.39870451932146
122658_1767715500,122658,2026-01-06 16:05:00,3,0.0,88.24272845846716,88.24272845846716
132430_1767715500,132430,2026-01-06 16:05:00,3,483.0,366.37462488129177,116.62537511870823
122048_1767715500,122048,2026-01-06 16:05:00,3,0.0,64.57872932982053,64.57872932982053
122613_1767715500,122613,2026-01-06 16:05:00,3,0.0,27.092109344818002,27.092109344818002
122048_1767715800,122048,2026-01-06 16:10:00,3,0.0,47.63241169656522,47.63241169656522
122658_1767715800,122658,2026-01-06 16:10:00,3,0.0,41.89857664640371,41.89857664640371
122048_1767716100,122048,2026-01-06 16:15:00,3,0.0,70.34162541724916,70.34162541724916
122658_1767716100,122658,2026-01-06 16:15:00,3,0.0,24.681055574310115,24.681055574310115
122048_1767716400,122048,2026-01-06 16:20:00,3,0.0,88.56818544887956,88.56818544887956
133957_1767716400,133957,2026-01-06 16:20:00,3,115.0,83.95567126497271,31.044328735027293
130238_1767716400,130238,2026-01-06 16:20:00,3,98.0,85.4251841963062,12.574815803693795
122658_1767716400,122658,2026-01-06 16:20:00,3,0.0,38.511883785933236,38.511883785933236
133957_1767716700,133957,2026-01-06 16:25:00,3,104.0,72.38407472197295,31.61592527802705
130238_1767716700,130238,2026-01-06 16:25:00,3,9.0,-25.40025030747121,34.40025030747121
122048_1767716700,122048,2026-01-06 16:25:00,3,0.0,60.13612422728685,60.13612422728685
122658_1767716700,122658,2026-01-06 16:25:00,3,0.0,13.249930589579181,13.249930589579181
130238_1767717000,130238,2026-01-06 16:30:00,3,-55.0,-25.62086107204384,29.37913892795616
135081_1767717000,135081,2026-01-06 16:30:00,3,92.0,51.993878455962985,40.006121544037015
135081_1767717300,135081,2026-01-06 16:35:00,3,-22.0,-47.321338463844214,25.321338463844214
135081_1767717600,135081,2026-01-06 16:40:00,3,-133.0,-36.288261133255126,96.71173886674487
135081_1767717900,135081,2026-01-06 16:45:00,3,-127.0,-55.9321367940308,71.0678632059692
135081_1767718200,135081,2026-01-06 16:50:00,3,-51.0,-25.861629975440618,25.138370024559382
135081_1767718500,135081,2026-01-06 16:55:00,3,-77.0,-53.728131909883565,23.271868090116435
133957_1767718800,133957,2026-01-06 17:00:00,3,-35.0,-5.9514303137920805,29.04856968620792
135081_1767718800,135081,2026-01-06 17:00:00,3,-153.0,-116.57507025470275,36.42492974529725
135081_1767719100,135081,2026-01-06 17:05:00,3,-144.0,-85.05505718999063,58.944942810009366
133957_1767719100,133957,2026-01-06 17:05:00,3,-113.0,-39.145847057402754,73.85415294259724
135081_1767719400,135081,2026-01-06 17:10:00,3,-123.0,-26.872928334998587,96.12707166500141
133957_1767719400,133957,2026-01-06 17:10:00,3,-174.0,-15.779527057109272,158.22047294289072
135081_1767719700,135081,2026-01-06 17:15:00,3,-137.0,-49.88287747558017,87.11712252441983
133957_1767719700,133957,2026-01-06 17:15:00,3,-173.0,-97.4147192402696,75.5852807597304
122048_1767720000,122048,2026-01-06 17:20:00,3,-336.0,-313.5353188391054,22.4646811608946
133957_1767720000,133957,2026-01-06 17:20:00,3,-218.0,-97.40050494414426,120.59949505585574
135081_1767720000,135081,2026-01-06 17:20:00,3,-199.0,-105.04719165644951,93.95280834355049
135081_1767720300,135081,2026-01-06 17:25:00,3,-231.0,-124.73424126904187,106.26575873095813
122048_1767720300,122048,2026-01-06 17:25:00,3,-130.0,-52.94346201010802,77.05653798989198
122048_1767720600,122048,2026-01-06 17:30:00,3,-32.0,-18.32053536095785,13.679464639042148
135081_1767720600,135081,2026-01-06 17:30:00,3,-180.0,-37.042186415762515,142.9578135842375
122048_1767720900,122048,2026-01-06 17:35:00,3,-32.0,-16.697461007193127,15.302538992806873
135081_1767720900,135081,2026-01-06 17:35:00,3,-34.0,30.345515657909885,64.34551565790989
133957_1767720900,133957,2026-01-06 17:35:00,3,67.0,29.053391485169413,37.94660851483059
133957_1767721200,133957,2026-01-06 17:40:00,3,28.0,47.070772786619,19.070772786619003
122048_1767721200,122048,2026-01-06 17:40:00,3,-108.0,68.35218166512226,176.35218166512226
135081_1767721200,135081,2026-01-06 17:40:00,3,4.0,19.520125252644092,15.520125252644092
135081_1767721500,135081,2026-01-06 17:45:00,3,12.0,24.002818769701406,12.002818769701406
122048_1767721500,122048,2026-01-06 17:45:00,3,-141.0,-71.74462995044973,69.25537004955027
133957_1767721500,133957,2026-01-06 17:45:00,3,83.0,86.28712874604352,3.2871287460435212
122048_1767721800,122048,2026-01-06 17:50:00,3,-174.0,-67.08935378625453,106.91064621374547
133957_1767721800,133957,2026-01-06 17:50:00,3,-28.0,65.62598296844796,93.62598296844796
135081_1767721800,135081,2026-01-06 17:50:00,3,48.0,29.095214794772097,18.904785205227903
122048_1767722100,122048,2026-01-06 17:55:00,3,-157.0,-61.551657796483326,95.44834220351667
132430_1767722400,132430,2026-01-06 18:00:00,3,380.0,358.09795475512163,21.902045244878366
134040_1767722400,134040,2026-01-06 18:00:00,3,107.0,130.89610825453562,23.89610825453562
122048_1767722400,122048,2026-01-06 18:00:00,3,-146.0,-64.71088701838978,81.28911298161022
134040_1767722700,134040,2026-01-06 18:05:00,3,295.0,229.25939601231266,65.74060398768734
132430_1767722700,132430,2026-01-06 18:05:00,3,324.0,355.69470163478536,31.69470163478536
134040_1767723000,134040,2026-01-06 18:10:00,3,407.0,321.64255546305566,85.35744453694434
132430_1767723000,132430,2026-01-06 18:10:00,3,452.0,392.3951084316918,59.604891568308176
132430_1767723300,132430,2026-01-06 18:15:00,3,333.0,288.458429453263,44.54157054673698
134040_1767723300,134040,2026-01-06 18:15:00,3,342.0,319.30094097792403,22.69905902207597
134040_1767723600,134040,2026-01-06 18:20:00,3,401.0,374.1322662460996,26.86773375390038
132430_1767723600,132430,2026-01-06 18:20:00,3,310.0,306.50680726999,3.49319273000998
132430_1767723900,132430,2026-01-06 18:25:00,3,285.0,340.7038790530454,55.7038790530454
134040_1767723900,134040,2026-01-06 18:25:00,3,487.0,360.7270026877887,126.27299731221132
132430_1767724200,132430,2026-01-06 18:30:00,3,309.0,320.24267714692735,11.242677146927349
134040_1767724200,134040,2026-01-06 18:30:00,3,465.0,337.40279873620113,127.59720126379887
131672_1767724200,131672,2026-01-06 18:30:00,3,368.0,369.7508604401504,1.7508604401504044
134040_1767724500,134040,2026-01-06 18:35:00,3,409.0,328.3579395943564,80.64206040564358
132430_1767724500,132430,2026-01-06 18:35:00,3,299.0,329.49440221815223,30.49440221815223
132430_1767724800,132430,2026-01-06 18:40:00,3,45.0,100.5605152926726,55.560515292672605
135081_1767726000,135081,2026-01-06 19:00:00,3,311.0,133.9421573004715,177.0578426995285
134040_1767735000,134040,2026-01-06 21:30:00,3,434.0,128.6237149743432,305.3762850256568
130072_1767735300,130072,2026-01-06 21:35:00,3,0.0,66.69053558113747,66.69053558113747
134040_1767735300,134040,2026-01-06 21:35:00,3,434.0,134.54140379466995,299.4585962053301
130072_1767735600,130072,2026-01-06 21:40:00,3,0.0,25.538868064631128,25.538868064631128
134040_1767735900,134040,2026-01-06 21:45:00,3,0.0,23.899210551907846,23.899210551907846
130072_1767735900,130072,2026-01-06 21:45:00,3,0.0,14.206997141735432,14.206997141735432
130072_1767736200,130072,2026-01-06 21:50:00,3,0.0,12.710123074480725,12.710123074480725
130072_1767736500,130072,2026-01-06 21:55:00,3,0.0,11.505294900181966,11.505294900181966
134494_1767742200,134494,2026-01-06 23:30:00,3,0.0,-0.4561783939923535,0.4561783939923535
134494_1767742500,134494,2026-01-06 23:35:00,3,0.0,1.640097579355143,1.640097579355143
133300_1767713100,133300,2026-01-06 15:25:00,4,-9.0,29.373747630069833,38.37374763006983
129964_1767713400,129964,2026-01-06 15:30:00,4,-129.0,-85.13573902672563,43.86426097327437
129964_1767713700,129964,2026-01-06 15:35:00,4,-33.0,-46.99206837483524,13.992068374835242
129964_1767714000,129964,2026-01-06 15:40:00,4,25.0,18.752541772863584,6.247458227136416
129964_1767714300,129964,2026-01-06 15:45:00,4,8.0,19.439959199475407,11.439959199475407
129964_1767714600,129964,2026-01-06 15:50:00,4,-49.0,-33.13217418807901,15.867825811920987
129964_1767714900,129964,2026-01-06 15:55:00,4,-82.0,-50.16483298512423,31.835167014875772
133300_1767715200,133300,2026-01-06 16:00:00,4,22.0,43.89698718380081,21.89698718380081
129964_1767715200,129964,2026-01-06 16:00:00,4,-134.0,-94.12554474489326,39.87445525510674
129964_1767715500,129964,2026-01-06 16:05:00,4,-115.0,-66.69083587261518,48.30916412738482
133300_1767715500,133300,2026-01-06 16:05:00,4,-24.0,14.481399612961287,38.48139961296128
122613_1767715800,122613,2026-01-06 16:10:00,4,-18.0,-20.087232973910467,2.087232973910467
133300_1767715800,133300,2026-01-06 16:10:00,4,-87.0,6.573030544037233,93.57303054403724
129964_1767715800,129964,2026-01-06 16:10:00,4,-2.0,-27.066808652021706,25.066808652021706
133300_1767716100,133300,2026-01-06 16:15:00,4,-38.0,63.32343448262,101.32343448262
122613_1767716100,122613,2026-01-06 16:15:00,4,11.0,-10.000203083435807,21.000203083435807
129964_1767716100,129964,2026-01-06 16:15:00,4,-46.0,-85.56781426788412,39.56781426788412
133300_1767716400,133300,2026-01-06 16:20:00,4,207.0,131.9156571854006,75.08434281459941
129964_1767716400,129964,2026-01-06 16:20:00,4,-13.0,-18.56020386490307,5.56020386490307
122613_1767716400,122613,2026-01-06 16:20:00,4,-88.0,-49.63016806097977,38.36983193902023
122613_1767716700,122613,2026-01-06 16:25:00,4,-27.0,-31.277710697991445,4.277710697991445
129964_1767716700,129964,2026-01-06 16:25:00,4,303.0,-8.988416016102867,311.98841601610286
122658_1767717000,122658,2026-01-06 16:30:00,4,0.0,48.51187747255465,48.51187747255465
122613_1767717000,122613,2026-01-06 16:30:00,4,-62.0,-30.992340425828576,31.007659574171424
129964_1767717300,129964,2026-01-06 16:35:00,4,-111.0,-102.80610257029802,8.193897429701977
130238_1767717300,130238,2026-01-06 16:35:00,4,-41.0,12.859833485444588,53.85983348544459
122613_1767717300,122613,2026-01-06 16:35:00,4,-54.0,-33.693382324591276,20.306617675408724
122613_1767717600,122613,2026-01-06 16:40:00,4,-11.0,-20.39251300845181,9.392513008451811
130238_1767717600,130238,2026-01-06 16:40:00,4,-57.0,6.677192880490416,63.677192880490416
129964_1767717600,129964,2026-01-06 16:40:00,4,-126.0,-111.4871346648617,14.5128653351383
122658_1767717600,122658,2026-01-06 16:40:00,4,-46.0,-15.133825994932067,30.866174005067933
122613_1767717900,122613,2026-01-06 16:45:00,4,55.0,-3.3449453161424922,58.34494531614249
122658_1767717900,122658,2026-01-06 16:45:00,4,38.0,48.31424402046052,10.31424402046052
129964_1767717900,129964,2026-01-06 16:45:00,4,38.0,-24.18520132503606,62.18520132503606
130238_1767717900,130238,2026-01-06 16:45:00,4,-92.0,-2.5854154632107793,89.41458453678922
129964_1767718200,129964,2026-01-06 16:50:00,4,57.0,-2.464773710522134,59.46477371052213
130238_1767718200,130238,2026-01-06 16:50:00,4,-38.0,12.62305499666865,50.62305499666865
122613_1767718200,122613,2026-01-06 16:50:00,4,72.0,26.35280592661767,45.64719407338233
122658_1767718200,122658,2026-01-06 16:50:00,4,39.0,65.05692264390926,26.05692264390926
122658_1767718500,122658,2026-01-06 16:55:00,4,63.0,115.68779354500387,52.68779354500387
122613_1767718500,122613,2026-01-06 16:55:00,4,72.0,64.98101672414968,7.018983275850317
129964_1767718500,129964,2026-01-06 16:55:00,4,71.0,14.049026443364738,56.95097355663526
130238_1767718500,130238,2026-01-06 16:55:00,4,-3.0,10.204201688319772,13.204201688319772
130238_1767718800,130238,2026-01-06 17:00:00,4,-85.0,-4.4183883143832094,80.58161168561679
122658_1767718800,122658,2026-01-06 17:00:00,4,107.0,167.3348568908263,60.3348568908263
129964_1767718800,129964,2026-01-06 17:00:00,4,39.0,8.92370395798873,30.076296042011272
133300_1767718800,133300,2026-01-06 17:00:00,4,231.0,161.44327675232375,69.55672324767625
129964_1767719100,129964,2026-01-06 17:05:00,4,-44.0,-52.437124751526014,8.437124751526014
130238_1767719100,130238,2026-01-06 17:05:00,4,99.0,51.54003752829007,47.45996247170993
122658_1767719100,122658,2026-01-06 17:05:00,4,88.0,175.0329781904853,87.0329781904853
122658_1767719400,122658,2026-01-06 17:10:00,4,0.0,74.20614326937007,74.20614326937007
130238_1767719400,130238,2026-01-06 17:10:00,4,160.0,43.16320012146011,116.83679987853989
133300_1767719400,133300,2026-01-06 17:10:00,4,-24.0,0.5286512306106452,24.528651230610645
129964_1767719400,129964,2026-01-06 17:10:00,4,-130.0,-67.16303214005958,62.836967859940415
122658_1767719700,122658,2026-01-06 17:15:00,4,0.0,10.56072026586068,10.56072026586068
130238_1767719700,130238,2026-01-06 17:15:00,4,134.0,71.04841361793287,62.951586382067134
129964_1767719700,129964,2026-01-06 17:15:00,4,-135.0,-81.95609265123295,53.04390734876705
133300_1767719700,133300,2026-01-06 17:15:00,4,22.0,25.22197991369474,3.2219799136947387
133300_1767720000,133300,2026-01-06 17:20:00,4,-46.0,-21.060327636346575,24.939672363653425
130238_1767720000,130238,2026-01-06 17:20:00,4,35.0,42.28156882994236,7.281568829942358
122658_1767720000,122658,2026-01-06 17:20:00,4,0.0,35.320326829692796,35.320326829692796
129964_1767720000,129964,2026-01-06 17:20:00,4,-14.0,-18.82261850915647,4.82261850915647
133300_1767720300,133300,2026-01-06 17:25:00,4,-26.0,-5.77636460849516,20.22363539150484
129964_1767720300,129964,2026-01-06 17:25:00,4,-105.0,-43.986835589046045,61.013164410953955
130238_1767720300,130238,2026-01-06 17:25:00,4,41.0,65.33251863416972,24.332518634169716
122658_1767720300,122658,2026-01-06 17:25:00,4,0.0,33.440849227763564,33.440849227763564
129964_1767720600,129964,2026-01-06 17:30:00,4,-10.0,-34.7513996399604,24.751399639960397
122658_1767720600,122658,2026-01-06 17:30:00,4,0.0,35.64788415837638,35.64788415837638
130238_1767720600,130238,2026-01-06 17:30:00,4,-64.0,20.052108935803574,84.05210893580357
130238_1767720900,130238,2026-01-06 17:35:00,4,-125.0,-12.392952226844724,112.60704777315527
122658_1767720900,122658,2026-01-06 17:35:00,4,0.0,41.350266329320824,41.350266329320824
129964_1767720900,129964,2026-01-06 17:35:00,4,49.0,-12.32082601595586,61.32082601595586
130238_1767721200,130238,2026-01-06 17:40:00,4,-103.0,-37.83945625949077,65.16054374050924
122658_1767721200,122658,2026-01-06 17:40:00,4,0.0,25.64844371489155,25.64844371489155
130238_1767721500,130238,2026-01-06 17:45:00,4,-170.0,-63.1234534695479,106.8765465304521
133957_1767722100,133957,2026-01-06 17:55:00,4,-73.0,30.070417577587573,103.07041757758758
133300_1767722400,133300,2026-01-06 18:00:00,4,310.0,253.43296861444594,56.56703138555406
133300_1767722700,133300,2026-01-06 18:05:00,4,406.0,378.87373762505086,27.126262374949135
122048_1767722700,122048,2026-01-06 18:05:00,4,-104.0,-75.45518187090177,28.544818129098232
133300_1767723000,133300,2026-01-06 18:10:00,4,580.0,454.864004830134,125.13599516986602
122048_1767723000,122048,2026-01-06 18:10:00,4,-70.0,-38.74282728374188,31.25717271625812
122048_1767723300,122048,2026-01-06 18:15:00,4,48.0,25.100908414918543,22.899091585081457
122048_1767723600,122048,2026-01-06 18:20:00,4,66.0,39.770501971713884,26.229498028286116
133300_1767723600,133300,2026-01-06 18:20:00,4,-5.0,42.8158538207783,47.8158538207783
122048_1767723900,122048,2026-01-06 18:25:00,4,50.0,36.04343701904396,13.956562980956043
122048_1767724200,122048,2026-01-06 18:30:00,4,35.0,11.380927016793315,23.619072983206685
131672_1767724500,131672,2026-01-06 18:35:00,4,365.0,337.7228157962792,27.27718420372082
122048_1767724500,122048,2026-01-06 18:35:00,4,133.0,135.7007897469675,2.7007897469675015
122048_1767724800,122048,2026-01-06 18:40:00,4,250.0,254.1173357649694,4.117335764969397
132430_1767725100,132430,2026-01-06 18:45:00,4,45.0,88.75044975731154,43.75044975731154
122048_1767725100,122048,2026-01-06 18:45:00,4,274.0,298.53155501583774,24.53155501583774
132430_1767725400,132430,2026-01-06 18:50:00,4,-1.0,75.35901391957081,76.35901391957081
122048_1767725400,122048,2026-01-06 18:50:00,4,356.0,348.3081269870763,7.691873012923679
122048_1767725700,122048,2026-01-06 18:55:00,4,417.0,249.14396661985063,167.85603338014937
132430_1767725700,132430,2026-01-06 18:55:00,4,27.0,94.7053071898817,67.7053071898817
122048_1767726000,122048,2026-01-06 19:00:00,4,481.0,371.66564872583064,109.33435127416936
122048_1767726300,122048,2026-01-06 19:05:00,4,523.0,410.9593169288403,112.04068307115972
135081_1767726300,135081,2026-01-06 19:05:00,4,146.0,94.85646992135082,51.14353007864918
135081_1767726600,135081,2026-01-06 19:10:00,4,53.0,14.29976145170066,38.70023854829934
131672_1767726900,131672,2026-01-06 19:15:00,4,-3.0,4.33962049729342,7.33962049729342
135081_1767726900,135081,2026-01-06 19:15:00,4,-68.0,-17.019836003902352,50.980163996097644
131672_1767727200,131672,2026-01-06 19:20:00,4,-9.0,23.992127035376544,32.99212703537654
122048_1767727200,122048,2026-01-06 19:20:00,4,-54.0,1.1434049817075904,55.14340498170759
135081_1767727200,135081,2026-01-06 19:20:00,4,-32.0,43.563219861731284,75.56321986173128
135081_1767727500,135081,2026-01-06 19:25:00,4,-15.0,7.710726766627908,22.710726766627907
131672_1767727500,131672,2026-01-06 19:25:00,4,163.0,121.14660840558174,41.853391594418255
131672_1767727800,131672,2026-01-06 19:30:00,4,302.0,282.82798642533913,19.172013574660866
131672_1767728100,131672,2026-01-06 19:35:00,4,382.0,340.3002044498712,41.69979555012878
131672_1767728400,131672,2026-01-06 19:40:00,4,359.0,337.2498564252511,21.750143574748904
122048_1767728700,122048,2026-01-06 19:45:00,4,-348.0,-290.4162911869133,57.58370881308667
131672_1767728700,131672,2026-01-06 19:45:00,4,492.0,391.02398886128793,100.97601113871207
133957_1767729000,133957,2026-01-06 19:50:00,4,39.0,50.39745766046871,11.39745766046871
122048_1767729000,122048,2026-01-06 19:50:00,4,-142.0,-36.40314329186541,105.5968567081346
131672_1767729000,131672,2026-01-06 19:50:00,4,533.0,458.0876917989418,74.91230820105818
122048_1767729300,122048,2026-01-06 19:55:00,4,36.0,20.916061063897605,15.083938936102395
131672_1767729300,131672,2026-01-06 19:55:00,4,478.0,425.245651635583,52.75434836441701
133957_1767729300,133957,2026-01-06 19:55:00,4,171.0,121.30707649176155,49.69292350823845
131672_1767729600,131672,2026-01-06 20:00:00,4,557.0,444.09896797973187,112.90103202026813
133957_1767729600,133957,2026-01-06 20:00:00,4,141.0,113.77198888536896,27.228011114631045
122048_1767729600,122048,2026-01-06 20:00:00,4,41.0,80.29314960580936,39.29314960580936
132430_1767729600,132430,2026-01-06 20:00:00,4,21.0,82.51187156487835,61.51187156487835
122048_1767729900,122048,2026-01-06 20:05:00,4,93.0,135.0580736652059,42.05807366520591
133957_1767729900,133957,2026-01-06 20:05:00,4,126.0,120.22898259314296,5.771017406857041
132430_1767729900,132430,2026-01-06 20:05:00,4,177.0,143.665880274047,33.334119725953
122048_1767730200,122048,2026-01-06 20:10:00,4,99.0,107.89326933452811,8.893269334528114
133957_1767730200,133957,2026-01-06 20:10:00,4,83.0,86.51121007922413,3.511210079224128
132430_1767730200,132430,2026-01-06 20:10:00,4,173.0,142.82409027253522,30.175909727464784
133957_1767730500,133957,2026-01-06 20:15:00,4,53.0,67.10489805719007,14.10489805719007
122048_1767730500,122048,2026-01-06 20:15:00,4,-3.0,84.74092283514287,87.74092283514287
132430_1767730500,132430,2026-01-06 20:15:00,4,146.0,123.27574030628818,22.724259693711815
122048_1767730800,122048,2026-01-06 20:20:00,4,25.0,61.77303670023919,36.77303670023919
133957_1767730800,133957,2026-01-06 20:20:00,4,38.0,75.77601802472708,37.77601802472708
132430_1767730800,132430,2026-01-06 20:20:00,4,234.0,192.47656185681961,41.523438143180385
133957_1767731100,133957,2026-01-06 20:25:00,4,59.0,69.16903139868974,10.16903139868974
122048_1767731100,122048,2026-01-06 20:25:00,4,4.0,27.223631744058945,23.223631744058945
132430_1767731100,132430,2026-01-06 20:25:00,4,277.0,242.22401996765447,34.77598003234553
132430_1767731400,132430,2026-01-06 20:30:00,4,192.0,211.32047298624084,19.320472986240844
133957_1767731400,133957,2026-01-06 20:30:00,4,46.0,59.838795653546924,13.838795653546924
133957_1767731700,133957,2026-01-06 20:35:00,4,116.0,71.25082326159489,44.74917673840511
132430_1767731700,132430,2026-01-06 20:35:00,4,201.0,145.54528608736908,55.45471391263092
131672_1767732000,131672,2026-01-06 20:40:00,4,32.0,20.76369413841988,11.23630586158012
132430_1767732000,132430,2026-01-06 20:40:00,4,167.0,188.0999852158888,21.099985215888807
133957_1767732000,133957,2026-01-06 20:40:00,4,129.0,100.87452210915436,28.125477890845644
132430_1767732300,132430,2026-01-06 20:45:00,4,337.0,299.14415147256744,37.855848527432556
131672_1767732300,131672,2026-01-06 20:45:00,4,16.0,12.632599589177328,3.367400410822672
132430_1767732600,132430,2026-01-06 20:50:00,4,338.0,320.0644830589698,17.935516941030187
133957_1767732600,133957,2026-01-06 20:50:00,4,39.0,44.43097100879877,5.430971008798771
131672_1767732600,131672,2026-01-06 20:50:00,4,34.0,57.512551394284124,23.512551394284124
135081_1767732600,135081,2026-01-06 20:50:00,4,79.0,71.16736859429491,7.8326314057050865
131672_1767732900,131672,2026-01-06 20:55:00,4,41.0,115.12221509971496,74.12221509971496
133957_1767732900,133957,2026-01-06 20:55:00,4,-49.0,39.96060247079582,88.96060247079582
132430_1767732900,132430,2026-01-06 20:55:00,4,238.0,186.65562923823356,51.34437076176644
135081_1767732900,135081,2026-01-06 20:55:00,4,136.0,89.86100356465727,46.13899643534273
135081_1767733200,135081,2026-01-06 21:00:00,4,40.0,43.45397959327278,3.453979593272777
133957_1767733200,133957,2026-01-06 21:00:00,4,59.0,68.22839861186237,9.228398611862374
122048_1767733200,122048,2026-01-06 21:00:00,4,0.0,42.12950102789546,42.12950102789546
132430_1767733200,132430,2026-01-06 21:00:00,4,153.0,186.61520757020782,33.615207570207815
122048_1767733500,122048,2026-01-06 21:05:00,4,0.0,55.09805410351503,55.09805410351503
132430_1767733500,132430,2026-01-06 21:05:00,4,168.0,178.67852483408407,10.678524834084072
133957_1767733500,133957,2026-01-06 21:05:00,4,28.0,53.90237173833314,25.902371738333137
135081_1767733500,135081,2026-01-06 21:05:00,4,44.0,30.318853424236806,13.681146575763194
135081_1767733800,135081,2026-01-06 21:10:00,4,51.0,100.42471488523755,49.42471488523755
133957_1767733800,133957,2026-01-06 21:10:00,4,15.0,-3.435028917689732,18.43502891768973
122048_1767733800,122048,2026-01-06 21:10:00,4,0.0,91.61623343838124,91.61623343838124
132430_1767733800,132430,2026-01-06 21:10:00,4,179.0,201.11409133362352,22.11409133362352
135081_1767734100,135081,2026-01-06 21:15:00,4,-16.0,26.529103292771026,42.529103292771026
133957_1767734100,133957,2026-01-06 21:15:00,4,45.0,28.786576709218085,16.213423290781915
122048_1767734100,122048,2026-01-06 21:15:00,4,0.0,33.708735299983275,33.708735299983275
132430_1767734100,132430,2026-01-06 21:15:00,4,96.0,148.3153347690977,52.31533476909769
133957_1767734400,133957,2026-01-06 21:20:00,4,7.0,52.56142661256102,45.56142661256102
135081_1767734400,135081,2026-01-06 21:20:00,4,-59.0,-32.604337036967976,26.395662963032024
122048_1767734400,122048,2026-01-06 21:20:00,4,0.0,36.34899553830008,36.34899553830008
135081_1767734700,135081,2026-01-06 21:25:00,4,-170.0,-78.47332603018413,91.52667396981587
122048_1767734700,122048,2026-01-06 21:25:00,4,0.0,41.95994512859016,41.95994512859016
133957_1767734700,133957,2026-01-06 21:25:00,4,65.0,70.4427048888968,5.442704888896799
133957_1767735000,133957,2026-01-06 21:30:00,4,21.0,51.69186873083986,30.691868730839857
133957_1767735300,133957,2026-01-06 21:35:00,4,50.0,52.008603697798094,2.008603697798094
133957_1767735600,133957,2026-01-06 21:40:00,4,77.0,82.94412403863049,5.944124038630491
134040_1767736200,134040,2026-01-06 21:50:00,4,0.0,43.39149489294844,43.39149489294844
134040_1767736500,134040,2026-01-06 21:55:00,4,0.0,23.604872688839116,23.604872688839116
134040_1767736800,134040,2026-01-06 22:00:00,4,0.0,-4.3695782789996,4.3695782789996
135081_1767736800,135081,2026-01-06 22:00:00,4,-98.0,-8.637813922610164,89.36218607738984
133957_1767736800,133957,2026-01-06 22:00:00,4,32.0,33.54792155108871,1.547921551088713
133957_1767737100,133957,2026-01-06 22:05:00,4,-8.0,18.461260316076526,26.461260316076526
135081_1767737100,135081,2026-01-06 22:05:00,4,37.0,-7.539370341174325,44.539370341174326
134040_1767737100,134040,2026-01-06 22:05:00,4,0.0,25.027599289060262,25.027599289060262
133957_1767737400,133957,2026-01-06 22:10:00,4,27.0,75.33226369112792,48.33226369112792
135081_1767737400,135081,2026-01-06 22:10:00,4,13.0,15.334227502571853,2.334227502571853
134040_1767737400,134040,2026-01-06 22:10:00,4,0.0,39.665302839817045,39.665302839817045
133957_1767737700,133957,2026-01-06 22:15:00,4,-22.0,56.72961602073011,78.7296160207301
135081_1767737700,135081,2026-01-06 22:15:00,4,172.0,77.97372825133047,94.02627174866953
134040_1767737700,134040,2026-01-06 22:15:00,4,0.0,12.712546879356646,12.712546879356646
134040_1767738000,134040,2026-01-06 22:20:00,4,0.0,21.129874481510903,21.129874481510903
132430_1767738000,132430,2026-01-06 22:20:00,4,90.0,95.26863752605723,5.268637526057233
135081_1767738000,135081,2026-01-06 22:20:00,4,87.0,80.84406208463925,6.155937915360752
133957_1767738000,133957,2026-01-06 22:20:00,4,-77.0,-1.5314394356258245,75.46856056437417
135081_1767738300,135081,2026-01-06 22:25:00,4,73.0,74.82967331610625,1.829673316106252
134040_1767738300,134040,2026-01-06 22:25:00,4,0.0,5.803830528505833,5.803830528505833
132430_1767738300,132430,2026-01-06 22:25:00,4,108.0,127.14999521645453,19.149995216454528
134040_1767738600,134040,2026-01-06 22:30:00,4,0.0,31.48662052914088,31.48662052914088
134040_1767738900,134040,2026-01-06 22:35:00,4,0.0,15.763638766048963,15.763638766048963
134040_1767739200,134040,2026-01-06 22:40:00,4,0.0,36.74951406864578,36.74951406864578
134040_1767739500,134040,2026-01-06 22:45:00,4,0.0,10.37390677648877,10.37390677648877
134040_1767739800,134040,2026-01-06 22:50:00,4,0.0,-12.657092451270511,12.657092451270511
134040_1767740100,134040,2026-01-06 22:55:00,4,0.0,-15.29041045825269,15.29041045825269
134040_1767740400,134040,2026-01-06 23:00:00,4,0.0,-3.380631045335792,3.380631045335792
132430_1767740400,132430,2026-01-06 23:00:00,4,151.0,127.18056927921286,23.81943072078714
130072_1767740700,130072,2026-01-06 23:05:00,4,0.0,2.216665372269544,2.216665372269544
132430_1767740700,132430,2026-01-06 23:05:00,4,124.0,130.7133434883927,6.713343488392695
134040_1767740700,134040,2026-01-06 23:05:00,4,0.0,29.125253693677337,29.125253693677337
132430_1767741000,132430,2026-01-06 23:10:00,4,60.0,87.41126376620561,27.411263766205607
130072_1767741000,130072,2026-01-06 23:10:00,4,0.0,21.372684843828633,21.372684843828633
130072_1767741300,130072,2026-01-06 23:15:00,4,0.0,34.22825096708048,34.22825096708048
132430_1767741300,132430,2026-01-06 23:15:00,4,85.0,78.429698165023,6.570301834977002
132430_1767741600,132430,2026-01-06 23:20:00,4,189.0,142.3075992643363,46.69240073566371
130072_1767741600,130072,2026-01-06 23:20:00,4,0.0,24.33248218253651,24.33248218253651
132430_1767741900,132430,2026-01-06 23:25:00,4,160.0,110.98924354403029,49.01075645596971
130072_1767741900,130072,2026-01-06 23:25:00,4,0.0,26.607606368195885,26.607606368195885
132430_1767742200,132430,2026-01-06 23:30:00,4,74.0,101.0582840690818,27.058284069081793
134494_1767742800,134494,2026-01-06 23:40:00,4,0.0,10.063670219150493,10.063670219150493
134494_1767743100,134494,2026-01-06 23:45:00,4,0.0,70.74797658244245,70.74797658244245
132430_1767743400,132430,2026-01-06 23:50:00,4,91.0,97.4510491975193,6.451049197519296
132430_1767743700,132430,2026-01-06 23:55:00,4,154.0,132.83092883022988,21.16907116977012
