sample_id,tr_id,T,fold,target,prediction,error,abs_error
122048_1767665400,122048,2026-01-06 02:10:00,0,-25.0,16.087336110997676,-41.087336110997676,41.087336110997676
122048_1767665700,122048,2026-01-06 02:15:00,0,0.0,44.45518000480604,-44.45518000480604,44.45518000480604
122048_1767666000,122048,2026-01-06 02:20:00,0,0.0,11.106591996710499,-11.106591996710499,11.106591996710499
122048_1767666300,122048,2026-01-06 02:25:00,0,0.0,-4.154651423435439,4.154651423435439,4.154651423435439
122048_1767666600,122048,2026-01-06 02:30:00,0,0.0,2.69923635307417,-2.69923635307417,2.69923635307417
133957_1767666600,133957,2026-01-06 02:30:00,0,-32.0,-24.09956649160297,-7.900433508397029,7.900433508397029
129964_1767666600,129964,2026-01-06 02:30:00,0,44.0,13.87227336037735,30.12772663962265,30.12772663962265
133957_1767666900,133957,2026-01-06 02:35:00,0,-32.0,1.5943032249691598,-33.59430322496916,33.59430322496916
132430_1767666900,132430,2026-01-06 02:35:00,0,46.0,56.33347969308525,-10.333479693085252,10.333479693085252
122048_1767666900,122048,2026-01-06 02:35:00,0,0.0,-2.0956646244842503,2.0956646244842503,2.0956646244842503
129964_1767666900,129964,2026-01-06 02:35:00,0,16.0,-4.8357472787554485,20.83574727875545,20.83574727875545
133957_1767667200,133957,2026-01-06 02:40:00,0,17.0,16.044736124647542,0.9552638753524576,0.9552638753524576
132430_1767667200,132430,2026-01-06 02:40:00,0,102.0,63.03895324078677,38.96104675921323,38.96104675921323
122048_1767667200,122048,2026-01-06 02:40:00,0,0.0,-3.201704855600873,3.201704855600873,3.201704855600873
129964_1767667200,129964,2026-01-06 02:40:00,0,-27.0,-28.505239846197625,1.5052398461976253,1.5052398461976253
132430_1767667500,132430,2026-01-06 02:45:00,0,-23.0,-0.5781739436122209,-22.42182605638778,22.42182605638778
122048_1767667500,122048,2026-01-06 02:45:00,0,0.0,-9.485185777670054,9.485185777670054,9.485185777670054
129964_1767667500,129964,2026-01-06 02:45:00,0,2.0,56.38206870601333,-54.38206870601333,54.38206870601333
133957_1767667500,133957,2026-01-06 02:45:00,0,-66.0,-22.489976006912798,-43.5100239930872,43.5100239930872
122048_1767667800,122048,2026-01-06 02:50:00,0,0.0,-9.598823433828578,9.598823433828578,9.598823433828578
133957_1767667800,133957,2026-01-06 02:50:00,0,-74.0,-52.555112541227686,-21.444887458772314,21.444887458772314
132430_1767667800,132430,2026-01-06 02:50:00,0,-2.0,6.555410185417777,-8.555410185417777,8.555410185417777
129964_1767667800,129964,2026-01-06 02:50:00,0,-70.0,-59.90439675764382,-10.095603242356177,10.095603242356177
134040_1767667800,134040,2026-01-06 02:50:00,0,20.0,25.94746303981352,-5.94746303981352,5.94746303981352
129964_1767668100,129964,2026-01-06 02:55:00,0,-76.0,-70.18042243295062,-5.819577567049379,5.819577567049379
132430_1767668100,132430,2026-01-06 02:55:00,0,27.0,18.526777440291198,8.473222559708802,8.473222559708802
122048_1767668100,122048,2026-01-06 02:55:00,0,0.0,-13.137244154124133,13.137244154124133,13.137244154124133
133957_1767668100,133957,2026-01-06 02:55:00,0,-61.0,-12.172911643772416,-48.827088356227584,48.827088356227584
134040_1767668100,134040,2026-01-06 02:55:00,0,93.0,66.24831354663581,26.751686453364186,26.751686453364186
132430_1767668400,132430,2026-01-06 03:00:00,0,22.0,86.81357049069793,-64.81357049069793,64.81357049069793
122048_1767668400,122048,2026-01-06 03:00:00,0,0.0,25.946216325673586,-25.946216325673586,25.946216325673586
133957_1767668400,133957,2026-01-06 03:00:00,0,-34.0,-20.114421895223103,-13.885578104776897,13.885578104776897
122048_1767668700,122048,2026-01-06 03:05:00,0,0.0,18.52143632923355,-18.52143632923355,18.52143632923355
132430_1767668700,132430,2026-01-06 03:05:00,0,74.0,148.65151122522525,-74.65151122522525,74.65151122522525
122048_1767669000,122048,2026-01-06 03:10:00,0,0.0,11.185984770362623,-11.185984770362623,11.185984770362623
132430_1767669000,132430,2026-01-06 03:10:00,0,1.0,29.771210217462954,-28.771210217462954,28.771210217462954
133957_1767669300,133957,2026-01-06 03:15:00,0,46.0,13.916971392651554,32.083028607348446,32.083028607348446
132430_1767669300,132430,2026-01-06 03:15:00,0,4.0,-6.98233838345309,10.98233838345309,10.98233838345309
122048_1767669300,122048,2026-01-06 03:15:00,0,0.0,-21.469895341412553,21.469895341412553,21.469895341412553
122048_1767669600,122048,2026-01-06 03:20:00,0,0.0,-10.600155392812844,10.600155392812844,10.600155392812844
133957_1767669600,133957,2026-01-06 03:20:00,0,58.0,34.41473333653815,23.58526666346185,23.58526666346185
132430_1767669600,132430,2026-01-06 03:20:00,0,84.0,61.775499641021625,22.224500358978375,22.224500358978375
133957_1767669900,133957,2026-01-06 03:25:00,0,40.0,69.31289490775218,-29.31289490775218,29.31289490775218
122048_1767669900,122048,2026-01-06 03:25:00,0,0.0,-6.11314670063328,6.11314670063328,6.11314670063328
132430_1767669900,132430,2026-01-06 03:25:00,0,58.0,56.95444353575431,1.045556464245692,1.045556464245692
133957_1767670200,133957,2026-01-06 03:30:00,0,133.0,109.58960271135996,23.41039728864004,23.41039728864004
134040_1767670200,134040,2026-01-06 03:30:00,0,110.0,71.22447722901232,38.77552277098768,38.77552277098768
129964_1767670200,129964,2026-01-06 03:30:00,0,74.0,65.76374508878774,8.236254911212257,8.236254911212257
135081_1767670200,135081,2026-01-06 03:30:00,0,14.0,38.03267233901286,-24.032672339012862,24.032672339012862
122048_1767670200,122048,2026-01-06 03:30:00,0,0.0,2.1200234311966284,-2.1200234311966284,2.1200234311966284
122048_1767670500,122048,2026-01-06 03:35:00,0,0.0,-0.6741786257735782,0.6741786257735782,0.6741786257735782
129964_1767670500,129964,2026-01-06 03:35:00,0,61.0,-1.5292764550297164,62.529276455029716,62.529276455029716
133957_1767670500,133957,2026-01-06 03:35:00,0,55.0,32.716011174857535,22.283988825142465,22.283988825142465
134040_1767670500,134040,2026-01-06 03:35:00,0,129.0,137.64958648208466,-8.649586482084658,8.649586482084658
135081_1767670500,135081,2026-01-06 03:35:00,0,63.0,58.95323848935122,4.046761510648778,4.046761510648778
132430_1767670500,132430,2026-01-06 03:35:00,0,215.0,187.70766863702744,27.29233136297256,27.29233136297256
135081_1767670800,135081,2026-01-06 03:40:00,0,54.0,57.098609088561176,-3.098609088561176,3.098609088561176
129964_1767670800,129964,2026-01-06 03:40:00,0,-16.0,35.847903206648596,-51.847903206648596,51.847903206648596
133957_1767670800,133957,2026-01-06 03:40:00,0,-10.0,9.822073050722672,-19.822073050722672,19.822073050722672
122048_1767670800,122048,2026-01-06 03:40:00,0,0.0,4.488508668604723,-4.488508668604723,4.488508668604723
134040_1767670800,134040,2026-01-06 03:40:00,0,132.0,148.5912191893994,-16.591219189399396,16.591219189399396
132430_1767670800,132430,2026-01-06 03:40:00,0,162.0,153.03378278673193,8.966217213268067,8.966217213268067
134040_1767671100,134040,2026-01-06 03:45:00,0,60.0,138.4607256017137,-78.4607256017137,78.4607256017137
133957_1767671100,133957,2026-01-06 03:45:00,0,-86.0,-68.32774622150983,-17.672253778490173,17.672253778490173
129964_1767671100,129964,2026-01-06 03:45:00,0,-55.0,-34.98108761402656,-20.018912385973437,20.018912385973437
132430_1767671100,132430,2026-01-06 03:45:00,0,137.0,115.03154553675817,21.968454463241827,21.968454463241827
122048_1767671100,122048,2026-01-06 03:45:00,0,0.0,21.105807397803346,-21.105807397803346,21.105807397803346
135081_1767671100,135081,2026-01-06 03:45:00,0,45.0,43.99489927213806,1.0051007278619366,1.0051007278619366
122048_1767671400,122048,2026-01-06 03:50:00,0,0.0,35.77763692254245,-35.77763692254245,35.77763692254245
129964_1767671400,129964,2026-01-06 03:50:00,0,22.0,1.0449163960709527,20.955083603929047,20.955083603929047
132430_1767671400,132430,2026-01-06 03:50:00,0,244.0,246.11067236700018,-2.110672367000177,2.110672367000177
134040_1767671400,134040,2026-01-06 03:50:00,0,43.0,101.86772184262338,-58.86772184262338,58.86772184262338
133957_1767671400,133957,2026-01-06 03:50:00,0,-86.0,-77.55350874260162,-8.446491257398378,8.446491257398378
135081_1767671400,135081,2026-01-06 03:50:00,0,84.0,66.12840629326462,17.871593706735382,17.871593706735382
135081_1767671700,135081,2026-01-06 03:55:00,0,104.0,62.66806052427245,41.33193947572755,41.33193947572755
132430_1767671700,132430,2026-01-06 03:55:00,0,324.0,246.29513439215756,77.70486560784244,77.70486560784244
133957_1767671700,133957,2026-01-06 03:55:00,0,-40.0,-24.49030795209734,-15.50969204790266,15.50969204790266
134040_1767671700,134040,2026-01-06 03:55:00,0,-29.0,23.779218718374924,-52.77921871837492,52.77921871837492
122048_1767671700,122048,2026-01-06 03:55:00,0,0.0,-1.7601832956952776,1.7601832956952776,1.7601832956952776
129964_1767671700,129964,2026-01-06 03:55:00,0,-50.0,-28.121527925665347,-21.878472074334653,21.878472074334653
135081_1767672000,135081,2026-01-06 04:00:00,0,-33.0,-20.574137988367866,-12.425862011632134,12.425862011632134
132430_1767672000,132430,2026-01-06 04:00:00,0,364.0,310.3159111542034,53.68408884579662,53.68408884579662
129964_1767672000,129964,2026-01-06 04:00:00,0,-7.0,30.151572397993768,-37.15157239799377,37.15157239799377
133957_1767672000,133957,2026-01-06 04:00:00,0,-29.0,-34.14293034675778,5.14293034675778,5.14293034675778
135081_1767672300,135081,2026-01-06 04:05:00,0,-40.0,-67.02449621365771,27.024496213657713,27.024496213657713
133957_1767672300,133957,2026-01-06 04:05:00,0,-51.0,-69.5387714431288,18.538771443128795,18.538771443128795
122048_1767672300,122048,2026-01-06 04:05:00,0,66.0,44.82869986039188,21.17130013960812,21.17130013960812
132430_1767672300,132430,2026-01-06 04:05:00,0,275.0,253.55026709721872,21.449732902781278,21.449732902781278
129964_1767672300,129964,2026-01-06 04:05:00,0,-9.0,52.547680390061764,-61.547680390061764,61.547680390061764
133957_1767672600,133957,2026-01-06 04:10:00,0,-8.0,-46.18266487525655,38.18266487525655,38.18266487525655
135081_1767672600,135081,2026-01-06 04:10:00,0,-145.0,-102.43522562069319,-42.56477437930681,42.56477437930681
122048_1767672600,122048,2026-01-06 04:10:00,0,66.0,102.84481482455024,-36.84481482455024,36.84481482455024
132430_1767672600,132430,2026-01-06 04:10:00,0,322.0,303.6570083283633,18.342991671636696,18.342991671636696
133957_1767672900,133957,2026-01-06 04:15:00,0,-34.0,-57.00881007295703,23.008810072957033,23.008810072957033
122048_1767672900,122048,2026-01-06 04:15:00,0,170.0,111.57533713169997,58.42466286830003,58.42466286830003
132430_1767672900,132430,2026-01-06 04:15:00,0,130.0,172.35367064585694,-42.35367064585694,42.35367064585694
130238_1767672900,130238,2026-01-06 04:15:00,0,-23.0,-5.771639175850275,-17.228360824149725,17.228360824149725
135081_1767672900,135081,2026-01-06 04:15:00,0,-98.0,-49.78073398503106,-48.21926601496894,48.21926601496894
129964_1767672900,129964,2026-01-06 04:15:00,0,-29.0,-52.85015464972602,23.850154649726022,23.850154649726022
129964_1767673200,129964,2026-01-06 04:20:00,0,-57.0,-54.159284103433336,-2.840715896566664,2.840715896566664
130238_1767673200,130238,2026-01-06 04:20:00,0,39.0,57.09948727470102,-18.09948727470102,18.09948727470102
122048_1767673200,122048,2026-01-06 04:20:00,0,41.0,83.88841241231009,-42.88841241231009,42.88841241231009
132430_1767673200,132430,2026-01-06 04:20:00,0,129.0,196.18787988520236,-67.18787988520236,67.18787988520236
135081_1767673200,135081,2026-01-06 04:20:00,0,71.0,-12.581366189929128,83.58136618992913,83.58136618992913
129964_1767673500,129964,2026-01-06 04:25:00,0,19.0,-6.2706046427469815,25.27060464274698,25.27060464274698
122048_1767673500,122048,2026-01-06 04:25:00,0,25.0,74.36269770990438,-49.36269770990438,49.36269770990438
132430_1767673500,132430,2026-01-06 04:25:00,0,265.0,250.8447213468775,14.155278653122508,14.155278653122508
130238_1767673500,130238,2026-01-06 04:25:00,0,26.0,24.480132941652556,1.5198670583474438,1.5198670583474438
135081_1767673500,135081,2026-01-06 04:25:00,0,64.0,14.237518506873187,49.76248149312681,49.76248149312681
130238_1767673800,130238,2026-01-06 04:30:00,0,10.0,35.32909697707941,-25.32909697707941,25.32909697707941
131672_1767673800,131672,2026-01-06 04:30:00,0,-73.0,-30.799507309117445,-42.200492690882555,42.200492690882555
133957_1767673800,133957,2026-01-06 04:30:00,0,32.0,32.20850880288689,-0.20850880288688955,0.20850880288688955
129964_1767673800,129964,2026-01-06 04:30:00,0,-15.0,33.25176469038679,-48.25176469038679,48.25176469038679
135081_1767673800,135081,2026-01-06 04:30:00,0,111.0,18.38551888512497,92.61448111487503,92.61448111487503
129964_1767674100,129964,2026-01-06 04:35:00,0,72.0,93.03132169232077,-21.031321692320773,21.031321692320773
130238_1767674100,130238,2026-01-06 04:35:00,0,131.0,62.4926656219425,68.5073343780575,68.5073343780575
135081_1767674100,135081,2026-01-06 04:35:00,0,80.0,108.08478444895016,-28.08478444895016,28.08478444895016
131672_1767674100,131672,2026-01-06 04:35:00,0,121.0,53.629709348363455,67.37029065163654,67.37029065163654
133957_1767674100,133957,2026-01-06 04:35:00,0,43.0,70.68576467583904,-27.68576467583904,27.68576467583904
133957_1767674400,133957,2026-01-06 04:40:00,0,74.0,84.36145022059208,-10.361450220592076,10.361450220592076
135081_1767674400,135081,2026-01-06 04:40:00,0,122.0,69.77187160591566,52.22812839408434,52.22812839408434
129964_1767674400,129964,2026-01-06 04:40:00,0,95.0,61.9225542270254,33.0774457729746,33.0774457729746
131672_1767674400,131672,2026-01-06 04:40:00,0,145.0,72.21601700419582,72.78398299580418,72.78398299580418
130238_1767674400,130238,2026-01-06 04:40:00,0,168.0,61.42692224625534,106.57307775374466,106.57307775374466
130238_1767674700,130238,2026-01-06 04:45:00,0,240.0,132.8015540415131,107.1984459584869,107.1984459584869
131672_1767674700,131672,2026-01-06 04:45:00,0,125.0,111.70070340462755,13.299296595372454,13.299296595372454
133957_1767674700,133957,2026-01-06 04:45:00,0,171.0,134.61201485964125,36.38798514035875,36.38798514035875
135081_1767674700,135081,2026-01-06 04:45:00,0,94.0,60.18230504759892,33.81769495240108,33.81769495240108
129964_1767674700,129964,2026-01-06 04:45:00,0,46.0,47.38181456336647,-1.3818145633664685,1.3818145633664685
130238_1767675000,130238,2026-01-06 04:50:00,0,233.0,149.60171039875593,83.39828960124407,83.39828960124407
135081_1767675000,135081,2026-01-06 04:50:00,0,53.0,50.894879486858464,2.105120513141536,2.105120513141536
129964_1767675000,129964,2026-01-06 04:50:00,0,38.0,5.654665249278779,32.34533475072122,32.34533475072122
131672_1767675000,131672,2026-01-06 04:50:00,0,166.0,155.53094264960816,10.469057350391836,10.469057350391836
133300_1767675000,133300,2026-01-06 04:50:00,0,99.0,71.64746024962972,27.352539750370283,27.352539750370283
133957_1767675000,133957,2026-01-06 04:50:00,0,92.0,72.48449120885736,19.515508791142636,19.515508791142636
135081_1767675300,135081,2026-01-06 04:55:00,0,208.0,157.56020990109846,50.43979009890154,50.43979009890154
133300_1767675300,133300,2026-01-06 04:55:00,0,99.0,91.42069421264611,7.5793057873538885,7.5793057873538885
131672_1767675300,131672,2026-01-06 04:55:00,0,88.0,75.91615712663568,12.083842873364318,12.083842873364318
129964_1767675300,129964,2026-01-06 04:55:00,0,105.0,44.722497752515565,60.277502247484435,60.277502247484435
133957_1767675300,133957,2026-01-06 04:55:00,0,5.0,-1.6822001669983848,6.682200166998385,6.682200166998385
133957_1767675600,133957,2026-01-06 05:00:00,0,-10.0,-29.06372229238457,19.06372229238457,19.06372229238457
122048_1767675600,122048,2026-01-06 05:00:00,0,-68.0,-49.96775575652667,-18.03224424347333,18.03224424347333
133300_1767675600,133300,2026-01-06 05:00:00,0,180.0,145.6369961753769,34.36300382462309,34.36300382462309
129964_1767675600,129964,2026-01-06 05:00:00,0,46.0,18.67862500647638,27.32137499352362,27.32137499352362
135081_1767675600,135081,2026-01-06 05:00:00,0,299.0,165.27486682175908,133.72513317824092,133.72513317824092
133300_1767675900,133300,2026-01-06 05:05:00,0,135.0,177.18542717388664,-42.18542717388664,42.18542717388664
122048_1767675900,122048,2026-01-06 05:05:00,0,-86.0,11.408862092263249,-97.40886209226325,97.40886209226325
129964_1767675900,129964,2026-01-06 05:05:00,0,20.0,56.88785533386786,-36.88785533386786,36.88785533386786
133957_1767675900,133957,2026-01-06 05:05:00,0,-32.0,-49.000264200720366,17.000264200720366,17.000264200720366
135081_1767675900,135081,2026-01-06 05:05:00,0,224.0,218.3637920861674,5.636207913832607,5.636207913832607
133300_1767676200,133300,2026-01-06 05:10:00,0,170.0,217.04354677431678,-47.04354677431678,47.04354677431678
133957_1767676200,133957,2026-01-06 05:10:00,0,95.0,-6.995902459735525,101.99590245973553,101.99590245973553
133300_1767676500,133300,2026-01-06 05:15:00,0,169.0,200.0870840593465,-31.087084059346495,31.087084059346495
133300_1767676800,133300,2026-01-06 05:20:00,0,289.0,232.29370850349,56.706291496510005,56.706291496510005
133300_1767677400,133300,2026-01-06 05:30:00,0,87.0,63.314438805112644,23.685561194887356,23.685561194887356
130238_1767677400,130238,2026-01-06 05:30:00,0,-50.0,-48.092962856112806,-1.9070371438871945,1.9070371438871945
134040_1767677400,134040,2026-01-06 05:30:00,0,71.0,71.04152086622645,-0.041520866226449016,0.041520866226449016
134040_1767677700,134040,2026-01-06 05:35:00,0,174.0,154.049775461602,19.950224538398004,19.950224538398004
133300_1767677700,133300,2026-01-06 05:35:00,0,87.0,65.38072474594429,21.619275254055708,21.619275254055708
130238_1767677700,130238,2026-01-06 05:35:00,0,-47.0,-71.67088947110294,24.67088947110294,24.67088947110294
130238_1767678000,130238,2026-01-06 05:40:00,0,-45.0,-16.680897031369483,-28.319102968630517,28.319102968630517
133300_1767678000,133300,2026-01-06 05:40:00,0,108.0,85.0249379525994,22.9750620474006,22.9750620474006
134040_1767678000,134040,2026-01-06 05:40:00,0,-25.0,-43.23662525283609,18.23662525283609,18.23662525283609
133300_1767678300,133300,2026-01-06 05:45:00,0,59.0,48.17486677804445,10.825133221955547,10.825133221955547
130238_1767678300,130238,2026-01-06 05:45:00,0,-142.0,-133.44380253168805,-8.55619746831195,8.55619746831195
133300_1767678600,133300,2026-01-06 05:50:00,0,40.0,77.50139081335078,-37.50139081335078,37.50139081335078
133300_1767678900,133300,2026-01-06 05:55:00,0,-2.0,34.036306438700024,-36.036306438700024,36.036306438700024
130238_1767679500,130238,2026-01-06 06:05:00,0,0.0,-6.40147833251649,6.40147833251649,6.40147833251649
130238_1767679800,130238,2026-01-06 06:10:00,0,0.0,-15.31272646555918,15.31272646555918,15.31272646555918
132430_1767679800,132430,2026-01-06 06:10:00,0,73.0,50.41723064482979,22.582769355170207,22.582769355170207
134040_1767679800,134040,2026-01-06 06:10:00,0,23.0,7.863290053136453,15.136709946863547,15.136709946863547
132430_1767680100,132430,2026-01-06 06:15:00,0,73.0,63.477427339394666,9.522572660605334,9.522572660605334
134040_1767680100,134040,2026-01-06 06:15:00,0,26.0,38.794792467215885,-12.794792467215885,12.794792467215885
130238_1767680100,130238,2026-01-06 06:15:00,0,0.0,-36.14243546569871,36.14243546569871,36.14243546569871
134040_1767680400,134040,2026-01-06 06:20:00,0,-52.0,-24.06271533592954,-27.93728466407046,27.93728466407046
130238_1767680400,130238,2026-01-06 06:20:00,0,0.0,-31.43798986445347,31.43798986445347,31.43798986445347
132430_1767680400,132430,2026-01-06 06:20:00,0,-15.0,-5.918263038578061,-9.081736961421939,9.081736961421939
134040_1767680700,134040,2026-01-06 06:25:00,0,-87.0,-9.849649332367306,-77.1503506676327,77.1503506676327
132430_1767680700,132430,2026-01-06 06:25:00,0,-42.0,-10.037185307133846,-31.962814692866154,31.962814692866154
132430_1767681000,132430,2026-01-06 06:30:00,0,32.0,50.432846414049294,-18.432846414049294,18.432846414049294
122658_1767681000,122658,2026-01-06 06:30:00,0,181.0,223.53964631525355,-42.53964631525355,42.53964631525355
133300_1767681000,133300,2026-01-06 06:30:00,0,12.0,9.219855805321743,2.7801441946782575,2.7801441946782575
134040_1767681000,134040,2026-01-06 06:30:00,0,-111.0,-40.696603631709664,-70.30339636829034,70.30339636829034
134040_1767681300,134040,2026-01-06 06:35:00,0,-75.0,11.104092717336364,-86.10409271733636,86.10409271733636
132430_1767681300,132430,2026-01-06 06:35:00,0,126.0,120.21565971101954,5.784340288980459,5.784340288980459
133300_1767681300,133300,2026-01-06 06:35:00,0,-61.0,41.34315760267256,-102.34315760267256,102.34315760267256
122658_1767681300,122658,2026-01-06 06:35:00,0,0.0,16.591215184429572,-16.591215184429572,16.591215184429572
132430_1767681600,132430,2026-01-06 06:40:00,0,65.0,69.55172164397193,-4.551721643971931,4.551721643971931
122658_1767681600,122658,2026-01-06 06:40:00,0,0.0,3.514117746954689,-3.514117746954689,3.514117746954689
131672_1767681900,131672,2026-01-06 06:45:00,0,37.0,42.78730316763837,-5.78730316763837,5.78730316763837
122658_1767681900,122658,2026-01-06 06:45:00,0,0.0,8.812243633612603,-8.812243633612603,8.812243633612603
132430_1767681900,132430,2026-01-06 06:45:00,0,-62.0,-93.27528622048979,31.27528622048979,31.27528622048979
131672_1767682200,131672,2026-01-06 06:50:00,0,13.0,58.55624162470091,-45.55624162470091,45.55624162470091
132430_1767682200,132430,2026-01-06 06:50:00,0,-16.0,35.78743818781436,-51.78743818781436,51.78743818781436
122658_1767682200,122658,2026-01-06 06:50:00,0,0.0,2.155063585615956,-2.155063585615956,2.155063585615956
131672_1767682500,131672,2026-01-06 06:55:00,0,16.0,87.87787959372304,-71.87787959372304,71.87787959372304
122658_1767682500,122658,2026-01-06 06:55:00,0,0.0,18.459892220947953,-18.459892220947953,18.459892220947953
122658_1767682800,122658,2026-01-06 07:00:00,0,0.0,3.4297417594521065,-3.4297417594521065,3.4297417594521065
131672_1767682800,131672,2026-01-06 07:00:00,0,-48.0,-11.569082540740006,-36.430917459259994,36.430917459259994
131672_1767683100,131672,2026-01-06 07:05:00,0,-52.0,-36.933771424600835,-15.066228575399165,15.066228575399165
122658_1767683100,122658,2026-01-06 07:05:00,0,0.0,6.336852545374576,-6.336852545374576,6.336852545374576
131672_1767683400,131672,2026-01-06 07:10:00,0,-178.0,-149.187372354088,-28.812627645911988,28.812627645911988
122658_1767683400,122658,2026-01-06 07:10:00,0,-11.0,17.59793105737211,-28.59793105737211,28.59793105737211
122658_1767683700,122658,2026-01-06 07:15:00,0,96.0,106.37937091417285,-10.379370914172853,10.379370914172853
131672_1767683700,131672,2026-01-06 07:15:00,0,-200.0,-122.3067692500982,-77.6932307499018,77.6932307499018
122658_1767684000,122658,2026-01-06 07:20:00,0,58.0,84.22438940225291,-26.22438940225291,26.22438940225291
131672_1767684000,131672,2026-01-06 07:20:00,0,-74.0,-78.67841144282977,4.67841144282977,4.67841144282977
122658_1767684300,122658,2026-01-06 07:25:00,0,118.0,131.66666722516135,-13.666667225161348,13.666667225161348
131672_1767684300,131672,2026-01-06 07:25:00,0,24.0,-25.60553244496174,49.60553244496174,49.60553244496174
131672_1767684600,131672,2026-01-06 07:30:00,0,-63.0,-21.47019924082815,-41.52980075917185,41.52980075917185
122658_1767684600,122658,2026-01-06 07:30:00,0,97.0,99.81036519809078,-2.8103651980907784,2.8103651980907784
122658_1767684900,122658,2026-01-06 07:35:00,0,97.0,109.93406472738651,-12.934064727386513,12.934064727386513
122658_1767685200,122658,2026-01-06 07:40:00,0,0.0,-11.990538449337265,11.990538449337265,11.990538449337265
122613_1767689700,122613,2026-01-06 08:55:00,0,49.0,50.05411115278095,-1.0541111527809477,1.0541111527809477
122613_1767693600,122613,2026-01-06 10:00:00,0,-180.0,-176.1300130541711,-3.869986945828913,3.869986945828913
122613_1767693900,122613,2026-01-06 10:05:00,0,-108.0,-109.76496085625388,1.7649608562538788,1.7649608562538788
122613_1767694200,122613,2026-01-06 10:10:00,0,-140.0,-122.78948117367344,-17.210518826326563,17.210518826326563
122613_1767694500,122613,2026-01-06 10:15:00,0,-70.0,-63.84376361026602,-6.1562363897339765,6.1562363897339765
122613_1767694800,122613,2026-01-06 10:20:00,0,-38.0,-18.333144025094555,-19.666855974905445,19.666855974905445
122613_1767695100,122613,2026-01-06 10:25:00,0,30.0,68.87879876834863,-38.87879876834863,38.87879876834863
122613_1767695400,122613,2026-01-06 10:30:00,0,123.0,105.68650786492728,17.31349213507272,17.31349213507272
122613_1767695700,122613,2026-01-06 10:35:00,0,61.0,91.24913735261704,-30.24913735261704,30.24913735261704
122613_1767696900,122613,2026-01-06 10:55:00,0,0.0,-27.69604549993059,27.69604549993059,27.69604549993059
122613_1767699000,122613,2026-01-06 11:30:00,0,0.0,-4.86711698065416,4.86711698065416,4.86711698065416
130072_1767730200,130072,2026-01-06 20:10:00,0,60.0,64.63248836777683,-4.63248836777683,4.63248836777683
130072_1767730500,130072,2026-01-06 20:15:00,0,60.0,68.61156323182972,-8.61156323182972,8.61156323182972
130072_1767730800,130072,2026-01-06 20:20:00,0,106.0,55.787127872908286,50.212872127091714,50.212872127091714
130072_1767731100,130072,2026-01-06 20:25:00,0,22.0,62.216460481117245,-40.216460481117245,40.216460481117245
130072_1767731400,130072,2026-01-06 20:30:00,0,49.0,137.0063765592532,-88.0063765592532,88.0063765592532
130072_1767731700,130072,2026-01-06 20:35:00,0,78.0,90.76821500215193,-12.768215002151933,12.768215002151933
134494_1767738000,134494,2026-01-06 22:20:00,0,0.0,9.422963582811924,-9.422963582811924,9.422963582811924
134494_1767738300,134494,2026-01-06 22:25:00,0,0.0,1.7812446925808132,-1.7812446925808132,1.7812446925808132
134494_1767738600,134494,2026-01-06 22:30:00,0,0.0,-3.540870850922566,3.540870850922566,3.540870850922566
129964_1767676200,129964,2026-01-06 05:10:00,1,91.0,87.77133408577849,3.2286659142215086,3.2286659142215086
135081_1767676200,135081,2026-01-06 05:10:00,1,126.0,157.06824739021675,-31.068247390216754,31.068247390216754
122048_1767676200,122048,2026-01-06 05:10:00,1,25.0,38.91370047447671,-13.913700474476713,13.913700474476713
135081_1767676500,135081,2026-01-06 05:15:00,1,-30.0,-57.151998367762175,27.151998367762175,27.151998367762175
122048_1767676500,122048,2026-01-06 05:15:00,1,-41.0,24.14519450945076,-65.14519450945076,65.14519450945076
133957_1767676500,133957,2026-01-06 05:15:00,1,61.0,16.605142912166123,44.39485708783388,44.39485708783388
122048_1767676800,122048,2026-01-06 05:20:00,1,-163.0,-50.78579507698751,-112.21420492301249,112.21420492301249
133957_1767676800,133957,2026-01-06 05:20:00,1,7.0,-14.74833776426901,21.74833776426901,21.74833776426901
122048_1767677100,122048,2026-01-06 05:25:00,1,-177.0,-66.91200456559727,-110.08799543440273,110.08799543440273
133957_1767677100,133957,2026-01-06 05:25:00,1,-94.0,-10.064087542400934,-83.93591245759907,83.93591245759907
122048_1767677400,122048,2026-01-06 05:30:00,1,-65.0,-62.60054592974866,-2.3994540702513376,2.3994540702513376
133957_1767677400,133957,2026-01-06 05:30:00,1,-91.0,-60.85341380656587,-30.146586193434132,30.146586193434132
122048_1767677700,122048,2026-01-06 05:35:00,1,12.0,-33.37528779821771,45.37528779821771,45.37528779821771
122048_1767678000,122048,2026-01-06 05:40:00,1,47.0,7.007032354982194,39.992967645017806,39.992967645017806
122048_1767678300,122048,2026-01-06 05:45:00,1,124.0,-15.483637852234239,139.48363785223424,139.48363785223424
122048_1767678600,122048,2026-01-06 05:50:00,1,172.0,76.16443264822053,95.83556735177947,95.83556735177947
122048_1767678900,122048,2026-01-06 05:55:00,1,140.0,117.20565679935618,22.794343200643823,22.794343200643823
133957_1767679500,133957,2026-01-06 06:05:00,1,49.0,39.95706118912234,9.042938810877658,9.042938810877658
133957_1767679800,133957,2026-01-06 06:10:00,1,71.0,67.39982044754544,3.600179552454563,3.600179552454563
133957_1767680100,133957,2026-01-06 06:15:00,1,111.0,81.33881279345908,29.661187206540916,29.661187206540916
133957_1767680400,133957,2026-01-06 06:20:00,1,18.0,29.303741456671695,-11.303741456671695,11.303741456671695
129964_1767680400,129964,2026-01-06 06:20:00,1,-51.0,-50.847889113820926,-0.15211088617907365,0.15211088617907365
133957_1767680700,133957,2026-01-06 06:25:00,1,39.0,-4.252686953406169,43.25268695340617,43.25268695340617
130238_1767680700,130238,2026-01-06 06:25:00,1,0.0,-17.621711189380818,17.621711189380818,17.621711189380818
129964_1767680700,129964,2026-01-06 06:25:00,1,-106.0,-55.442503523851,-50.557496476149,50.557496476149
133957_1767681000,133957,2026-01-06 06:30:00,1,-30.0,-47.42327063298673,17.42327063298673,17.42327063298673
129964_1767681000,129964,2026-01-06 06:30:00,1,7.0,-11.922074012557658,18.92207401255766,18.92207401255766
130238_1767681000,130238,2026-01-06 06:30:00,1,0.0,-23.431953148031425,23.431953148031425,23.431953148031425
129964_1767681300,129964,2026-01-06 06:35:00,1,47.0,-21.74890922864695,68.74890922864695,68.74890922864695
130238_1767681300,130238,2026-01-06 06:35:00,1,0.0,7.411741787118849,-7.411741787118849,7.411741787118849
133957_1767681300,133957,2026-01-06 06:35:00,1,-59.0,-69.27692042789013,10.276920427890133,10.276920427890133
130238_1767681600,130238,2026-01-06 06:40:00,1,0.0,-7.349052043452588,7.349052043452588,7.349052043452588
133300_1767681600,133300,2026-01-06 06:40:00,1,159.0,167.10623518027398,-8.106235180273984,8.106235180273984
134040_1767681600,134040,2026-01-06 06:40:00,1,1.0,29.5284392843773,-28.5284392843773,28.5284392843773
133957_1767681600,133957,2026-01-06 06:40:00,1,-30.0,-12.51987041979087,-17.48012958020913,17.48012958020913
129964_1767681600,129964,2026-01-06 06:40:00,1,39.0,35.41938472322677,3.58061527677323,3.58061527677323
133300_1767681900,133300,2026-01-06 06:45:00,1,79.0,44.97542742371854,34.02457257628146,34.02457257628146
130238_1767681900,130238,2026-01-06 06:45:00,1,0.0,-53.41867880312752,53.41867880312752,53.41867880312752
134040_1767681900,134040,2026-01-06 06:45:00,1,-38.0,22.810441998208013,-60.81044199820801,60.81044199820801
129964_1767681900,129964,2026-01-06 06:45:00,1,148.0,150.57558136474228,-2.575581364742277,2.575581364742277
133957_1767681900,133957,2026-01-06 06:45:00,1,-58.0,-17.375599074618165,-40.624400925381835,40.624400925381835
133957_1767682200,133957,2026-01-06 06:50:00,1,-19.0,-74.76770672173676,55.76770672173676,55.76770672173676
133300_1767682200,133300,2026-01-06 06:50:00,1,79.0,13.424171495799193,65.57582850420081,65.57582850420081
134040_1767682200,134040,2026-01-06 06:50:00,1,-71.0,32.57995590933403,-103.57995590933403,103.57995590933403
129964_1767682200,129964,2026-01-06 06:50:00,1,188.0,106.34760725305,81.65239274695,81.65239274695
129964_1767682500,129964,2026-01-06 06:55:00,1,84.0,58.454938972604474,25.545061027395526,25.545061027395526
132430_1767682500,132430,2026-01-06 06:55:00,1,248.0,151.78644079480583,96.21355920519417,96.21355920519417
133300_1767682500,133300,2026-01-06 06:55:00,1,173.0,94.72526183274555,78.27473816725445,78.27473816725445
133957_1767682500,133957,2026-01-06 06:55:00,1,-45.0,-30.860623560718494,-14.139376439281506,14.139376439281506
134040_1767682500,134040,2026-01-06 06:55:00,1,46.0,50.47612393256722,-4.476123932567219,4.476123932567219
133957_1767682800,133957,2026-01-06 07:00:00,1,-74.0,-60.05040086570263,-13.949599134297372,13.949599134297372
132430_1767682800,132430,2026-01-06 07:00:00,1,267.0,202.89098438314767,64.10901561685233,64.10901561685233
133300_1767682800,133300,2026-01-06 07:00:00,1,135.0,98.4897904186164,36.510209581383606,36.510209581383606
129964_1767682800,129964,2026-01-06 07:00:00,1,70.0,88.1492856624721,-18.149285662472096,18.149285662472096
133957_1767683100,133957,2026-01-06 07:05:00,1,-8.0,36.49266165867932,-44.49266165867932,44.49266165867932
133300_1767683100,133300,2026-01-06 07:05:00,1,169.0,204.8136094710563,-35.81360947105631,35.81360947105631
132430_1767683100,132430,2026-01-06 07:05:00,1,408.0,246.76579163704318,161.23420836295682,161.23420836295682
129964_1767683100,129964,2026-01-06 07:05:00,1,154.0,131.07862578637776,22.921374213622244,22.921374213622244
129964_1767683400,129964,2026-01-06 07:10:00,1,81.0,75.54992661932991,5.450073380670091,5.450073380670091
132430_1767683400,132430,2026-01-06 07:10:00,1,270.0,283.93986369852394,-13.939863698523936,13.939863698523936
133300_1767683400,133300,2026-01-06 07:10:00,1,166.0,164.67927139209047,1.3207286079095297,1.3207286079095297
129964_1767683700,129964,2026-01-06 07:15:00,1,145.0,116.82484599368853,28.175154006311473,28.175154006311473
133300_1767683700,133300,2026-01-06 07:15:00,1,240.0,251.26398224664487,-11.263982246644872,11.263982246644872
133957_1767683700,133957,2026-01-06 07:15:00,1,10.0,72.7583350634635,-62.758335063463505,62.758335063463505
132430_1767683700,132430,2026-01-06 07:15:00,1,163.0,150.7358581296175,12.264141870382502,12.264141870382502
133957_1767684000,133957,2026-01-06 07:20:00,1,33.0,60.015959733974896,-27.015959733974896,27.015959733974896
133300_1767684000,133300,2026-01-06 07:20:00,1,116.0,99.48108718956874,16.51891281043126,16.51891281043126
129964_1767684000,129964,2026-01-06 07:20:00,1,134.0,102.46843897712763,31.531561022872367,31.531561022872367
132430_1767684000,132430,2026-01-06 07:20:00,1,246.0,179.63230127941108,66.36769872058892,66.36769872058892
133300_1767684300,133300,2026-01-06 07:25:00,1,116.0,78.42126780108627,37.57873219891373,37.57873219891373
132430_1767684300,132430,2026-01-06 07:25:00,1,230.0,190.0827020807586,39.917297919241406,39.917297919241406
130238_1767684300,130238,2026-01-06 07:25:00,1,16.0,15.718552537954665,0.28144746204533533,0.28144746204533533
133957_1767684300,133957,2026-01-06 07:25:00,1,71.0,88.66236536805323,-17.66236536805323,17.66236536805323
129964_1767684600,129964,2026-01-06 07:30:00,1,-29.0,-9.184878765471112,-19.81512123452889,19.81512123452889
135081_1767684600,135081,2026-01-06 07:30:00,1,-78.0,-121.02778437937366,43.02778437937366,43.02778437937366
132430_1767684600,132430,2026-01-06 07:30:00,1,215.0,157.56840294803797,57.43159705196203,57.43159705196203
122048_1767684600,122048,2026-01-06 07:30:00,1,350.0,343.795242001703,6.204757998296998,6.204757998296998
133300_1767684600,133300,2026-01-06 07:30:00,1,214.0,167.3297955820771,46.67020441792289,46.67020441792289
131672_1767684900,131672,2026-01-06 07:35:00,1,-96.0,-66.18396932974346,-29.816030670256538,29.816030670256538
135081_1767684900,135081,2026-01-06 07:35:00,1,-28.0,-75.34187426642089,47.34187426642089,47.34187426642089
122048_1767684900,122048,2026-01-06 07:35:00,1,304.0,285.5464289143132,18.453571085686804,18.453571085686804
129964_1767684900,129964,2026-01-06 07:35:00,1,-70.0,-28.117920212292546,-41.882079787707454,41.882079787707454
132430_1767684900,132430,2026-01-06 07:35:00,1,183.0,199.77000450789689,-16.770004507896886,16.770004507896886
133300_1767684900,133300,2026-01-06 07:35:00,1,244.0,152.11766594043368,91.88233405956632,91.88233405956632
135081_1767685200,135081,2026-01-06 07:40:00,1,59.0,9.983590976877736,49.016409023122264,49.016409023122264
122048_1767685200,122048,2026-01-06 07:40:00,1,183.0,233.153203891592,-50.153203891592,50.153203891592
133300_1767685200,133300,2026-01-06 07:40:00,1,255.0,234.1545710297996,20.845428970200402,20.845428970200402
131672_1767685200,131672,2026-01-06 07:40:00,1,-126.0,-105.05377470175156,-20.946225298248436,20.946225298248436
129964_1767685200,129964,2026-01-06 07:40:00,1,-34.0,16.331038098907243,-50.33103809890724,50.33103809890724
122048_1767685500,122048,2026-01-06 07:45:00,1,141.0,171.22853369618565,-30.22853369618565,30.22853369618565
129964_1767685500,129964,2026-01-06 07:45:00,1,-4.0,-31.72563306860698,27.72563306860698,27.72563306860698
132430_1767685500,132430,2026-01-06 07:45:00,1,167.0,161.53534337103554,5.4646566289644625,5.4646566289644625
135081_1767685500,135081,2026-01-06 07:45:00,1,275.0,190.22261134388117,84.77738865611883,84.77738865611883
122658_1767685500,122658,2026-01-06 07:45:00,1,0.0,22.799921220020472,-22.799921220020472,22.799921220020472
133300_1767685500,133300,2026-01-06 07:45:00,1,286.0,287.51806413104526,-1.5180641310452643,1.5180641310452643
135081_1767685800,135081,2026-01-06 07:50:00,1,288.0,98.57835397317471,189.42164602682527,189.42164602682527
133300_1767685800,133300,2026-01-06 07:50:00,1,404.0,360.94154349067685,43.05845650932315,43.05845650932315
132430_1767685800,132430,2026-01-06 07:50:00,1,64.0,87.96892669457668,-23.96892669457668,23.96892669457668
129964_1767685800,129964,2026-01-06 07:50:00,1,17.0,44.810023440941634,-27.810023440941634,27.810023440941634
122048_1767685800,122048,2026-01-06 07:50:00,1,45.0,84.19045430580597,-39.19045430580597,39.19045430580597
122658_1767685800,122658,2026-01-06 07:50:00,1,0.0,0.24447577534967735,-0.24447577534967735,0.24447577534967735
135081_1767686100,135081,2026-01-06 07:55:00,1,247.0,208.2603969327797,38.73960306722029,38.73960306722029
132430_1767686100,132430,2026-01-06 07:55:00,1,53.0,56.11828969889852,-3.118289698898522,3.118289698898522
122048_1767686100,122048,2026-01-06 07:55:00,1,-35.0,8.685238883900638,-43.68523888390064,43.68523888390064
122658_1767686100,122658,2026-01-06 07:55:00,1,0.0,-12.786773579846233,12.786773579846233,12.786773579846233
129964_1767686100,129964,2026-01-06 07:55:00,1,162.0,65.3992447579966,96.6007552420034,96.6007552420034
132430_1767686400,132430,2026-01-06 08:00:00,1,30.0,59.24645386399194,-29.24645386399194,29.24645386399194
130238_1767686400,130238,2026-01-06 08:00:00,1,107.0,168.361671851351,-61.36167185135099,61.36167185135099
129964_1767686400,129964,2026-01-06 08:00:00,1,97.0,6.854298869239614,90.14570113076039,90.14570113076039
122048_1767686400,122048,2026-01-06 08:00:00,1,-43.0,3.8207645716328713,-46.82076457163287,46.82076457163287
130238_1767686700,130238,2026-01-06 08:05:00,1,1.0,74.50143134967081,-73.50143134967081,73.50143134967081
122048_1767686700,122048,2026-01-06 08:05:00,1,-49.0,13.019651964849523,-62.01965196484952,62.01965196484952
132430_1767686700,132430,2026-01-06 08:05:00,1,53.0,61.70070773532291,-8.700707735322908,8.700707735322908
129964_1767686700,129964,2026-01-06 08:05:00,1,64.0,47.202109903116586,16.797890096883414,16.797890096883414
122048_1767687000,122048,2026-01-06 08:10:00,1,104.0,62.60258461343269,41.39741538656731,41.39741538656731
132430_1767687000,132430,2026-01-06 08:10:00,1,42.0,14.717070665019513,27.282929334980487,27.282929334980487
129964_1767687000,129964,2026-01-06 08:10:00,1,42.0,62.97934385961307,-20.979343859613067,20.979343859613067
132430_1767687300,132430,2026-01-06 08:15:00,1,-108.0,-127.84464065439886,19.84464065439886,19.84464065439886
122048_1767687300,122048,2026-01-06 08:15:00,1,99.0,48.42923005710423,50.57076994289577,50.57076994289577
129964_1767687300,129964,2026-01-06 08:15:00,1,108.0,75.2710119060165,32.7289880939835,32.7289880939835
132430_1767687600,132430,2026-01-06 08:20:00,1,-132.0,-101.67929114058222,-30.320708859417778,30.320708859417778
122048_1767687600,122048,2026-01-06 08:20:00,1,49.0,28.88894291858014,20.11105708141986,20.11105708141986
129964_1767687600,129964,2026-01-06 08:20:00,1,8.0,30.490311822730284,-22.490311822730284,22.490311822730284
132430_1767687900,132430,2026-01-06 08:25:00,1,-101.0,51.245047121353174,-152.24504712135317,152.24504712135317
122048_1767687900,122048,2026-01-06 08:25:00,1,80.0,104.80304773919504,-24.803047739195037,24.803047739195037
122658_1767688200,122658,2026-01-06 08:30:00,1,137.0,95.56056668261526,41.43943331738474,41.43943331738474
131672_1767688200,131672,2026-01-06 08:30:00,1,16.0,-2.5181602322180794,18.51816023221808,18.51816023221808
130238_1767688200,130238,2026-01-06 08:30:00,1,27.0,4.062697513566242,22.937302486433758,22.937302486433758
132430_1767688200,132430,2026-01-06 08:30:00,1,194.0,200.03146303713186,-6.031463037131857,6.031463037131857
122048_1767688200,122048,2026-01-06 08:30:00,1,68.0,4.340891142384031,63.65910885761597,63.65910885761597
134040_1767688200,134040,2026-01-06 08:30:00,1,154.0,126.52769321711654,27.472306782883464,27.472306782883464
122048_1767688500,122048,2026-01-06 08:35:00,1,49.0,67.15304919619757,-18.15304919619757,18.15304919619757
122658_1767688500,122658,2026-01-06 08:35:00,1,-33.0,9.737973188012383,-42.73797318801238,42.73797318801238
134040_1767688500,134040,2026-01-06 08:35:00,1,141.0,132.30261706804313,8.697382931956867,8.697382931956867
131672_1767688500,131672,2026-01-06 08:35:00,1,20.0,-0.9553499977924318,20.955349997792432,20.955349997792432
130238_1767688500,130238,2026-01-06 08:35:00,1,-8.0,-25.087516963475792,17.087516963475792,17.087516963475792
132430_1767688500,132430,2026-01-06 08:35:00,1,268.0,265.62638036863075,2.3736196313692517,2.3736196313692517
122048_1767688800,122048,2026-01-06 08:40:00,1,76.0,80.39728253132664,-4.397282531326638,4.397282531326638
134040_1767688800,134040,2026-01-06 08:40:00,1,128.0,97.12654909496888,30.87345090503112,30.87345090503112
132430_1767688800,132430,2026-01-06 08:40:00,1,284.0,282.2062149398854,1.793785060114601,1.793785060114601
131672_1767688800,131672,2026-01-06 08:40:00,1,-17.0,4.0529275080056735,-21.052927508005673,21.052927508005673
122658_1767688800,122658,2026-01-06 08:40:00,1,-34.0,80.54738241880669,-114.54738241880669,114.54738241880669
130238_1767688800,130238,2026-01-06 08:40:00,1,-92.0,-51.830389177461015,-40.169610822538985,40.169610822538985
131672_1767689100,131672,2026-01-06 08:45:00,1,17.0,69.02995326808393,-52.02995326808393,52.02995326808393
122658_1767689100,122658,2026-01-06 08:45:00,1,-34.0,-34.87144603685543,0.8714460368554313,0.8714460368554313
134040_1767689100,134040,2026-01-06 08:45:00,1,26.0,36.69978576774399,-10.69978576774399,10.69978576774399
122048_1767689100,122048,2026-01-06 08:45:00,1,94.0,44.56181143936562,49.43818856063438,49.43818856063438
132430_1767689100,132430,2026-01-06 08:45:00,1,163.0,108.87366507150773,54.12633492849227,54.12633492849227
130238_1767689100,130238,2026-01-06 08:45:00,1,-120.0,-55.70089871170579,-64.29910128829421,64.29910128829421
122658_1767689400,122658,2026-01-06 08:50:00,1,-34.0,-47.829146742373936,13.829146742373936,13.829146742373936
131672_1767689400,131672,2026-01-06 08:50:00,1,-72.0,-71.00056158960174,-0.9994384103982554,0.9994384103982554
130238_1767689400,130238,2026-01-06 08:50:00,1,37.0,59.944923737263736,-22.944923737263736,22.944923737263736
134040_1767689400,134040,2026-01-06 08:50:00,1,94.0,100.08875770175345,-6.088757701753451,6.088757701753451
132430_1767689400,132430,2026-01-06 08:50:00,1,85.0,126.05070028119886,-41.05070028119886,41.05070028119886
122048_1767689400,122048,2026-01-06 08:50:00,1,121.0,45.002691205769544,75.99730879423046,75.99730879423046
130238_1767689700,130238,2026-01-06 08:55:00,1,57.0,34.84320874284955,22.156791257150452,22.156791257150452
122658_1767689700,122658,2026-01-06 08:55:00,1,-34.0,-12.014757491841863,-21.985242508158137,21.985242508158137
122048_1767689700,122048,2026-01-06 08:55:00,1,116.0,58.11066990390627,57.88933009609373,57.88933009609373
132430_1767689700,132430,2026-01-06 08:55:00,1,7.0,154.5055207718209,-147.5055207718209,147.5055207718209
134040_1767689700,134040,2026-01-06 08:55:00,1,46.0,91.34976033278849,-45.34976033278849,45.34976033278849
131672_1767689700,131672,2026-01-06 08:55:00,1,-222.0,-117.42208788229482,-104.57791211770518,104.57791211770518
122048_1767690000,122048,2026-01-06 09:00:00,1,73.0,-3.3660799756492565,76.36607997564926,76.36607997564926
134040_1767690000,134040,2026-01-06 09:00:00,1,159.0,118.9060360314556,40.0939639685444,40.0939639685444
122658_1767690000,122658,2026-01-06 09:00:00,1,-34.0,-32.51618942311909,-1.483810576880913,1.483810576880913
131672_1767690000,131672,2026-01-06 09:00:00,1,-208.0,-127.34595385943211,-80.65404614056789,80.65404614056789
130238_1767690000,130238,2026-01-06 09:00:00,1,40.0,44.5920364392029,-4.5920364392029,4.5920364392029
133957_1767690000,133957,2026-01-06 09:00:00,1,-116.0,-47.29973931485313,-68.70026068514687,68.70026068514687
130238_1767690300,130238,2026-01-06 09:05:00,1,49.0,45.55281763062396,3.447182369376037,3.447182369376037
122658_1767690300,122658,2026-01-06 09:05:00,1,-34.0,-28.4768990330047,-5.523100966995301,5.523100966995301
134040_1767690300,134040,2026-01-06 09:05:00,1,-28.0,-12.13299212039977,-15.86700787960023,15.86700787960023
131672_1767690300,131672,2026-01-06 09:05:00,1,-157.0,-138.81974929123888,-18.180250708761122,18.180250708761122
133957_1767690300,133957,2026-01-06 09:05:00,1,-68.0,-62.188776626806174,-5.811223373193826,5.811223373193826
131672_1767690600,131672,2026-01-06 09:10:00,1,-39.0,-58.05852224529316,19.05852224529316,19.05852224529316
122658_1767690600,122658,2026-01-06 09:10:00,1,-34.0,-35.65156749048835,1.6515674904883468,1.6515674904883468
133957_1767690600,133957,2026-01-06 09:10:00,1,-88.0,-91.62245033576949,3.6224503357694857,3.6224503357694857
122658_1767690900,122658,2026-01-06 09:15:00,1,-34.0,-8.01385842899547,-25.98614157100453,25.98614157100453
133957_1767690900,133957,2026-01-06 09:15:00,1,-111.0,-98.61062232944428,-12.389377670555717,12.389377670555717
131672_1767690900,131672,2026-01-06 09:15:00,1,-68.0,-56.21972970439175,-11.780270295608247,11.780270295608247
131672_1767691200,131672,2026-01-06 09:20:00,1,-65.0,-78.04348033044054,13.043480330440545,13.043480330440545
133957_1767691200,133957,2026-01-06 09:20:00,1,9.0,-12.966025989993703,21.966025989993703,21.966025989993703
131672_1767691500,131672,2026-01-06 09:25:00,1,-10.0,-48.68722849660013,38.68722849660013,38.68722849660013
133957_1767691800,133957,2026-01-06 09:30:00,1,48.0,67.48236677969587,-19.482366779695866,19.482366779695866
133957_1767692100,133957,2026-01-06 09:35:00,1,50.0,57.79706650126167,-7.797066501261668,7.797066501261668
133957_1767692400,133957,2026-01-06 09:40:00,1,223.0,101.69550160868684,121.30449839131316,121.30449839131316
133957_1767692700,133957,2026-01-06 09:45:00,1,191.0,116.71550688946512,74.28449311053488,74.28449311053488
132430_1767693300,132430,2026-01-06 09:55:00,1,132.0,81.59798983979601,50.402010160203986,50.402010160203986
132430_1767693600,132430,2026-01-06 10:00:00,1,132.0,50.84147961261458,81.15852038738542,81.15852038738542
132430_1767693900,132430,2026-01-06 10:05:00,1,33.0,28.478053206057517,4.521946793942483,4.521946793942483
132430_1767694200,132430,2026-01-06 10:10:00,1,90.0,58.629559022359665,31.370440977640335,31.370440977640335
132430_1767694500,132430,2026-01-06 10:15:00,1,144.0,110.52347404572507,33.47652595427493,33.47652595427493
132430_1767694800,132430,2026-01-06 10:20:00,1,233.0,198.203234615069,34.79676538493101,34.79676538493101
132430_1767695100,132430,2026-01-06 10:25:00,1,116.0,100.95288179175375,15.047118208246246,15.047118208246246
135081_1767697800,135081,2026-01-06 11:10:00,1,77.0,62.767861378846916,14.232138621153084,14.232138621153084
135081_1767698100,135081,2026-01-06 11:15:00,1,95.0,60.81470582061081,34.18529417938919,34.18529417938919
131672_1767698100,131672,2026-01-06 11:15:00,1,27.0,23.754187067474945,3.2458129325250553,3.2458129325250553
135081_1767698400,135081,2026-01-06 11:20:00,1,135.0,126.53738564670992,8.462614353290078,8.462614353290078
135081_1767698700,135081,2026-01-06 11:25:00,1,126.0,91.70416708264997,34.295832917350026,34.295832917350026
135081_1767699000,135081,2026-01-06 11:30:00,1,28.0,93.62746017922603,-65.62746017922603,65.62746017922603
122613_1767699300,122613,2026-01-06 11:35:00,1,0.0,-18.46966179877849,18.46966179877849,18.46966179877849
135081_1767699300,135081,2026-01-06 11:35:00,1,45.0,90.93787557353609,-45.93787557353609,45.93787557353609
135081_1767699600,135081,2026-01-06 11:40:00,1,55.0,85.14412697601261,-30.144126976012615,30.144126976012615
122613_1767699600,122613,2026-01-06 11:40:00,1,-145.0,-78.78048666301814,-66.21951333698186,66.21951333698186
135081_1767699900,135081,2026-01-06 11:45:00,1,36.0,-34.434111655696924,70.43411165569692,70.43411165569692
122613_1767699900,122613,2026-01-06 11:45:00,1,-230.0,-187.78449321249528,-42.21550678750472,42.21550678750472
135081_1767700200,135081,2026-01-06 11:50:00,1,-24.0,-51.01250096997855,27.012500969978547,27.012500969978547
122613_1767700200,122613,2026-01-06 11:50:00,1,-116.0,-108.02490227490529,-7.975097725094713,7.975097725094713
122613_1767700500,122613,2026-01-06 11:55:00,1,-79.0,-102.63262735314638,23.632627353146376,23.632627353146376
135081_1767700500,135081,2026-01-06 11:55:00,1,-98.0,-132.19483839043653,34.19483839043653,34.19483839043653
122613_1767700800,122613,2026-01-06 12:00:00,1,-50.0,-80.93222040990611,30.932220409906108,30.932220409906108
122658_1767700800,122658,2026-01-06 12:00:00,1,143.0,174.87035601264998,-31.870356012649978,31.870356012649978
122613_1767701100,122613,2026-01-06 12:05:00,1,-155.0,-136.8935728967234,-18.106427103276587,18.106427103276587
122613_1767701400,122613,2026-01-06 12:10:00,1,-175.0,-175.1548524158634,0.15485241586338816,0.15485241586338816
122613_1767701700,122613,2026-01-06 12:15:00,1,-47.0,-44.92995627581429,-2.070043724185709,2.070043724185709
122613_1767702000,122613,2026-01-06 12:20:00,1,-61.0,-54.23301912575626,-6.7669808742437425,6.7669808742437425
122613_1767702300,122613,2026-01-06 12:25:00,1,66.0,43.05383709891002,22.946162901089977,22.946162901089977
135081_1767702600,135081,2026-01-06 12:30:00,1,-131.0,-141.57787789823334,10.57787789823334,10.57787789823334
135081_1767702900,135081,2026-01-06 12:35:00,1,-144.0,-151.57590443617534,7.575904436175335,7.575904436175335
134040_1767703200,134040,2026-01-06 12:40:00,1,-35.0,13.630692393438622,-48.63069239343862,48.63069239343862
134040_1767703500,134040,2026-01-06 12:45:00,1,-35.0,18.161318110893784,-53.16131811089379,53.16131811089379
134040_1767703800,134040,2026-01-06 12:50:00,1,52.0,60.51513103720302,-8.51513103720302,8.51513103720302
134040_1767704100,134040,2026-01-06 12:55:00,1,87.0,68.580862875327,18.419137124673,18.419137124673
134040_1767704400,134040,2026-01-06 13:00:00,1,91.0,116.66278764607006,-25.662787646070058,25.662787646070058
130072_1767732000,130072,2026-01-06 20:40:00,1,158.0,149.49595085815093,8.504049141849066,8.504049141849066
130072_1767732300,130072,2026-01-06 20:45:00,1,161.0,134.32036753883256,26.679632461167444,26.679632461167444
130072_1767732600,130072,2026-01-06 20:50:00,1,226.0,218.45487922405073,7.545120775949272,7.545120775949272
130072_1767732900,130072,2026-01-06 20:55:00,1,187.0,214.98339365609152,-27.983393656091522,27.983393656091522
130072_1767733200,130072,2026-01-06 21:00:00,1,125.0,146.86863170985475,-21.868631709854753,21.868631709854753
130072_1767733500,130072,2026-01-06 21:05:00,1,125.0,161.86994806182423,-36.86994806182423,36.86994806182423
134494_1767738900,134494,2026-01-06 22:35:00,1,0.0,4.568152548583178,-4.568152548583178,4.568152548583178
134494_1767739200,134494,2026-01-06 22:40:00,1,0.0,-1.2830313822279535,1.2830313822279535,1.2830313822279535
134494_1767739500,134494,2026-01-06 22:45:00,1,0.0,-0.33949881444835484,0.33949881444835484,0.33949881444835484
133300_1767686400,133300,2026-01-06 08:00:00,2,-26.0,-1.9110169099682537,-24.088983090031746,24.088983090031746
129964_1767687900,129964,2026-01-06 08:25:00,2,95.0,44.50172320614183,50.49827679385817,50.49827679385817
133300_1767689400,133300,2026-01-06 08:50:00,2,9.0,44.635572650375764,-35.635572650375764,35.635572650375764
133300_1767689700,133300,2026-01-06 08:55:00,2,9.0,22.640699691951422,-13.640699691951422,13.640699691951422
129964_1767690000,129964,2026-01-06 09:00:00,2,65.0,59.53176074106637,5.468239258933629,5.468239258933629
133300_1767690000,133300,2026-01-06 09:00:00,2,68.0,65.45512283515897,2.5448771648410258,2.5448771648410258
122048_1767690300,122048,2026-01-06 09:05:00,2,-33.0,-2.282870678680858,-30.717129321319142,30.717129321319142
129964_1767690300,129964,2026-01-06 09:05:00,2,66.0,80.79527598733966,-14.795275987339664,14.795275987339664
133300_1767690300,133300,2026-01-06 09:05:00,2,69.0,10.680205672492278,58.31979432750772,58.31979432750772
130238_1767690600,130238,2026-01-06 09:10:00,2,57.0,46.491809382012775,10.508190617987225,10.508190617987225
133300_1767690600,133300,2026-01-06 09:10:00,2,59.0,23.659715751507566,35.34028424849244,35.34028424849244
129964_1767690600,129964,2026-01-06 09:10:00,2,79.0,94.31990540782215,-15.319905407822148,15.319905407822148
133300_1767690900,133300,2026-01-06 09:15:00,2,62.0,91.63074725294929,-29.63074725294929,29.63074725294929
129964_1767690900,129964,2026-01-06 09:15:00,2,58.0,70.42948715121219,-12.429487151212186,12.429487151212186
129964_1767691200,129964,2026-01-06 09:20:00,2,64.0,70.24710412002187,-6.2471041200218735,6.2471041200218735
130238_1767691200,130238,2026-01-06 09:20:00,2,0.0,-11.782800955559424,11.782800955559424,11.782800955559424
133300_1767691200,133300,2026-01-06 09:20:00,2,135.0,129.59979295367566,5.40020704632434,5.40020704632434
129964_1767691500,129964,2026-01-06 09:25:00,2,94.0,91.18297328133814,2.8170267186618645,2.8170267186618645
130238_1767691500,130238,2026-01-06 09:25:00,2,0.0,-46.87507008682455,46.87507008682455,46.87507008682455
129964_1767691800,129964,2026-01-06 09:30:00,2,42.0,64.30702005799535,-22.307020057995345,22.307020057995345
122048_1767691800,122048,2026-01-06 09:30:00,2,233.0,115.41908739816724,117.58091260183276,117.58091260183276
130238_1767691800,130238,2026-01-06 09:30:00,2,0.0,26.953883002910295,-26.953883002910295,26.953883002910295
130238_1767692100,130238,2026-01-06 09:35:00,2,0.0,-15.650326124537003,15.650326124537003,15.650326124537003
129964_1767692100,129964,2026-01-06 09:35:00,2,16.0,52.13235393775513,-36.13235393775513,36.13235393775513
122048_1767692100,122048,2026-01-06 09:35:00,2,200.0,122.27342807256393,77.72657192743607,77.72657192743607
129964_1767692400,129964,2026-01-06 09:40:00,2,106.0,59.50356316114904,46.49643683885096,46.49643683885096
130238_1767692400,130238,2026-01-06 09:40:00,2,0.0,8.09997764089104,-8.09997764089104,8.09997764089104
122048_1767692400,122048,2026-01-06 09:40:00,2,91.0,34.470612721331285,56.529387278668715,56.529387278668715
130238_1767692700,130238,2026-01-06 09:45:00,2,0.0,5.586458265168126,-5.586458265168126,5.586458265168126
122048_1767692700,122048,2026-01-06 09:45:00,2,-63.0,-58.796498930432435,-4.203501069567565,4.203501069567565
130238_1767693000,130238,2026-01-06 09:50:00,2,0.0,24.109003605842467,-24.109003605842467,24.109003605842467
122048_1767693000,122048,2026-01-06 09:50:00,2,-67.0,1.8868898736934625,-68.88688987369346,68.88688987369346
133957_1767693000,133957,2026-01-06 09:50:00,2,80.0,79.8892729182185,0.11072708178150492,0.11072708178150492
130238_1767693300,130238,2026-01-06 09:55:00,2,0.0,5.93645561445463,-5.93645561445463,5.93645561445463
133957_1767693300,133957,2026-01-06 09:55:00,2,23.0,31.754573001998434,-8.754573001998434,8.754573001998434
122048_1767693300,122048,2026-01-06 09:55:00,2,-115.0,-98.64372071371878,-16.35627928628122,16.35627928628122
122048_1767693600,122048,2026-01-06 10:00:00,2,-142.0,-88.0384522355871,-53.9615477644129,53.9615477644129
133300_1767693600,133300,2026-01-06 10:00:00,2,168.0,161.80046900292123,6.199530997078767,6.199530997078767
133957_1767693600,133957,2026-01-06 10:00:00,2,-24.0,10.763762444786131,-34.76376244478613,34.76376244478613
122048_1767693900,122048,2026-01-06 10:05:00,2,-110.0,-121.64465511370213,11.644655113702129,11.644655113702129
133957_1767693900,133957,2026-01-06 10:05:00,2,13.0,-8.634598900489578,21.63459890048958,21.63459890048958
133300_1767694200,133300,2026-01-06 10:10:00,2,-63.0,-5.367513266157395,-57.632486733842605,57.632486733842605
122048_1767694200,122048,2026-01-06 10:10:00,2,-50.0,-112.9865878651544,62.986587865154405,62.986587865154405
133957_1767694200,133957,2026-01-06 10:10:00,2,21.0,21.48756773871338,-0.48756773871338055,0.48756773871338055
133957_1767694500,133957,2026-01-06 10:15:00,2,-22.0,-66.6999285649077,44.699928564907694,44.699928564907694
122048_1767694500,122048,2026-01-06 10:15:00,2,-184.0,-105.80435772872275,-78.19564227127725,78.19564227127725
133300_1767694500,133300,2026-01-06 10:15:00,2,-63.0,-47.363655755948415,-15.636344244051585,15.636344244051585
133957_1767694800,133957,2026-01-06 10:20:00,2,24.0,51.72743084278792,-27.727430842787918,27.727430842787918
122048_1767694800,122048,2026-01-06 10:20:00,2,-250.0,-196.8081403312608,-53.1918596687392,53.1918596687392
133300_1767694800,133300,2026-01-06 10:20:00,2,54.0,38.06913858820243,15.930861411797572,15.930861411797572
122048_1767695100,122048,2026-01-06 10:25:00,2,-359.0,-271.35530245161414,-87.64469754838586,87.64469754838586
133300_1767695100,133300,2026-01-06 10:25:00,2,90.0,-0.5398135607469854,90.53981356074698,90.53981356074698
133957_1767695100,133957,2026-01-06 10:25:00,2,-17.0,-53.31964501018102,36.31964501018102,36.31964501018102
132430_1767695400,132430,2026-01-06 10:30:00,2,26.0,71.78327022064744,-45.78327022064744,45.78327022064744
129964_1767695400,129964,2026-01-06 10:30:00,2,-51.0,-34.82642020147088,-16.17357979852912,16.17357979852912
130238_1767695400,130238,2026-01-06 10:30:00,2,-12.0,-20.743290181366135,8.743290181366135,8.743290181366135
133957_1767695400,133957,2026-01-06 10:30:00,2,28.0,-0.6536918069848454,28.653691806984845,28.653691806984845
129964_1767695700,129964,2026-01-06 10:35:00,2,-51.0,-32.477693191764146,-18.522306808235854,18.522306808235854
132430_1767695700,132430,2026-01-06 10:35:00,2,30.0,91.73984813625592,-61.739848136255915,61.739848136255915
130238_1767695700,130238,2026-01-06 10:35:00,2,2.0,-43.9185605392573,45.9185605392573,45.9185605392573
129964_1767696000,129964,2026-01-06 10:40:00,2,-11.0,5.845700611041835,-16.845700611041835,16.845700611041835
133957_1767696000,133957,2026-01-06 10:40:00,2,138.0,113.85201760976655,24.14798239023345,24.14798239023345
132430_1767696000,132430,2026-01-06 10:40:00,2,-71.0,182.12230627203158,-253.12230627203158,253.12230627203158
130238_1767696000,130238,2026-01-06 10:40:00,2,-34.0,-51.82345888496501,17.823458884965007,17.823458884965007
132430_1767696300,132430,2026-01-06 10:45:00,2,221.0,179.08003132227594,41.91996867772406,41.91996867772406
129964_1767696300,129964,2026-01-06 10:45:00,2,73.0,15.847986924494087,57.15201307550591,57.15201307550591
133957_1767696300,133957,2026-01-06 10:45:00,2,156.0,98.23394526583363,57.766054734166374,57.766054734166374
130238_1767696300,130238,2026-01-06 10:45:00,2,10.0,41.43528720728908,-31.43528720728908,31.43528720728908
132430_1767696600,132430,2026-01-06 10:50:00,2,264.0,199.7306661859086,64.2693338140914,64.2693338140914
129964_1767696600,129964,2026-01-06 10:50:00,2,111.0,83.38602519828183,27.61397480171817,27.61397480171817
133957_1767696600,133957,2026-01-06 10:50:00,2,185.0,165.29663582562648,19.70336417437352,19.70336417437352
130238_1767696600,130238,2026-01-06 10:50:00,2,46.0,-6.420959955364488,52.42095995536449,52.42095995536449
129964_1767696900,129964,2026-01-06 10:55:00,2,140.0,146.82935796459918,-6.829357964599183,6.829357964599183
133957_1767696900,133957,2026-01-06 10:55:00,2,111.0,141.79810575700793,-30.79810575700793,30.79810575700793
132430_1767696900,132430,2026-01-06 10:55:00,2,113.0,171.3495719639575,-58.34957196395749,58.34957196395749
130238_1767696900,130238,2026-01-06 10:55:00,2,29.0,-21.24069002099428,50.24069002099428,50.24069002099428
132430_1767697200,132430,2026-01-06 11:00:00,2,17.0,47.917512975750014,-30.917512975750014,30.917512975750014
133300_1767697200,133300,2026-01-06 11:00:00,2,49.0,46.927880201448836,2.0721197985511637,2.0721197985511637
133957_1767697200,133957,2026-01-06 11:00:00,2,64.0,120.15190963227774,-56.151909632277736,56.151909632277736
129964_1767697200,129964,2026-01-06 11:00:00,2,133.0,83.27768459246502,49.72231540753498,49.72231540753498
129964_1767697500,129964,2026-01-06 11:05:00,2,75.0,32.1903695287983,42.8096304712017,42.8096304712017
133957_1767697500,133957,2026-01-06 11:05:00,2,3.0,40.4385502779069,-37.4385502779069,37.4385502779069
132430_1767697500,132430,2026-01-06 11:05:00,2,86.0,12.67178580813733,73.32821419186267,73.32821419186267
133300_1767697500,133300,2026-01-06 11:05:00,2,77.0,19.946920013839062,57.05307998616094,57.05307998616094
133957_1767697800,133957,2026-01-06 11:10:00,2,18.0,11.883903032344193,6.116096967655807,6.116096967655807
132430_1767697800,132430,2026-01-06 11:10:00,2,70.0,75.2185514472452,-5.218551447245204,5.218551447245204
129964_1767697800,129964,2026-01-06 11:10:00,2,26.0,8.557372868532212,17.442627131467788,17.442627131467788
132430_1767698100,132430,2026-01-06 11:15:00,2,49.0,49.12698648511946,-0.12698648511945976,0.12698648511945976
133957_1767698100,133957,2026-01-06 11:15:00,2,-47.0,-36.041347749757705,-10.958652250242295,10.958652250242295
129964_1767698100,129964,2026-01-06 11:15:00,2,10.0,10.297496201547872,-0.2974962015478724,0.2974962015478724
129964_1767698400,129964,2026-01-06 11:20:00,2,14.0,-18.2241507358477,32.2241507358477,32.2241507358477
132430_1767698400,132430,2026-01-06 11:20:00,2,49.0,86.24116970207248,-37.24116970207248,37.24116970207248
131672_1767698400,131672,2026-01-06 11:20:00,2,60.0,56.75577565261854,3.2442243473814614,3.2442243473814614
133957_1767698400,133957,2026-01-06 11:20:00,2,-69.0,-9.712606271535108,-59.28739372846489,59.28739372846489
131672_1767698700,131672,2026-01-06 11:25:00,2,82.0,77.322746459581,4.677253540419002,4.677253540419002
129964_1767698700,129964,2026-01-06 11:25:00,2,0.0,-48.4437459629757,48.4437459629757,48.4437459629757
133957_1767698700,133957,2026-01-06 11:25:00,2,-145.0,-100.2476724998007,-44.7523275001993,44.7523275001993
133957_1767699000,133957,2026-01-06 11:30:00,2,-96.0,-112.58482540597305,16.58482540597305,16.58482540597305
129964_1767699000,129964,2026-01-06 11:30:00,2,80.0,-18.996291515166675,98.99629151516667,98.99629151516667
132430_1767699000,132430,2026-01-06 11:30:00,2,14.0,48.5175054100407,-34.5175054100407,34.5175054100407
131672_1767699000,131672,2026-01-06 11:30:00,2,4.0,-0.9721134677898675,4.9721134677898675,4.9721134677898675
132430_1767699300,132430,2026-01-06 11:35:00,2,14.0,-10.885897020432921,24.88589702043292,24.88589702043292
129964_1767699300,129964,2026-01-06 11:35:00,2,49.0,-30.806344855641484,79.80634485564148,79.80634485564148
133957_1767699300,133957,2026-01-06 11:35:00,2,-249.0,-128.77741709391833,-120.22258290608167,120.22258290608167
131672_1767699300,131672,2026-01-06 11:35:00,2,40.0,50.72596326227482,-10.725963262274817,10.725963262274817
131672_1767699600,131672,2026-01-06 11:40:00,2,-28.0,-51.7822049551212,23.782204955121202,23.782204955121202
133957_1767699600,133957,2026-01-06 11:40:00,2,-254.0,-221.96435182973198,-32.03564817026802,32.03564817026802
132430_1767699600,132430,2026-01-06 11:40:00,2,-87.0,-74.47474335210055,-12.525256647899454,12.525256647899454
129964_1767699900,129964,2026-01-06 11:45:00,2,-53.0,-48.23496133596791,-4.76503866403209,4.76503866403209
132430_1767699900,132430,2026-01-06 11:45:00,2,-110.0,-85.68397229177793,-24.316027708222066,24.316027708222066
131672_1767699900,131672,2026-01-06 11:45:00,2,-29.0,-89.947916358107,60.947916358106994,60.947916358106994
133957_1767699900,133957,2026-01-06 11:45:00,2,-158.0,-50.72099563548163,-107.27900436451837,107.27900436451837
131672_1767700200,131672,2026-01-06 11:50:00,2,-23.0,-36.81681437616359,13.816814376163592,13.816814376163592
133957_1767700200,133957,2026-01-06 11:50:00,2,80.0,18.24851553098823,61.75148446901177,61.75148446901177
132430_1767700200,132430,2026-01-06 11:50:00,2,-136.0,-29.83103006512647,-106.16896993487353,106.16896993487353
132430_1767700500,132430,2026-01-06 11:55:00,2,-6.0,-64.00583680644009,58.00583680644009,58.00583680644009
133957_1767700500,133957,2026-01-06 11:55:00,2,42.0,45.551995012204124,-3.5519950122041237,3.5519950122041237
131672_1767700500,131672,2026-01-06 11:55:00,2,-47.0,-1.9483552466489868,-45.05164475335101,45.05164475335101
122048_1767700800,122048,2026-01-06 12:00:00,2,374.0,345.6833299068702,28.3166700931298,28.3166700931298
131672_1767700800,131672,2026-01-06 12:00:00,2,-105.0,-81.45201821371813,-23.547981786281866,23.547981786281866
122048_1767701100,122048,2026-01-06 12:05:00,2,312.0,312.4021804118165,-0.4021804118165164,0.4021804118165164
122658_1767701100,122658,2026-01-06 12:05:00,2,121.0,213.97730833912124,-92.97730833912124,92.97730833912124
131672_1767701100,131672,2026-01-06 12:05:00,2,-83.0,-138.42615181074203,55.42615181074203,55.42615181074203
122048_1767701400,122048,2026-01-06 12:10:00,2,354.0,322.4590387575717,31.540961242428295,31.540961242428295
131672_1767701400,131672,2026-01-06 12:10:00,2,-207.0,-169.88856190234898,-37.11143809765102,37.11143809765102
122658_1767701700,122658,2026-01-06 12:15:00,2,0.0,-11.33173380573755,11.33173380573755,11.33173380573755
122048_1767701700,122048,2026-01-06 12:15:00,2,273.0,273.55271261836253,-0.5527126183625342,0.5527126183625342
122658_1767702000,122658,2026-01-06 12:20:00,2,0.0,15.638415386580178,-15.638415386580178,15.638415386580178
122048_1767702000,122048,2026-01-06 12:20:00,2,252.0,232.84691787762412,19.153082122375878,19.153082122375878
122658_1767702300,122658,2026-01-06 12:25:00,2,0.0,2.0164947922715015,-2.0164947922715015,2.0164947922715015
122048_1767702300,122048,2026-01-06 12:25:00,2,158.0,160.06998234018596,-2.069982340185959,2.069982340185959
133957_1767702600,133957,2026-01-06 12:30:00,2,172.0,25.138014624431683,146.8619853755683,146.8619853755683
132430_1767702600,132430,2026-01-06 12:30:00,2,-64.0,20.957808100343968,-84.95780810034397,84.95780810034397
122658_1767702600,122658,2026-01-06 12:30:00,2,0.0,-4.721958886463526,4.721958886463526,4.721958886463526
122048_1767702600,122048,2026-01-06 12:30:00,2,144.0,127.74359216811635,16.25640783188365,16.25640783188365
122658_1767702900,122658,2026-01-06 12:35:00,2,0.0,5.8738355295993046,-5.8738355295993046,5.8738355295993046
122048_1767702900,122048,2026-01-06 12:35:00,2,138.0,174.42530194275534,-36.42530194275534,36.42530194275534
133957_1767702900,133957,2026-01-06 12:35:00,2,97.0,44.61263513596769,52.38736486403231,52.38736486403231
132430_1767702900,132430,2026-01-06 12:35:00,2,-181.0,-121.34891752051234,-59.651082479487656,59.651082479487656
122658_1767703200,122658,2026-01-06 12:40:00,2,0.0,-9.03495494800923,9.03495494800923,9.03495494800923
131672_1767703200,131672,2026-01-06 12:40:00,2,17.0,9.129612043049839,7.870387956950161,7.870387956950161
132430_1767703200,132430,2026-01-06 12:40:00,2,-100.0,-48.193403941198284,-51.806596058801716,51.806596058801716
122048_1767703200,122048,2026-01-06 12:40:00,2,87.0,92.37618182453534,-5.376181824535337,5.376181824535337
133957_1767703200,133957,2026-01-06 12:40:00,2,101.0,118.50688471922822,-17.506884719228225,17.506884719228225
135081_1767703200,135081,2026-01-06 12:40:00,2,-171.0,-112.42679005659025,-58.57320994340975,58.57320994340975
133957_1767703500,133957,2026-01-06 12:45:00,2,161.0,95.63274296781876,65.36725703218124,65.36725703218124
132430_1767703500,132430,2026-01-06 12:45:00,2,-75.0,-89.9539186365086,14.953918636508604,14.953918636508604
122658_1767703500,122658,2026-01-06 12:45:00,2,0.0,1.3531920800238026,-1.3531920800238026,1.3531920800238026
131672_1767703500,131672,2026-01-06 12:45:00,2,76.0,71.25658095092373,4.743419049076266,4.743419049076266
122048_1767703500,122048,2026-01-06 12:45:00,2,84.0,49.4296414940934,34.5703585059066,34.5703585059066
135081_1767703500,135081,2026-01-06 12:45:00,2,-72.0,-58.56276575515679,-13.43723424484321,13.43723424484321
132430_1767703800,132430,2026-01-06 12:50:00,2,-58.0,-92.87569500963735,34.875695009637354,34.875695009637354
122658_1767703800,122658,2026-01-06 12:50:00,2,103.0,67.80489706831932,35.19510293168068,35.19510293168068
135081_1767703800,135081,2026-01-06 12:50:00,2,-16.0,-9.417186639181189,-6.582813360818811,6.582813360818811
131672_1767703800,131672,2026-01-06 12:50:00,2,53.0,61.671735501713385,-8.671735501713385,8.671735501713385
122048_1767703800,122048,2026-01-06 12:50:00,2,84.0,49.27465747455377,34.72534252544623,34.72534252544623
131672_1767704100,131672,2026-01-06 12:55:00,2,192.0,105.07652124806327,86.92347875193673,86.92347875193673
132430_1767704100,132430,2026-01-06 12:55:00,2,-74.0,-61.89065381410609,-12.109346185893912,12.109346185893912
135081_1767704100,135081,2026-01-06 12:55:00,2,-27.0,34.196546779108544,-61.196546779108544,61.196546779108544
122658_1767704100,122658,2026-01-06 12:55:00,2,252.0,167.86003172194995,84.13996827805005,84.13996827805005
122048_1767704100,122048,2026-01-06 12:55:00,2,0.0,44.14660841626973,-44.14660841626973,44.14660841626973
122048_1767704400,122048,2026-01-06 13:00:00,2,0.0,-15.78337012549747,15.78337012549747,15.78337012549747
135081_1767704400,135081,2026-01-06 13:00:00,2,11.0,35.92862946583585,-24.928629465835847,24.928629465835847
122658_1767704400,122658,2026-01-06 13:00:00,2,289.0,269.3372357339203,19.662764266079705,19.662764266079705
122048_1767704700,122048,2026-01-06 13:05:00,2,0.0,0.892114649532175,-0.892114649532175,0.892114649532175
132430_1767704700,132430,2026-01-06 13:05:00,2,16.0,41.54279588577025,-25.542795885770254,25.542795885770254
134040_1767704700,134040,2026-01-06 13:05:00,2,-7.0,50.97586374815266,-57.97586374815266,57.97586374815266
122658_1767704700,122658,2026-01-06 13:05:00,2,321.0,253.890975173126,67.10902482687399,67.10902482687399
134040_1767705000,134040,2026-01-06 13:10:00,2,47.0,82.30478074619914,-35.30478074619914,35.30478074619914
122658_1767705000,122658,2026-01-06 13:10:00,2,406.0,366.63813938626265,39.36186061373735,39.36186061373735
122048_1767705000,122048,2026-01-06 13:10:00,2,0.0,-20.08910323316418,20.08910323316418,20.08910323316418
132430_1767705000,132430,2026-01-06 13:10:00,2,16.0,18.73796163310881,-2.73796163310881,2.73796163310881
132430_1767705300,132430,2026-01-06 13:15:00,2,17.0,22.54259721093002,-5.542597210930019,5.542597210930019
122048_1767705300,122048,2026-01-06 13:15:00,2,0.0,-22.0937139118993,22.0937139118993,22.0937139118993
134040_1767705300,134040,2026-01-06 13:15:00,2,84.0,101.49365320571812,-17.493653205718118,17.493653205718118
132430_1767705600,132430,2026-01-06 13:20:00,2,77.0,80.18163826224577,-3.1816382622457695,3.1816382622457695
122658_1767705600,122658,2026-01-06 13:20:00,2,0.0,23.409411399248146,-23.409411399248146,23.409411399248146
134040_1767705600,134040,2026-01-06 13:20:00,2,113.0,92.507998368367,20.492001631633002,20.492001631633002
122613_1767705900,122613,2026-01-06 13:25:00,2,0.0,-26.305717310516286,26.305717310516286,26.305717310516286
132430_1767705900,132430,2026-01-06 13:25:00,2,57.0,134.57411420550616,-77.57411420550616,77.57411420550616
134040_1767705900,134040,2026-01-06 13:25:00,2,37.0,94.26127478860505,-57.26127478860505,57.26127478860505
135081_1767705900,135081,2026-01-06 13:25:00,2,79.0,71.1829422535506,7.817057746449393,7.817057746449393
132430_1767706200,132430,2026-01-06 13:30:00,2,196.0,225.67052001668742,-29.67052001668742,29.67052001668742
134040_1767706200,134040,2026-01-06 13:30:00,2,123.0,123.74959909488817,-0.7495990948881683,0.7495990948881683
134040_1767706500,134040,2026-01-06 13:35:00,2,172.0,127.25641207301531,44.74358792698469,44.74358792698469
132430_1767706500,132430,2026-01-06 13:35:00,2,103.0,207.8439860283929,-104.84398602839289,104.84398602839289
134040_1767706800,134040,2026-01-06 13:40:00,2,317.0,201.08670050918178,115.91329949081822,115.91329949081822
132430_1767706800,132430,2026-01-06 13:40:00,2,53.0,63.37923771842713,-10.379237718427127,10.379237718427127
134040_1767707100,134040,2026-01-06 13:45:00,2,231.0,165.69297858729826,65.30702141270174,65.30702141270174
134040_1767707400,134040,2026-01-06 13:50:00,2,234.0,135.86123533953997,98.13876466046003,98.13876466046003
134040_1767707700,134040,2026-01-06 13:55:00,2,200.0,208.87448847774112,-8.874488477741124,8.874488477741124
122613_1767708000,122613,2026-01-06 14:00:00,2,0.0,-26.000281522645793,26.000281522645793,26.000281522645793
135081_1767708000,135081,2026-01-06 14:00:00,2,19.0,59.661307751490256,-40.661307751490256,40.661307751490256
122613_1767708300,122613,2026-01-06 14:05:00,2,0.0,3.3515374867679952,-3.3515374867679952,3.3515374867679952
135081_1767708300,135081,2026-01-06 14:05:00,2,-36.0,-53.62644113735266,17.626441137352657,17.626441137352657
122613_1767708600,122613,2026-01-06 14:10:00,2,-77.0,-89.50175499846193,12.501754998461934,12.501754998461934
135081_1767708600,135081,2026-01-06 14:10:00,2,-19.0,-75.39662420517297,56.39662420517297,56.39662420517297
122613_1767708900,122613,2026-01-06 14:15:00,2,0.0,-61.901088868197604,61.901088868197604,61.901088868197604
135081_1767708900,135081,2026-01-06 14:15:00,2,-17.0,-61.15847430902117,44.15847430902117,44.15847430902117
122613_1767709200,122613,2026-01-06 14:20:00,2,0.0,-17.076914175332007,17.076914175332007,17.076914175332007
135081_1767709200,135081,2026-01-06 14:20:00,2,-17.0,-68.57796493140289,51.57796493140289,51.57796493140289
122613_1767709500,122613,2026-01-06 14:25:00,2,0.0,-33.085918756801405,33.085918756801405,33.085918756801405
135081_1767709500,135081,2026-01-06 14:25:00,2,-102.0,-81.48745058363343,-20.512549416366568,20.512549416366568
122613_1767709800,122613,2026-01-06 14:30:00,2,0.0,-16.198046176376252,16.198046176376252,16.198046176376252
135081_1767709800,135081,2026-01-06 14:30:00,2,-84.0,-65.62413564554213,-18.375864354457875,18.375864354457875
134040_1767709800,134040,2026-01-06 14:30:00,2,79.0,74.24347274769883,4.756527252301169,4.756527252301169
122613_1767710100,122613,2026-01-06 14:35:00,2,0.0,-28.09963946163829,28.09963946163829,28.09963946163829
135081_1767710100,135081,2026-01-06 14:35:00,2,-126.0,-85.0854985583949,-40.9145014416051,40.9145014416051
134040_1767710100,134040,2026-01-06 14:35:00,2,4.0,15.259143876842643,-11.259143876842643,11.259143876842643
122613_1767710400,122613,2026-01-06 14:40:00,2,0.0,-33.72635353699563,33.72635353699563,33.72635353699563
134040_1767710400,134040,2026-01-06 14:40:00,2,68.0,49.196596638248145,18.803403361751855,18.803403361751855
135081_1767710400,135081,2026-01-06 14:40:00,2,-128.0,-101.27751058717888,-26.72248941282112,26.72248941282112
135081_1767710700,135081,2026-01-06 14:45:00,2,-145.0,-169.15998110155633,24.159981101556326,24.159981101556326
122613_1767710700,122613,2026-01-06 14:45:00,2,0.0,7.379168555375266,-7.379168555375266,7.379168555375266
134040_1767710700,134040,2026-01-06 14:45:00,2,87.0,89.14737365160852,-2.1473736516085182,2.1473736516085182
134040_1767711000,134040,2026-01-06 14:50:00,2,187.0,168.99243618826551,18.007563811734485,18.007563811734485
135081_1767711000,135081,2026-01-06 14:50:00,2,-175.0,-152.63210972040432,-22.367890279595684,22.367890279595684
134040_1767711300,134040,2026-01-06 14:55:00,2,267.0,240.30064124226558,26.699358757734416,26.699358757734416
135081_1767711300,135081,2026-01-06 14:55:00,2,-168.0,-128.19877308837272,-39.80122691162728,39.80122691162728
135081_1767711600,135081,2026-01-06 15:00:00,2,11.0,-38.998096260098535,49.998096260098535,49.998096260098535
135081_1767711900,135081,2026-01-06 15:05:00,2,-12.0,0.7381650371876489,-12.738165037187649,12.738165037187649
130072_1767733800,130072,2026-01-06 21:10:00,2,168.0,117.02576771894215,50.97423228105785,50.97423228105785
130072_1767734100,130072,2026-01-06 21:15:00,2,195.0,147.70085250436688,47.29914749563312,47.29914749563312
130072_1767734400,130072,2026-01-06 21:20:00,2,163.0,133.9070152122038,29.092984787796212,29.092984787796212
130072_1767734700,130072,2026-01-06 21:25:00,2,0.0,30.71614495139174,-30.71614495139174,30.71614495139174
130072_1767735000,130072,2026-01-06 21:30:00,2,0.0,0.8955572242753504,-0.8955572242753504,0.8955572242753504
134494_1767739800,134494,2026-01-06 22:50:00,2,0.0,-8.26340108601783,8.26340108601783,8.26340108601783
134494_1767740100,134494,2026-01-06 22:55:00,2,0.0,-15.7157928924955,15.7157928924955,15.7157928924955
130238_1767697200,130238,2026-01-06 11:00:00,3,40.0,68.99619170148648,-28.99619170148648,28.99619170148648
130238_1767697500,130238,2026-01-06 11:05:00,3,32.0,36.17958649542264,-4.17958649542264,4.17958649542264
133300_1767697800,133300,2026-01-06 11:10:00,3,65.0,10.30433438890114,54.69566561109886,54.69566561109886
133300_1767698100,133300,2026-01-06 11:15:00,3,151.0,138.14971164744293,12.850288352557072,12.850288352557072
133300_1767698400,133300,2026-01-06 11:20:00,3,225.0,219.2075269318845,5.792473068115498,5.792473068115498
129964_1767700200,129964,2026-01-06 11:50:00,3,-73.0,-42.975183178658384,-30.024816821341616,30.024816821341616
129964_1767700500,129964,2026-01-06 11:55:00,3,90.0,51.36244973358147,38.63755026641853,38.63755026641853
133300_1767700800,133300,2026-01-06 12:00:00,3,260.0,202.12098260440044,57.87901739559956,57.87901739559956
133300_1767701400,133300,2026-01-06 12:10:00,3,-7.0,29.03566071770985,-36.035660717709845,36.035660717709845
133300_1767701700,133300,2026-01-06 12:15:00,3,-7.0,29.156067784494248,-36.15606778449425,36.15606778449425
133300_1767702000,133300,2026-01-06 12:20:00,3,132.0,99.15802117348406,32.84197882651594,32.84197882651594
133300_1767702300,133300,2026-01-06 12:25:00,3,114.0,62.611753541914894,51.388246458085106,51.388246458085106
133300_1767702600,133300,2026-01-06 12:30:00,3,47.0,58.960091410022926,-11.960091410022926,11.960091410022926
133300_1767702900,133300,2026-01-06 12:35:00,3,95.0,97.07591513921886,-2.075915139218864,2.075915139218864
133300_1767703200,133300,2026-01-06 12:40:00,3,322.0,288.1209359009747,33.8790640990253,33.8790640990253
133957_1767703800,133957,2026-01-06 12:50:00,3,40.0,36.628305161400654,3.371694838599346,3.371694838599346
133300_1767703800,133300,2026-01-06 12:50:00,3,-25.0,-50.94896938742639,25.948969387426388,25.948969387426388
133957_1767704100,133957,2026-01-06 12:55:00,3,139.0,85.72613811068942,53.27386188931058,53.27386188931058
129964_1767704400,129964,2026-01-06 13:00:00,3,-106.0,-117.46103585867988,11.461035858679878,11.461035858679878
129964_1767704700,129964,2026-01-06 13:05:00,3,-150.0,-77.27547431426592,-72.72452568573408,72.72452568573408
129964_1767705000,129964,2026-01-06 13:10:00,3,-165.0,-32.69508805217001,-132.30491194783,132.30491194783
129964_1767705300,129964,2026-01-06 13:15:00,3,-95.0,-26.95670156851726,-68.04329843148274,68.04329843148274
133957_1767705600,133957,2026-01-06 13:20:00,3,113.0,111.69016906938793,1.3098309306120655,1.3098309306120655
129964_1767705600,129964,2026-01-06 13:20:00,3,11.0,-54.50892048313952,65.50892048313952,65.50892048313952
122048_1767705600,122048,2026-01-06 13:20:00,3,0.0,-3.1737529572171113,3.1737529572171113,3.1737529572171113
133957_1767705900,133957,2026-01-06 13:25:00,3,123.0,136.00588192930815,-13.005881929308146,13.005881929308146
129964_1767705900,129964,2026-01-06 13:25:00,3,-32.0,-103.93672471917799,71.93672471917799,71.93672471917799
122658_1767705900,122658,2026-01-06 13:25:00,3,0.0,1.0956615513676766,-1.0956615513676766,1.0956615513676766
122048_1767705900,122048,2026-01-06 13:25:00,3,0.0,-2.73645533202523,2.73645533202523,2.73645533202523
122048_1767706200,122048,2026-01-06 13:30:00,3,0.0,15.267064628095973,-15.267064628095973,15.267064628095973
131672_1767706200,131672,2026-01-06 13:30:00,3,37.0,10.286440887500994,26.713559112499006,26.713559112499006
129964_1767706200,129964,2026-01-06 13:30:00,3,-50.0,-72.48257832755856,22.482578327558556,22.482578327558556
131672_1767706500,131672,2026-01-06 13:35:00,3,131.0,106.57484451163977,24.425155488360232,24.425155488360232
122048_1767706500,122048,2026-01-06 13:35:00,3,0.0,9.427493714111527,-9.427493714111527,9.427493714111527
129964_1767706500,129964,2026-01-06 13:35:00,3,-51.0,-30.358331757646,-20.641668242354,20.641668242354
129964_1767706800,129964,2026-01-06 13:40:00,3,-34.0,-34.13259351482026,0.1325935148202575,0.1325935148202575
122048_1767706800,122048,2026-01-06 13:40:00,3,0.0,9.120722726054211,-9.120722726054211,9.120722726054211
129964_1767707100,129964,2026-01-06 13:45:00,3,25.0,-49.12524767117827,74.12524767117827,74.12524767117827
122048_1767707100,122048,2026-01-06 13:45:00,3,0.0,13.09012179694836,-13.09012179694836,13.09012179694836
132430_1767707100,132430,2026-01-06 13:45:00,3,78.0,114.31217128348702,-36.31217128348702,36.31217128348702
122048_1767707400,122048,2026-01-06 13:50:00,3,0.0,-8.518483333061234,8.518483333061234,8.518483333061234
129964_1767707400,129964,2026-01-06 13:50:00,3,-62.0,-44.551057765706375,-17.448942234293625,17.448942234293625
132430_1767707400,132430,2026-01-06 13:50:00,3,39.0,121.07946710751526,-82.07946710751526,82.07946710751526
122048_1767707700,122048,2026-01-06 13:55:00,3,0.0,-12.819413938490143,12.819413938490143,12.819413938490143
132430_1767707700,132430,2026-01-06 13:55:00,3,58.0,103.3638093033988,-45.363809303398796,45.363809303398796
129964_1767707700,129964,2026-01-06 13:55:00,3,5.0,-5.327803820818566,10.327803820818566,10.327803820818566
133957_1767708000,133957,2026-01-06 14:00:00,3,253.0,150.58340811315998,102.41659188684002,102.41659188684002
132430_1767708000,132430,2026-01-06 14:00:00,3,192.0,201.25991588401544,-9.259915884015442,9.259915884015442
129964_1767708000,129964,2026-01-06 14:00:00,3,-6.0,51.11290061796099,-57.11290061796099,57.11290061796099
133957_1767708300,133957,2026-01-06 14:05:00,3,180.0,170.53284229960883,9.46715770039117,9.46715770039117
132430_1767708300,132430,2026-01-06 14:05:00,3,68.0,81.55900034786688,-13.559000347866885,13.559000347866885
129964_1767708600,129964,2026-01-06 14:10:00,3,-114.0,-111.07269096387765,-2.9273090361223524,2.9273090361223524
131672_1767708600,131672,2026-01-06 14:10:00,3,60.0,72.35948786757207,-12.35948786757207,12.35948786757207
132430_1767708600,132430,2026-01-06 14:10:00,3,-7.0,37.91293078474526,-44.91293078474526,44.91293078474526
133957_1767708600,133957,2026-01-06 14:10:00,3,238.0,147.3607125169289,90.63928748307109,90.63928748307109
131672_1767708900,131672,2026-01-06 14:15:00,3,90.0,112.05055916259019,-22.05055916259019,22.05055916259019
132430_1767708900,132430,2026-01-06 14:15:00,3,115.0,84.88693248857237,30.11306751142763,30.11306751142763
129964_1767708900,129964,2026-01-06 14:15:00,3,-106.0,-125.69208768646513,19.69208768646513,19.69208768646513
133957_1767708900,133957,2026-01-06 14:15:00,3,170.0,132.5565271486769,37.443472851323094,37.443472851323094
132430_1767709200,132430,2026-01-06 14:20:00,3,98.0,140.72251365901923,-42.72251365901923,42.72251365901923
133957_1767709200,133957,2026-01-06 14:20:00,3,81.0,34.119945353158485,46.880054646841515,46.880054646841515
131672_1767709200,131672,2026-01-06 14:20:00,3,91.0,116.44087941183626,-25.440879411836264,25.440879411836264
129964_1767709200,129964,2026-01-06 14:20:00,3,-77.0,-77.42279076983823,0.4227907698382296,0.4227907698382296
131672_1767709500,131672,2026-01-06 14:25:00,3,115.0,100.31838786542889,14.681612134571111,14.681612134571111
132430_1767709500,132430,2026-01-06 14:25:00,3,158.0,178.1396014399739,-20.139601439973887,20.139601439973887
129964_1767709500,129964,2026-01-06 14:25:00,3,-93.0,-55.776635276639,-37.223364723361,37.223364723361
132430_1767709800,132430,2026-01-06 14:30:00,3,137.0,164.68143725642506,-27.681437256425056,27.681437256425056
129964_1767709800,129964,2026-01-06 14:30:00,3,-69.0,-26.719544245255463,-42.28045575474454,42.28045575474454
129964_1767710100,129964,2026-01-06 14:35:00,3,-42.0,-48.579288569387145,6.5792885693871455,6.5792885693871455
132430_1767710400,132430,2026-01-06 14:40:00,3,23.0,71.69398657846492,-48.693986578464916,48.693986578464916
129964_1767710400,129964,2026-01-06 14:40:00,3,-145.0,-122.4411432842098,-22.5588567157902,22.5588567157902
132430_1767710700,132430,2026-01-06 14:45:00,3,23.0,20.107921384693412,2.8920786153065876,2.8920786153065876
129964_1767710700,129964,2026-01-06 14:45:00,3,-127.0,-105.28322326592499,-21.71677673407501,21.71677673407501
129964_1767711000,129964,2026-01-06 14:50:00,3,-207.0,-137.9912913094549,-69.00870869054509,69.00870869054509
132430_1767711000,132430,2026-01-06 14:50:00,3,47.0,63.29027897721541,-16.290278977215408,16.290278977215408
122613_1767711000,122613,2026-01-06 14:50:00,3,0.0,2.287363332346871,-2.287363332346871,2.287363332346871
129964_1767711300,129964,2026-01-06 14:55:00,3,-66.0,-86.11648614455603,20.116486144556035,20.116486144556035
122613_1767711300,122613,2026-01-06 14:55:00,3,0.0,19.107328902561783,-19.107328902561783,19.107328902561783
132430_1767711300,132430,2026-01-06 14:55:00,3,33.0,70.24929851734629,-37.24929851734629,37.24929851734629
131672_1767711600,131672,2026-01-06 15:00:00,3,-47.0,-49.85364004219673,2.85364004219673,2.85364004219673
133957_1767711600,133957,2026-01-06 15:00:00,3,26.0,62.29497751209981,-36.29497751209981,36.29497751209981
132430_1767711600,132430,2026-01-06 15:00:00,3,171.0,169.62036484624417,1.379635153755828,1.379635153755828
134040_1767711600,134040,2026-01-06 15:00:00,3,199.0,160.09880752404112,38.90119247595888,38.90119247595888
133957_1767711900,133957,2026-01-06 15:05:00,3,17.0,46.55404776611351,-29.554047766113513,29.554047766113513
134040_1767711900,134040,2026-01-06 15:05:00,3,181.0,145.44559972176836,35.55440027823164,35.55440027823164
131672_1767711900,131672,2026-01-06 15:05:00,3,-52.0,-56.502495392719894,4.502495392719894,4.502495392719894
132430_1767711900,132430,2026-01-06 15:05:00,3,384.0,259.15801529383583,124.84198470616417,124.84198470616417
132430_1767712200,132430,2026-01-06 15:10:00,3,291.0,265.3217348082244,25.67826519177561,25.67826519177561
135081_1767712200,135081,2026-01-06 15:10:00,3,-28.0,10.349521668347286,-38.349521668347286,38.349521668347286
133300_1767712200,133300,2026-01-06 15:10:00,3,-35.0,-45.91975388868519,10.919753888685193,10.919753888685193
134040_1767712200,134040,2026-01-06 15:10:00,3,202.0,156.58266549284406,45.41733450715594,45.41733450715594
133957_1767712200,133957,2026-01-06 15:10:00,3,28.0,40.33689691281923,-12.336896912819228,12.336896912819228
133957_1767712500,133957,2026-01-06 15:15:00,3,-36.0,12.450514236620371,-48.45051423662037,48.45051423662037
135081_1767712500,135081,2026-01-06 15:15:00,3,59.0,3.348363737409308,55.65163626259069,55.65163626259069
133300_1767712500,133300,2026-01-06 15:15:00,3,-35.0,-56.27548430815688,21.275484308156877,21.275484308156877
132430_1767712500,132430,2026-01-06 15:15:00,3,226.0,220.77128513275198,5.228714867248016,5.228714867248016
134040_1767712500,134040,2026-01-06 15:15:00,3,199.0,175.23647732248406,23.763522677515937,23.763522677515937
130238_1767712500,130238,2026-01-06 15:15:00,3,10.0,-6.911410590149224,16.911410590149224,16.911410590149224
134040_1767712800,134040,2026-01-06 15:20:00,3,183.0,172.32073827164118,10.679261728358824,10.679261728358824
130238_1767712800,130238,2026-01-06 15:20:00,3,-40.0,-15.824555134852815,-24.175444865147185,24.175444865147185
132430_1767712800,132430,2026-01-06 15:20:00,3,258.0,290.7651948104203,-32.765194810420326,32.765194810420326
133300_1767712800,133300,2026-01-06 15:20:00,3,36.0,18.32065963446351,17.67934036553649,17.67934036553649
133957_1767712800,133957,2026-01-06 15:20:00,3,-93.0,-54.33860680666062,-38.66139319333938,38.66139319333938
134040_1767713100,134040,2026-01-06 15:25:00,3,91.0,111.12658362365455,-20.126583623654554,20.126583623654554
130238_1767713100,130238,2026-01-06 15:25:00,3,-124.0,-22.491460771318927,-101.50853922868107,101.50853922868107
132430_1767713100,132430,2026-01-06 15:25:00,3,199.0,253.1261198959308,-54.1261198959308,54.1261198959308
133957_1767713100,133957,2026-01-06 15:25:00,3,74.0,-66.32768453619418,140.32768453619417,140.32768453619417
122658_1767713100,122658,2026-01-06 15:25:00,3,27.0,40.725728851909665,-13.725728851909665,13.725728851909665
122613_1767713400,122613,2026-01-06 15:30:00,3,0.0,9.995344155846716,-9.995344155846716,9.995344155846716
122658_1767713400,122658,2026-01-06 15:30:00,3,86.0,68.3445041318469,17.655495868153096,17.655495868153096
131672_1767713400,131672,2026-01-06 15:30:00,3,12.0,4.584888161008038,7.415111838991962,7.415111838991962
130238_1767713400,130238,2026-01-06 15:30:00,3,-99.0,10.579608590791906,-109.5796085907919,109.5796085907919
133957_1767713400,133957,2026-01-06 15:30:00,3,75.0,-17.37248575700839,92.37248575700839,92.37248575700839
122048_1767713400,122048,2026-01-06 15:30:00,3,0.0,-31.621612702453433,31.621612702453433,31.621612702453433
122613_1767713700,122613,2026-01-06 15:35:00,3,0.0,27.461191237559085,-27.461191237559085,27.461191237559085
131672_1767713700,131672,2026-01-06 15:35:00,3,86.0,40.45305139859055,45.54694860140945,45.54694860140945
133957_1767713700,133957,2026-01-06 15:35:00,3,-11.0,42.2898034483516,-53.2898034483516,53.2898034483516
122658_1767713700,122658,2026-01-06 15:35:00,3,159.0,76.28154015751954,82.71845984248046,82.71845984248046
122048_1767713700,122048,2026-01-06 15:35:00,3,0.0,2.2403914194624477,-2.2403914194624477,2.2403914194624477
130238_1767713700,130238,2026-01-06 15:35:00,3,-47.0,-84.23086158292008,37.230861582920085,37.230861582920085
122613_1767714000,122613,2026-01-06 15:40:00,3,0.0,19.882849642675456,-19.882849642675456,19.882849642675456
131672_1767714000,131672,2026-01-06 15:40:00,3,67.0,2.238994140692995,64.761005859307,64.761005859307
122048_1767714000,122048,2026-01-06 15:40:00,3,0.0,-22.410076668616966,22.410076668616966,22.410076668616966
130238_1767714000,130238,2026-01-06 15:40:00,3,-41.0,-62.810810518129415,21.810810518129415,21.810810518129415
122658_1767714000,122658,2026-01-06 15:40:00,3,225.0,261.4469883013079,-36.4469883013079,36.4469883013079
122613_1767714300,122613,2026-01-06 15:45:00,3,0.0,15.3083428609402,-15.3083428609402,15.3083428609402
130238_1767714300,130238,2026-01-06 15:45:00,3,-45.0,-74.00616502757816,29.006165027578163,29.006165027578163
122048_1767714300,122048,2026-01-06 15:45:00,3,0.0,-51.82967376219757,51.82967376219757,51.82967376219757
131672_1767714300,131672,2026-01-06 15:45:00,3,70.0,47.94429718025596,22.05570281974404,22.05570281974404
122658_1767714300,122658,2026-01-06 15:45:00,3,348.0,244.16623076491146,103.83376923508854,103.83376923508854
122048_1767714600,122048,2026-01-06 15:50:00,3,0.0,-20.82367295892176,20.82367295892176,20.82367295892176
122613_1767714600,122613,2026-01-06 15:50:00,3,0.0,3.59483824255166,-3.59483824255166,3.59483824255166
130238_1767714600,130238,2026-01-06 15:50:00,3,-30.0,-31.109485656679055,1.1094856566790554,1.1094856566790554
122658_1767714600,122658,2026-01-06 15:50:00,3,362.0,269.9937435092402,92.00625649075982,92.00625649075982
131672_1767714600,131672,2026-01-06 15:50:00,3,13.0,-2.503039807983498,15.503039807983498,15.503039807983498
122613_1767714900,122613,2026-01-06 15:55:00,3,0.0,16.619591132642803,-16.619591132642803,16.619591132642803
130238_1767714900,130238,2026-01-06 15:55:00,3,-78.0,-36.06711834361499,-41.93288165638501,41.93288165638501
122658_1767714900,122658,2026-01-06 15:55:00,3,2.0,12.758527434505524,-10.758527434505524,10.758527434505524
122048_1767714900,122048,2026-01-06 15:55:00,3,0.0,11.852109235066415,-11.852109235066415,11.852109235066415
131672_1767714900,131672,2026-01-06 15:55:00,3,-150.0,-113.63842300683726,-36.36157699316274,36.36157699316274
122048_1767715200,122048,2026-01-06 16:00:00,3,0.0,-1.0807096152517062,1.0807096152517062,1.0807096152517062
122658_1767715200,122658,2026-01-06 16:00:00,3,0.0,-7.637325702566351,7.637325702566351,7.637325702566351
132430_1767715200,132430,2026-01-06 16:00:00,3,485.0,467.7931217404436,17.20687825955639,17.20687825955639
122613_1767715200,122613,2026-01-06 16:00:00,3,0.0,14.778113933743334,-14.778113933743334,14.778113933743334
130238_1767715200,130238,2026-01-06 16:00:00,3,-97.0,-128.068482078693,31.068482078692995,31.068482078692995
122658_1767715500,122658,2026-01-06 16:05:00,3,0.0,-3.6453965620563054,3.6453965620563054,3.6453965620563054
132430_1767715500,132430,2026-01-06 16:05:00,3,483.0,459.50487590818324,23.495124091816763,23.495124091816763
122048_1767715500,122048,2026-01-06 16:05:00,3,0.0,21.277374517282947,-21.277374517282947,21.277374517282947
122613_1767715500,122613,2026-01-06 16:05:00,3,0.0,-43.41137625346168,43.41137625346168,43.41137625346168
122048_1767715800,122048,2026-01-06 16:10:00,3,0.0,8.270145291842418,-8.270145291842418,8.270145291842418
122658_1767715800,122658,2026-01-06 16:10:00,3,0.0,-22.870564840490132,22.870564840490132,22.870564840490132
122048_1767716100,122048,2026-01-06 16:15:00,3,0.0,20.208642575288327,-20.208642575288327,20.208642575288327
122658_1767716100,122658,2026-01-06 16:15:00,3,0.0,4.2714019499823195,-4.2714019499823195,4.2714019499823195
122048_1767716400,122048,2026-01-06 16:20:00,3,0.0,73.88654660744606,-73.88654660744606,73.88654660744606
133957_1767716400,133957,2026-01-06 16:20:00,3,115.0,96.44390092481154,18.556099075188456,18.556099075188456
130238_1767716400,130238,2026-01-06 16:20:00,3,98.0,62.77288295924135,35.22711704075865,35.22711704075865
122658_1767716400,122658,2026-01-06 16:20:00,3,0.0,6.781249109262035,-6.781249109262035,6.781249109262035
133957_1767716700,133957,2026-01-06 16:25:00,3,104.0,122.95746680197136,-18.957466801971364,18.957466801971364
130238_1767716700,130238,2026-01-06 16:25:00,3,9.0,-25.45129383359358,34.45129383359358,34.45129383359358
122048_1767716700,122048,2026-01-06 16:25:00,3,0.0,6.200728438393099,-6.200728438393099,6.200728438393099
122658_1767716700,122658,2026-01-06 16:25:00,3,0.0,-2.015479388802831,2.015479388802831,2.015479388802831
130238_1767717000,130238,2026-01-06 16:30:00,3,-55.0,-51.53324956292789,-3.4667504370721076,3.4667504370721076
135081_1767717000,135081,2026-01-06 16:30:00,3,92.0,69.24695764353127,22.753042356468725,22.753042356468725
135081_1767717300,135081,2026-01-06 16:35:00,3,-22.0,-48.08032320972147,26.08032320972147,26.08032320972147
135081_1767717600,135081,2026-01-06 16:40:00,3,-133.0,-81.1578561360067,-51.8421438639933,51.8421438639933
135081_1767717900,135081,2026-01-06 16:45:00,3,-127.0,-137.20260894226843,10.202608942268427,10.202608942268427
135081_1767718200,135081,2026-01-06 16:50:00,3,-51.0,-105.68842352264855,54.68842352264855,54.68842352264855
135081_1767718500,135081,2026-01-06 16:55:00,3,-77.0,-87.83002676283888,10.830026762838884,10.830026762838884
133957_1767718800,133957,2026-01-06 17:00:00,3,-35.0,-20.914008276605458,-14.085991723394542,14.085991723394542
135081_1767718800,135081,2026-01-06 17:00:00,3,-153.0,-120.78888381282738,-32.21111618717262,32.21111618717262
135081_1767719100,135081,2026-01-06 17:05:00,3,-144.0,-81.16598353813649,-62.83401646186351,62.83401646186351
133957_1767719100,133957,2026-01-06 17:05:00,3,-113.0,-78.13269547778191,-34.86730452221809,34.86730452221809
135081_1767719400,135081,2026-01-06 17:10:00,3,-123.0,-87.36427408214271,-35.635725917857286,35.635725917857286
133957_1767719400,133957,2026-01-06 17:10:00,3,-174.0,-61.54000551078582,-112.45999448921418,112.45999448921418
135081_1767719700,135081,2026-01-06 17:15:00,3,-137.0,-181.21754444237658,44.21754444237658,44.21754444237658
133957_1767719700,133957,2026-01-06 17:15:00,3,-173.0,-100.67097626125533,-72.32902373874467,72.32902373874467
122048_1767720000,122048,2026-01-06 17:20:00,3,-336.0,-336.0,0.0,0.0
133957_1767720000,133957,2026-01-06 17:20:00,3,-218.0,-135.33186808389638,-82.66813191610362,82.66813191610362
135081_1767720000,135081,2026-01-06 17:20:00,3,-199.0,-204.08532646573883,5.085326465738831,5.085326465738831
135081_1767720300,135081,2026-01-06 17:25:00,3,-231.0,-137.18574643376067,-93.81425356623933,93.81425356623933
122048_1767720300,122048,2026-01-06 17:25:00,3,-130.0,-111.65185453261671,-18.34814546738329,18.34814546738329
122048_1767720600,122048,2026-01-06 17:30:00,3,-32.0,-26.76870794707449,-5.231292052925511,5.231292052925511
135081_1767720600,135081,2026-01-06 17:30:00,3,-180.0,-116.19115197824166,-63.80884802175834,63.80884802175834
122048_1767720900,122048,2026-01-06 17:35:00,3,-32.0,-43.30424302809283,11.304243028092827,11.304243028092827
135081_1767720900,135081,2026-01-06 17:35:00,3,-34.0,-18.035435257845663,-15.964564742154337,15.964564742154337
133957_1767720900,133957,2026-01-06 17:35:00,3,67.0,10.482489102549323,56.51751089745068,56.51751089745068
133957_1767721200,133957,2026-01-06 17:40:00,3,28.0,50.78436160998567,-22.784361609985673,22.784361609985673
122048_1767721200,122048,2026-01-06 17:40:00,3,-108.0,-65.715122624059,-42.284877375940994,42.284877375940994
135081_1767721200,135081,2026-01-06 17:40:00,3,4.0,-21.358015305116325,25.358015305116325,25.358015305116325
135081_1767721500,135081,2026-01-06 17:45:00,3,12.0,-3.3976500462873886,15.397650046287389,15.397650046287389
122048_1767721500,122048,2026-01-06 17:45:00,3,-141.0,-135.1989493570171,-5.8010506429828865,5.8010506429828865
133957_1767721500,133957,2026-01-06 17:45:00,3,83.0,76.4074737537486,6.592526246251396,6.592526246251396
122048_1767721800,122048,2026-01-06 17:50:00,3,-174.0,-107.81263343000424,-66.18736656999576,66.18736656999576
133957_1767721800,133957,2026-01-06 17:50:00,3,-28.0,53.657601502383905,-81.6576015023839,81.6576015023839
135081_1767721800,135081,2026-01-06 17:50:00,3,48.0,-29.65150708860331,77.65150708860331,77.65150708860331
122048_1767722100,122048,2026-01-06 17:55:00,3,-157.0,-119.07761580315156,-37.92238419684844,37.92238419684844
132430_1767722400,132430,2026-01-06 18:00:00,3,380.0,361.38297865718425,18.617021342815747,18.617021342815747
134040_1767722400,134040,2026-01-06 18:00:00,3,107.0,131.5273497578617,-24.527349757861714,24.527349757861714
122048_1767722400,122048,2026-01-06 18:00:00,3,-146.0,-126.00681339891781,-19.993186601082186,19.993186601082186
134040_1767722700,134040,2026-01-06 18:05:00,3,295.0,182.88079488409025,112.11920511590975,112.11920511590975
132430_1767722700,132430,2026-01-06 18:05:00,3,324.0,405.05825804631047,-81.05825804631047,81.05825804631047
134040_1767723000,134040,2026-01-06 18:10:00,3,407.0,277.6615161527002,129.3384838472998,129.3384838472998
132430_1767723000,132430,2026-01-06 18:10:00,3,452.0,381.7208394368319,70.27916056316809,70.27916056316809
132430_1767723300,132430,2026-01-06 18:15:00,3,333.0,303.8988537881436,29.101146211856417,29.101146211856417
134040_1767723300,134040,2026-01-06 18:15:00,3,342.0,242.27897821974784,99.72102178025216,99.72102178025216
134040_1767723600,134040,2026-01-06 18:20:00,3,401.0,367.7216179046529,33.278382095347126,33.278382095347126
132430_1767723600,132430,2026-01-06 18:20:00,3,310.0,297.3055728894309,12.694427110569109,12.694427110569109
132430_1767723900,132430,2026-01-06 18:25:00,3,285.0,363.8354452669404,-78.83544526694038,78.83544526694038
134040_1767723900,134040,2026-01-06 18:25:00,3,487.0,354.5913463490593,132.40865365094072,132.40865365094072
132430_1767724200,132430,2026-01-06 18:30:00,3,309.0,278.1136910567602,30.886308943239783,30.886308943239783
134040_1767724200,134040,2026-01-06 18:30:00,3,465.0,421.19374337807807,43.80625662192193,43.80625662192193
131672_1767724200,131672,2026-01-06 18:30:00,3,368.0,415.43001608840774,-47.43001608840774,47.43001608840774
134040_1767724500,134040,2026-01-06 18:35:00,3,409.0,414.09221484296546,-5.092214842965461,5.092214842965461
132430_1767724500,132430,2026-01-06 18:35:00,3,299.0,300.9737499604952,-1.9737499604951836,1.9737499604951836
132430_1767724800,132430,2026-01-06 18:40:00,3,45.0,108.17502918644158,-63.17502918644158,63.17502918644158
135081_1767726000,135081,2026-01-06 19:00:00,3,311.0,220.46773944840228,90.53226055159772,90.53226055159772
134040_1767735000,134040,2026-01-06 21:30:00,3,434.0,289.8486380871444,144.15136191285558,144.15136191285558
130072_1767735300,130072,2026-01-06 21:35:00,3,0.0,22.225977811052115,-22.225977811052115,22.225977811052115
134040_1767735300,134040,2026-01-06 21:35:00,3,434.0,262.48536975861646,171.51463024138354,171.51463024138354
130072_1767735600,130072,2026-01-06 21:40:00,3,0.0,-15.093197578185354,15.093197578185354,15.093197578185354
134040_1767735900,134040,2026-01-06 21:45:00,3,0.0,41.062757068280455,-41.062757068280455,41.062757068280455
130072_1767735900,130072,2026-01-06 21:45:00,3,0.0,-1.8495855551832179,1.8495855551832179,1.8495855551832179
130072_1767736200,130072,2026-01-06 21:50:00,3,0.0,3.658782647139873,-3.658782647139873,3.658782647139873
130072_1767736500,130072,2026-01-06 21:55:00,3,0.0,-2.226805012724661,2.226805012724661,2.226805012724661
134494_1767742200,134494,2026-01-06 23:30:00,3,0.0,2.2393649802656057,-2.2393649802656057,2.2393649802656057
134494_1767742500,134494,2026-01-06 23:35:00,3,0.0,1.5345287509446948,-1.5345287509446948,1.5345287509446948
133300_1767713100,133300,2026-01-06 15:25:00,4,-9.0,5.807796463995871,-14.80779646399587,14.80779646399587
129964_1767713400,129964,2026-01-06 15:30:00,4,-129.0,-89.57207807641731,-39.42792192358269,39.42792192358269
129964_1767713700,129964,2026-01-06 15:35:00,4,-33.0,1.7292872416615168,-34.72928724166152,34.72928724166152
129964_1767714000,129964,2026-01-06 15:40:00,4,25.0,-6.845842504533465,31.845842504533465,31.845842504533465
129964_1767714300,129964,2026-01-06 15:45:00,4,8.0,4.786323684468002,3.2136763155319983,3.2136763155319983
129964_1767714600,129964,2026-01-06 15:50:00,4,-49.0,-50.30663953787004,1.3066395378700406,1.3066395378700406
129964_1767714900,129964,2026-01-06 15:55:00,4,-82.0,-81.55544886191313,-0.4445511380868652,0.4445511380868652
133300_1767715200,133300,2026-01-06 16:00:00,4,22.0,24.857054848042107,-2.8570548480421074,2.8570548480421074
129964_1767715200,129964,2026-01-06 16:00:00,4,-134.0,-100.93050177838091,-33.069498221619085,33.069498221619085
129964_1767715500,129964,2026-01-06 16:05:00,4,-115.0,-53.58280641550506,-61.41719358449494,61.41719358449494
133300_1767715500,133300,2026-01-06 16:05:00,4,-24.0,10.65528871319048,-34.65528871319048,34.65528871319048
122613_1767715800,122613,2026-01-06 16:10:00,4,-18.0,-28.21254660130451,10.21254660130451,10.21254660130451
133300_1767715800,133300,2026-01-06 16:10:00,4,-87.0,-27.443577048196772,-59.55642295180323,59.55642295180323
129964_1767715800,129964,2026-01-06 16:10:00,4,-2.0,-34.91417071160518,32.91417071160518,32.91417071160518
133300_1767716100,133300,2026-01-06 16:15:00,4,-38.0,39.9617274317843,-77.9617274317843,77.9617274317843
122613_1767716100,122613,2026-01-06 16:15:00,4,11.0,-24.57830211945661,35.57830211945661,35.57830211945661
129964_1767716100,129964,2026-01-06 16:15:00,4,-46.0,-105.08858769546973,59.08858769546973,59.08858769546973
133300_1767716400,133300,2026-01-06 16:20:00,4,207.0,182.34720368988525,24.652796310114752,24.652796310114752
129964_1767716400,129964,2026-01-06 16:20:00,4,-13.0,-44.954181491954984,31.954181491954984,31.954181491954984
122613_1767716400,122613,2026-01-06 16:20:00,4,-88.0,-89.23373410466266,1.233734104662659,1.233734104662659
122613_1767716700,122613,2026-01-06 16:25:00,4,-27.0,-46.589515442670304,19.589515442670304,19.589515442670304
129964_1767716700,129964,2026-01-06 16:25:00,4,303.0,-6.620378381123118,309.62037838112315,309.62037838112315
122658_1767717000,122658,2026-01-06 16:30:00,4,0.0,21.772384022015405,-21.772384022015405,21.772384022015405
122613_1767717000,122613,2026-01-06 16:30:00,4,-62.0,-70.65160191118754,8.65160191118754,8.65160191118754
129964_1767717300,129964,2026-01-06 16:35:00,4,-111.0,-117.61797709263868,6.617977092638682,6.617977092638682
130238_1767717300,130238,2026-01-06 16:35:00,4,-41.0,-0.007390344254176284,-40.992609655745824,40.992609655745824
122613_1767717300,122613,2026-01-06 16:35:00,4,-54.0,-27.41521525571649,-26.58478474428351,26.58478474428351
122613_1767717600,122613,2026-01-06 16:40:00,4,-11.0,-58.81827200861569,47.81827200861569,47.81827200861569
130238_1767717600,130238,2026-01-06 16:40:00,4,-57.0,-2.7123120882121583,-54.28768791178784,54.28768791178784
129964_1767717600,129964,2026-01-06 16:40:00,4,-126.0,-103.6812767449895,-22.318723255010497,22.318723255010497
122658_1767717600,122658,2026-01-06 16:40:00,4,-46.0,18.423123441349304,-64.4231234413493,64.4231234413493
122613_1767717900,122613,2026-01-06 16:45:00,4,55.0,-12.606996537336187,67.60699653733619,67.60699653733619
122658_1767717900,122658,2026-01-06 16:45:00,4,38.0,67.96297620925078,-29.962976209250783,29.962976209250783
129964_1767717900,129964,2026-01-06 16:45:00,4,38.0,-14.680968654447334,52.680968654447334,52.680968654447334
130238_1767717900,130238,2026-01-06 16:45:00,4,-92.0,25.29189183861645,-117.29189183861645,117.29189183861645
129964_1767718200,129964,2026-01-06 16:50:00,4,57.0,6.465951417436138,50.53404858256386,50.53404858256386
130238_1767718200,130238,2026-01-06 16:50:00,4,-38.0,0.45099529815257,-38.45099529815257,38.45099529815257
122613_1767718200,122613,2026-01-06 16:50:00,4,72.0,62.23898834080652,9.761011659193478,9.761011659193478
122658_1767718200,122658,2026-01-06 16:50:00,4,39.0,59.24323304631066,-20.243233046310657,20.243233046310657
122658_1767718500,122658,2026-01-06 16:55:00,4,63.0,100.45782566371562,-37.457825663715624,37.457825663715624
122613_1767718500,122613,2026-01-06 16:55:00,4,72.0,89.22320959321317,-17.22320959321317,17.22320959321317
129964_1767718500,129964,2026-01-06 16:55:00,4,71.0,41.13255775352396,29.86744224647604,29.86744224647604
130238_1767718500,130238,2026-01-06 16:55:00,4,-3.0,-5.41097520179337,2.41097520179337,2.41097520179337
130238_1767718800,130238,2026-01-06 17:00:00,4,-85.0,-41.597418781137335,-43.402581218862665,43.402581218862665
122658_1767718800,122658,2026-01-06 17:00:00,4,107.0,106.55698574083414,0.4430142591658637,0.4430142591658637
129964_1767718800,129964,2026-01-06 17:00:00,4,39.0,83.45150913364122,-44.451509133641224,44.451509133641224
133300_1767718800,133300,2026-01-06 17:00:00,4,231.0,173.60347600118095,57.39652399881905,57.39652399881905
129964_1767719100,129964,2026-01-06 17:05:00,4,-44.0,-6.563728476122314,-37.436271523877686,37.436271523877686
130238_1767719100,130238,2026-01-06 17:05:00,4,99.0,52.9052425136259,46.0947574863741,46.0947574863741
122658_1767719100,122658,2026-01-06 17:05:00,4,88.0,137.25391779160964,-49.25391779160964,49.25391779160964
122658_1767719400,122658,2026-01-06 17:10:00,4,0.0,18.346749229876053,-18.346749229876053,18.346749229876053
130238_1767719400,130238,2026-01-06 17:10:00,4,160.0,78.7506306514928,81.2493693485072,81.2493693485072
133300_1767719400,133300,2026-01-06 17:10:00,4,-24.0,-33.66697619184876,9.666976191848761,9.666976191848761
129964_1767719400,129964,2026-01-06 17:10:00,4,-130.0,-74.65548356627967,-55.34451643372033,55.34451643372033
122658_1767719700,122658,2026-01-06 17:15:00,4,0.0,4.723370943751235,-4.723370943751235,4.723370943751235
130238_1767719700,130238,2026-01-06 17:15:00,4,134.0,29.175775191038927,104.82422480896108,104.82422480896108
129964_1767719700,129964,2026-01-06 17:15:00,4,-135.0,-99.62814170306146,-35.37185829693854,35.37185829693854
133300_1767719700,133300,2026-01-06 17:15:00,4,22.0,19.283608149633658,2.7163918503663425,2.7163918503663425
133300_1767720000,133300,2026-01-06 17:20:00,4,-46.0,-16.607618286417434,-29.392381713582566,29.392381713582566
130238_1767720000,130238,2026-01-06 17:20:00,4,35.0,4.815299322602776,30.184700677397224,30.184700677397224
122658_1767720000,122658,2026-01-06 17:20:00,4,0.0,36.101829548288364,-36.101829548288364,36.101829548288364
129964_1767720000,129964,2026-01-06 17:20:00,4,-14.0,-51.064859794009834,37.064859794009834,37.064859794009834
133300_1767720300,133300,2026-01-06 17:25:00,4,-26.0,0.11208045839126157,-26.11208045839126,26.11208045839126
129964_1767720300,129964,2026-01-06 17:25:00,4,-105.0,-99.66758476456312,-5.3324152354368834,5.3324152354368834
130238_1767720300,130238,2026-01-06 17:25:00,4,41.0,59.59705158689055,-18.59705158689055,18.59705158689055
122658_1767720300,122658,2026-01-06 17:25:00,4,0.0,9.385739540756497,-9.385739540756497,9.385739540756497
129964_1767720600,129964,2026-01-06 17:30:00,4,-10.0,-58.93610449197004,48.93610449197004,48.93610449197004
122658_1767720600,122658,2026-01-06 17:30:00,4,0.0,6.258009925526707,-6.258009925526707,6.258009925526707
130238_1767720600,130238,2026-01-06 17:30:00,4,-64.0,-27.714500875095652,-36.28549912490435,36.28549912490435
130238_1767720900,130238,2026-01-06 17:35:00,4,-125.0,-90.0558881797175,-34.9441118202825,34.9441118202825
122658_1767720900,122658,2026-01-06 17:35:00,4,0.0,34.30027019426935,-34.30027019426935,34.30027019426935
129964_1767720900,129964,2026-01-06 17:35:00,4,49.0,-54.16475554644761,103.16475554644761,103.16475554644761
130238_1767721200,130238,2026-01-06 17:40:00,4,-103.0,-17.717720188492706,-85.2822798115073,85.2822798115073
122658_1767721200,122658,2026-01-06 17:40:00,4,0.0,5.1661069668585355,-5.1661069668585355,5.1661069668585355
130238_1767721500,130238,2026-01-06 17:45:00,4,-170.0,-95.34755801148069,-74.65244198851931,74.65244198851931
133957_1767722100,133957,2026-01-06 17:55:00,4,-73.0,-45.934413620989204,-27.065586379010796,27.065586379010796
133300_1767722400,133300,2026-01-06 18:00:00,4,310.0,194.1011522840008,115.89884771599921,115.89884771599921
133300_1767722700,133300,2026-01-06 18:05:00,4,406.0,362.93188262488866,43.06811737511134,43.06811737511134
122048_1767722700,122048,2026-01-06 18:05:00,4,-104.0,-123.96376609493831,19.963766094938308,19.963766094938308
133300_1767723000,133300,2026-01-06 18:10:00,4,580.0,564.0544332911363,15.94556670886368,15.94556670886368
122048_1767723000,122048,2026-01-06 18:10:00,4,-70.0,-33.07018969232389,-36.92981030767611,36.92981030767611
122048_1767723300,122048,2026-01-06 18:15:00,4,48.0,17.00826479648944,30.99173520351056,30.99173520351056
122048_1767723600,122048,2026-01-06 18:20:00,4,66.0,85.6138598183021,-19.613859818302103,19.613859818302103
133300_1767723600,133300,2026-01-06 18:20:00,4,-5.0,32.141459919298256,-37.141459919298256,37.141459919298256
122048_1767723900,122048,2026-01-06 18:25:00,4,50.0,104.59161547386253,-54.59161547386253,54.59161547386253
122048_1767724200,122048,2026-01-06 18:30:00,4,35.0,66.16752265587851,-31.167522655878514,31.167522655878514
131672_1767724500,131672,2026-01-06 18:35:00,4,365.0,345.6465454070648,19.35345459293518,19.35345459293518
122048_1767724500,122048,2026-01-06 18:35:00,4,133.0,93.81502677712052,39.18497322287948,39.18497322287948
122048_1767724800,122048,2026-01-06 18:40:00,4,250.0,163.06954877230277,86.93045122769723,86.93045122769723
132430_1767725100,132430,2026-01-06 18:45:00,4,45.0,83.0716388266576,-38.071638826657605,38.071638826657605
122048_1767725100,122048,2026-01-06 18:45:00,4,274.0,265.7055826487069,8.294417351293077,8.294417351293077
132430_1767725400,132430,2026-01-06 18:50:00,4,-1.0,38.63347829336777,-39.63347829336777,39.63347829336777
122048_1767725400,122048,2026-01-06 18:50:00,4,356.0,378.91898798055354,-22.91898798055354,22.91898798055354
122048_1767725700,122048,2026-01-06 18:55:00,4,417.0,331.0089565554733,85.99104344452672,85.99104344452672
132430_1767725700,132430,2026-01-06 18:55:00,4,27.0,103.46977338832241,-76.46977338832241,76.46977338832241
122048_1767726000,122048,2026-01-06 19:00:00,4,481.0,483.5091540075406,-2.5091540075405874,2.5091540075405874
122048_1767726300,122048,2026-01-06 19:05:00,4,523.0,402.88021729792007,120.11978270207993,120.11978270207993
135081_1767726300,135081,2026-01-06 19:05:00,4,146.0,131.44219975277827,14.557800247221735,14.557800247221735
135081_1767726600,135081,2026-01-06 19:10:00,4,53.0,37.494066781353446,15.505933218646554,15.505933218646554
131672_1767726900,131672,2026-01-06 19:15:00,4,-3.0,5.207291602818337,-8.207291602818337,8.207291602818337
135081_1767726900,135081,2026-01-06 19:15:00,4,-68.0,-28.40675290637131,-39.59324709362869,39.59324709362869
131672_1767727200,131672,2026-01-06 19:20:00,4,-9.0,13.060671773160735,-22.060671773160735,22.060671773160735
122048_1767727200,122048,2026-01-06 19:20:00,4,-54.0,25.35958152589047,-79.35958152589046,79.35958152589046
135081_1767727200,135081,2026-01-06 19:20:00,4,-32.0,7.495606264631689,-39.49560626463169,39.49560626463169
135081_1767727500,135081,2026-01-06 19:25:00,4,-15.0,-13.311057412572346,-1.688942587427654,1.688942587427654
131672_1767727500,131672,2026-01-06 19:25:00,4,163.0,162.48552906583734,0.5144709341626594,0.5144709341626594
131672_1767727800,131672,2026-01-06 19:30:00,4,302.0,275.39965345297384,26.600346547026163,26.600346547026163
131672_1767728100,131672,2026-01-06 19:35:00,4,382.0,254.5716625196375,127.4283374803625,127.4283374803625
131672_1767728400,131672,2026-01-06 19:40:00,4,359.0,359.5623364820107,-0.5623364820107213,0.5623364820107213
122048_1767728700,122048,2026-01-06 19:45:00,4,-348.0,-327.4792908321705,-20.520709167829523,20.520709167829523
131672_1767728700,131672,2026-01-06 19:45:00,4,492.0,390.8424157508883,101.15758424911172,101.15758424911172
133957_1767729000,133957,2026-01-06 19:50:00,4,39.0,75.17869884142407,-36.178698841424065,36.178698841424065
122048_1767729000,122048,2026-01-06 19:50:00,4,-142.0,-137.2151045843871,-4.784895415612908,4.784895415612908
131672_1767729000,131672,2026-01-06 19:50:00,4,533.0,519.3571326734902,13.642867326509759,13.642867326509759
122048_1767729300,122048,2026-01-06 19:55:00,4,36.0,-12.717562839537187,48.71756283953719,48.71756283953719
131672_1767729300,131672,2026-01-06 19:55:00,4,478.0,522.4725614220813,-44.4725614220813,44.4725614220813
133957_1767729300,133957,2026-01-06 19:55:00,4,171.0,123.07989754365768,47.92010245634232,47.92010245634232
131672_1767729600,131672,2026-01-06 20:00:00,4,557.0,464.27830324845723,92.72169675154277,92.72169675154277
133957_1767729600,133957,2026-01-06 20:00:00,4,141.0,164.56078546653708,-23.560785466537084,23.560785466537084
122048_1767729600,122048,2026-01-06 20:00:00,4,41.0,70.04832879331671,-29.048328793316713,29.048328793316713
132430_1767729600,132430,2026-01-06 20:00:00,4,21.0,89.38999111221214,-68.38999111221214,68.38999111221214
122048_1767729900,122048,2026-01-06 20:05:00,4,93.0,127.55652534046148,-34.55652534046148,34.55652534046148
133957_1767729900,133957,2026-01-06 20:05:00,4,126.0,195.87447733710047,-69.87447733710047,69.87447733710047
132430_1767729900,132430,2026-01-06 20:05:00,4,177.0,148.37039465484747,28.629605345152527,28.629605345152527
122048_1767730200,122048,2026-01-06 20:10:00,4,99.0,86.77787879260734,12.22212120739266,12.22212120739266
133957_1767730200,133957,2026-01-06 20:10:00,4,83.0,132.01362226749342,-49.01362226749342,49.01362226749342
132430_1767730200,132430,2026-01-06 20:10:00,4,173.0,123.06871297171074,49.93128702828926,49.93128702828926
133957_1767730500,133957,2026-01-06 20:15:00,4,53.0,12.909104908169418,40.09089509183058,40.09089509183058
122048_1767730500,122048,2026-01-06 20:15:00,4,-3.0,68.060417801104,-71.060417801104,71.060417801104
132430_1767730500,132430,2026-01-06 20:15:00,4,146.0,125.14476521172661,20.855234788273393,20.855234788273393
122048_1767730800,122048,2026-01-06 20:20:00,4,25.0,38.54853859259508,-13.54853859259508,13.54853859259508
133957_1767730800,133957,2026-01-06 20:20:00,4,38.0,61.994285424560395,-23.994285424560395,23.994285424560395
132430_1767730800,132430,2026-01-06 20:20:00,4,234.0,226.8595730188493,7.140426981150711,7.140426981150711
133957_1767731100,133957,2026-01-06 20:25:00,4,59.0,78.32104216906309,-19.32104216906309,19.32104216906309
122048_1767731100,122048,2026-01-06 20:25:00,4,4.0,17.918932724107297,-13.918932724107297,13.918932724107297
132430_1767731100,132430,2026-01-06 20:25:00,4,277.0,278.0670865861782,-1.0670865861782204,1.0670865861782204
132430_1767731400,132430,2026-01-06 20:30:00,4,192.0,233.41787780777886,-41.417877807778865,41.417877807778865
133957_1767731400,133957,2026-01-06 20:30:00,4,46.0,30.37065459657137,15.62934540342863,15.62934540342863
133957_1767731700,133957,2026-01-06 20:35:00,4,116.0,91.81551445985033,24.184485540149666,24.184485540149666
132430_1767731700,132430,2026-01-06 20:35:00,4,201.0,189.71984745917462,11.280152540825384,11.280152540825384
131672_1767732000,131672,2026-01-06 20:40:00,4,32.0,6.648558594595897,25.351441405404103,25.351441405404103
132430_1767732000,132430,2026-01-06 20:40:00,4,167.0,213.36497566974816,-46.36497566974816,46.36497566974816
133957_1767732000,133957,2026-01-06 20:40:00,4,129.0,97.52797872538747,31.47202127461253,31.47202127461253
132430_1767732300,132430,2026-01-06 20:45:00,4,337.0,244.4392891953991,92.56071080460089,92.56071080460089
131672_1767732300,131672,2026-01-06 20:45:00,4,16.0,22.997510849098894,-6.997510849098894,6.997510849098894
132430_1767732600,132430,2026-01-06 20:50:00,4,338.0,303.34629613603715,34.653703863962846,34.653703863962846
133957_1767732600,133957,2026-01-06 20:50:00,4,39.0,54.48781747236789,-15.487817472367887,15.487817472367887
131672_1767732600,131672,2026-01-06 20:50:00,4,34.0,63.222247721355956,-29.222247721355956,29.222247721355956
135081_1767732600,135081,2026-01-06 20:50:00,4,79.0,61.82638723766618,17.173612762333818,17.173612762333818
131672_1767732900,131672,2026-01-06 20:55:00,4,41.0,125.54860829260201,-84.54860829260201,84.54860829260201
133957_1767732900,133957,2026-01-06 20:55:00,4,-49.0,42.7610265694549,-91.7610265694549,91.7610265694549
132430_1767732900,132430,2026-01-06 20:55:00,4,238.0,263.76110329979315,-25.76110329979315,25.76110329979315
135081_1767732900,135081,2026-01-06 20:55:00,4,136.0,108.43426580736127,27.56573419263873,27.56573419263873
135081_1767733200,135081,2026-01-06 21:00:00,4,40.0,66.39381082024451,-26.39381082024451,26.39381082024451
133957_1767733200,133957,2026-01-06 21:00:00,4,59.0,102.74453666415911,-43.744536664159114,43.744536664159114
122048_1767733200,122048,2026-01-06 21:00:00,4,0.0,-1.195736972535535,1.195736972535535,1.195736972535535
132430_1767733200,132430,2026-01-06 21:00:00,4,153.0,182.11760682080018,-29.117606820800177,29.117606820800177
122048_1767733500,122048,2026-01-06 21:05:00,4,0.0,19.97533498958082,-19.97533498958082,19.97533498958082
132430_1767733500,132430,2026-01-06 21:05:00,4,168.0,257.1696919109779,-89.16969191097792,89.16969191097792
133957_1767733500,133957,2026-01-06 21:05:00,4,28.0,25.363128985238735,2.6368710147612653,2.6368710147612653
135081_1767733500,135081,2026-01-06 21:05:00,4,44.0,53.320836674115164,-9.320836674115164,9.320836674115164
135081_1767733800,135081,2026-01-06 21:10:00,4,51.0,144.90651739780844,-93.90651739780844,93.90651739780844
133957_1767733800,133957,2026-01-06 21:10:00,4,15.0,-17.06814666396579,32.06814666396579,32.06814666396579
122048_1767733800,122048,2026-01-06 21:10:00,4,0.0,19.74345914226682,-19.74345914226682,19.74345914226682
132430_1767733800,132430,2026-01-06 21:10:00,4,179.0,208.58586252909555,-29.58586252909555,29.58586252909555
135081_1767734100,135081,2026-01-06 21:15:00,4,-16.0,1.7580792632648894,-17.75807926326489,17.75807926326489
133957_1767734100,133957,2026-01-06 21:15:00,4,45.0,10.182623503019713,34.81737649698029,34.81737649698029
122048_1767734100,122048,2026-01-06 21:15:00,4,0.0,28.471310035275152,-28.471310035275152,28.471310035275152
132430_1767734100,132430,2026-01-06 21:15:00,4,96.0,140.6698289728127,-44.669828972812695,44.669828972812695
133957_1767734400,133957,2026-01-06 21:20:00,4,7.0,41.151941283552524,-34.151941283552524,34.151941283552524
135081_1767734400,135081,2026-01-06 21:20:00,4,-59.0,-64.93476833080527,5.934768330805269,5.934768330805269
122048_1767734400,122048,2026-01-06 21:20:00,4,0.0,-2.8174038407686552,2.8174038407686552,2.8174038407686552
135081_1767734700,135081,2026-01-06 21:25:00,4,-170.0,-94.83468344030214,-75.16531655969786,75.16531655969786
122048_1767734700,122048,2026-01-06 21:25:00,4,0.0,16.427766426628235,-16.427766426628235,16.427766426628235
133957_1767734700,133957,2026-01-06 21:25:00,4,65.0,65.2707464508837,-0.2707464508837063,0.2707464508837063
133957_1767735000,133957,2026-01-06 21:30:00,4,21.0,-6.3340657392612485,27.33406573926125,27.33406573926125
133957_1767735300,133957,2026-01-06 21:35:00,4,50.0,85.22963552340981,-35.22963552340981,35.22963552340981
133957_1767735600,133957,2026-01-06 21:40:00,4,77.0,81.54589530672058,-4.545895306720581,4.545895306720581
134040_1767736200,134040,2026-01-06 21:50:00,4,0.0,43.33299499259992,-43.33299499259992,43.33299499259992
134040_1767736500,134040,2026-01-06 21:55:00,4,0.0,28.928801953369227,-28.928801953369227,28.928801953369227
134040_1767736800,134040,2026-01-06 22:00:00,4,0.0,-16.458657782287787,16.458657782287787,16.458657782287787
135081_1767736800,135081,2026-01-06 22:00:00,4,-98.0,-65.30560275946982,-32.69439724053018,32.69439724053018
133957_1767736800,133957,2026-01-06 22:00:00,4,32.0,17.18095389964521,14.81904610035479,14.81904610035479
133957_1767737100,133957,2026-01-06 22:05:00,4,-8.0,23.884391055382718,-31.884391055382718,31.884391055382718
135081_1767737100,135081,2026-01-06 22:05:00,4,37.0,0.2847670069182229,36.71523299308178,36.71523299308178
134040_1767737100,134040,2026-01-06 22:05:00,4,0.0,0.789674780083935,-0.789674780083935,0.789674780083935
133957_1767737400,133957,2026-01-06 22:10:00,4,27.0,75.59399769721045,-48.593997697210455,48.593997697210455
135081_1767737400,135081,2026-01-06 22:10:00,4,13.0,-3.5986626362489247,16.598662636248925,16.598662636248925
134040_1767737400,134040,2026-01-06 22:10:00,4,0.0,12.22309436754972,-12.22309436754972,12.22309436754972
133957_1767737700,133957,2026-01-06 22:15:00,4,-22.0,-8.050314726059803,-13.949685273940197,13.949685273940197
135081_1767737700,135081,2026-01-06 22:15:00,4,172.0,130.5342571810367,41.46574281896329,41.46574281896329
134040_1767737700,134040,2026-01-06 22:15:00,4,0.0,11.220549727516996,-11.220549727516996,11.220549727516996
134040_1767738000,134040,2026-01-06 22:20:00,4,0.0,-1.1179494588036505,1.1179494588036505,1.1179494588036505
132430_1767738000,132430,2026-01-06 22:20:00,4,90.0,89.04280063686,0.9571993631400062,0.9571993631400062
135081_1767738000,135081,2026-01-06 22:20:00,4,87.0,113.90637381250038,-26.906373812500377,26.906373812500377
133957_1767738000,133957,2026-01-06 22:20:00,4,-77.0,-64.41743378634212,-12.582566213657884,12.582566213657884
135081_1767738300,135081,2026-01-06 22:25:00,4,73.0,60.30477715885443,12.695222841145572,12.695222841145572
134040_1767738300,134040,2026-01-06 22:25:00,4,0.0,10.065501288511733,-10.065501288511733,10.065501288511733
132430_1767738300,132430,2026-01-06 22:25:00,4,108.0,104.07316869276075,3.9268313072392544,3.9268313072392544
134040_1767738600,134040,2026-01-06 22:30:00,4,0.0,6.0395769225035,-6.0395769225035,6.0395769225035
134040_1767738900,134040,2026-01-06 22:35:00,4,0.0,2.984503720616786,-2.984503720616786,2.984503720616786
134040_1767739200,134040,2026-01-06 22:40:00,4,0.0,0.016828729034529033,-0.016828729034529033,0.016828729034529033
134040_1767739500,134040,2026-01-06 22:45:00,4,0.0,-9.72789149410498,9.72789149410498,9.72789149410498
134040_1767739800,134040,2026-01-06 22:50:00,4,0.0,-22.405974522910313,22.405974522910313,22.405974522910313
134040_1767740100,134040,2026-01-06 22:55:00,4,0.0,-17.917808772102006,17.917808772102006,17.917808772102006
134040_1767740400,134040,2026-01-06 23:00:00,4,0.0,4.2613276574474455,-4.2613276574474455,4.2613276574474455
132430_1767740400,132430,2026-01-06 23:00:00,4,151.0,150.43668960195686,0.5633103980431429,0.5633103980431429
130072_1767740700,130072,2026-01-06 23:05:00,4,0.0,8.70917216683469,-8.70917216683469,8.70917216683469
132430_1767740700,132430,2026-01-06 23:05:00,4,124.0,149.96286395258207,-25.96286395258207,25.96286395258207
134040_1767740700,134040,2026-01-06 23:05:00,4,0.0,42.95833399256678,-42.95833399256678,42.95833399256678
132430_1767741000,132430,2026-01-06 23:10:00,4,60.0,97.60483843969423,-37.604838439694234,37.604838439694234
130072_1767741000,130072,2026-01-06 23:10:00,4,0.0,15.468088367591491,-15.468088367591491,15.468088367591491
130072_1767741300,130072,2026-01-06 23:15:00,4,0.0,11.916282331189649,-11.916282331189649,11.916282331189649
132430_1767741300,132430,2026-01-06 23:15:00,4,85.0,78.80361383545149,6.196386164548514,6.196386164548514
132430_1767741600,132430,2026-01-06 23:20:00,4,189.0,136.3298548740209,52.670145125979104,52.670145125979104
130072_1767741600,130072,2026-01-06 23:20:00,4,0.0,8.048740460397,-8.048740460397,8.048740460397
132430_1767741900,132430,2026-01-06 23:25:00,4,160.0,159.32553433330617,0.674465666693834,0.674465666693834
130072_1767741900,130072,2026-01-06 23:25:00,4,0.0,27.63276060106794,-27.63276060106794,27.63276060106794
132430_1767742200,132430,2026-01-06 23:30:00,4,74.0,106.91470859991752,-32.91470859991752,32.91470859991752
134494_1767742800,134494,2026-01-06 23:40:00,4,0.0,8.228330998939725,-8.228330998939725,8.228330998939725
134494_1767743100,134494,2026-01-06 23:45:00,4,0.0,12.268898776587271,-12.268898776587271,12.268898776587271
132430_1767743400,132430,2026-01-06 23:50:00,4,91.0,109.71796271208488,-18.717962712084883,18.717962712084883
132430_1767743700,132430,2026-01-06 23:55:00,4,154.0,143.76615354203165,10.233846457968355,10.233846457968355
