sample_id,tr_id,T,fold,target,prediction,error,abs_error
122048_1767665400,122048,2026-01-06 02:10:00,0,-25.0,8.063403870635106,-33.063403870635106,33.063403870635106
122048_1767665700,122048,2026-01-06 02:15:00,0,0.0,66.7828002851224,-66.7828002851224,66.7828002851224
122048_1767666000,122048,2026-01-06 02:20:00,0,0.0,47.23836679363615,-47.23836679363615,47.23836679363615
122048_1767666300,122048,2026-01-06 02:25:00,0,0.0,-23.265909436736138,23.265909436736138,23.265909436736138
122048_1767666600,122048,2026-01-06 02:30:00,0,0.0,-13.491884688607385,13.491884688607385,13.491884688607385
129964_1767666600,129964,2026-01-06 02:30:00,0,44.0,12.859243291478862,31.14075670852114,31.14075670852114
122048_1767666900,122048,2026-01-06 02:35:00,0,0.0,3.420435631111836,-3.420435631111836,3.420435631111836
129964_1767666900,129964,2026-01-06 02:35:00,0,16.0,0.6035445558212729,15.396455444178727,15.396455444178727
122048_1767667200,122048,2026-01-06 02:40:00,0,0.0,11.110046933625796,-11.110046933625796,11.110046933625796
129964_1767667200,129964,2026-01-06 02:40:00,0,-27.0,-13.189738853679643,-13.810261146320357,13.810261146320357
122048_1767667500,122048,2026-01-06 02:45:00,0,0.0,19.353327953389453,-19.353327953389453,19.353327953389453
129964_1767667500,129964,2026-01-06 02:45:00,0,2.0,31.09564882579631,-29.09564882579631,29.09564882579631
122048_1767667800,122048,2026-01-06 02:50:00,0,0.0,3.1936802711227372,-3.1936802711227372,3.1936802711227372
129964_1767667800,129964,2026-01-06 02:50:00,0,-70.0,-48.43891298602121,-21.561087013978792,21.561087013978792
129964_1767668100,129964,2026-01-06 02:55:00,0,-76.0,-37.065005069529164,-38.934994930470836,38.934994930470836
122048_1767668100,122048,2026-01-06 02:55:00,0,0.0,-4.260618246270724,4.260618246270724,4.260618246270724
122048_1767668400,122048,2026-01-06 03:00:00,0,0.0,26.83109647407487,-26.83109647407487,26.83109647407487
122048_1767668700,122048,2026-01-06 03:05:00,0,0.0,3.2830312819545853,-3.2830312819545853,3.2830312819545853
122048_1767669000,122048,2026-01-06 03:10:00,0,0.0,16.375998133846032,-16.375998133846032,16.375998133846032
122048_1767669300,122048,2026-01-06 03:15:00,0,0.0,-12.259840703093957,12.259840703093957,12.259840703093957
122048_1767669600,122048,2026-01-06 03:20:00,0,0.0,-3.501712070812097,3.501712070812097,3.501712070812097
122048_1767669900,122048,2026-01-06 03:25:00,0,0.0,-0.025677071241617,0.025677071241617,0.025677071241617
129964_1767670200,129964,2026-01-06 03:30:00,0,74.0,60.27911351280041,13.720886487199593,13.720886487199593
122048_1767670200,122048,2026-01-06 03:30:00,0,0.0,-7.89842161426828,7.89842161426828,7.89842161426828
122048_1767670500,122048,2026-01-06 03:35:00,0,0.0,8.920117042143303,-8.920117042143303,8.920117042143303
129964_1767670500,129964,2026-01-06 03:35:00,0,61.0,-1.4583876048384141,62.458387604838414,62.458387604838414
129964_1767670800,129964,2026-01-06 03:40:00,0,-16.0,45.202734529596455,-61.202734529596455,61.202734529596455
122048_1767670800,122048,2026-01-06 03:40:00,0,0.0,8.21947885404765,-8.21947885404765,8.21947885404765
129964_1767671100,129964,2026-01-06 03:45:00,0,-55.0,-0.07282461920308947,-54.92717538079691,54.92717538079691
122048_1767671100,122048,2026-01-06 03:45:00,0,0.0,39.70757187477419,-39.70757187477419,39.70757187477419
122048_1767671400,122048,2026-01-06 03:50:00,0,0.0,22.976039341818655,-22.976039341818655,22.976039341818655
129964_1767671400,129964,2026-01-06 03:50:00,0,22.0,0.34791499491502265,21.652085005084977,21.652085005084977
122048_1767671700,122048,2026-01-06 03:55:00,0,0.0,-2.9110415514615156,2.9110415514615156,2.9110415514615156
129964_1767671700,129964,2026-01-06 03:55:00,0,-50.0,-17.811989111425092,-32.18801088857491,32.18801088857491
129964_1767672000,129964,2026-01-06 04:00:00,0,-7.0,22.714478148022604,-29.714478148022604,29.714478148022604
122048_1767672300,122048,2026-01-06 04:05:00,0,66.0,37.147723282480655,28.852276717519345,28.852276717519345
129964_1767672300,129964,2026-01-06 04:05:00,0,-9.0,13.43571696079038,-22.43571696079038,22.43571696079038
122048_1767672600,122048,2026-01-06 04:10:00,0,66.0,95.08319111775421,-29.08319111775421,29.08319111775421
122048_1767672900,122048,2026-01-06 04:15:00,0,170.0,143.55119196258835,26.448808037411652,26.448808037411652
129964_1767672900,129964,2026-01-06 04:15:00,0,-29.0,-63.97175285054999,34.97175285054999,34.97175285054999
129964_1767673200,129964,2026-01-06 04:20:00,0,-57.0,-38.04245729354065,-18.95754270645935,18.95754270645935
122048_1767673200,122048,2026-01-06 04:20:00,0,41.0,128.34904314243084,-87.34904314243084,87.34904314243084
129964_1767673500,129964,2026-01-06 04:25:00,0,19.0,14.471063407212867,4.528936592787133,4.528936592787133
122048_1767673500,122048,2026-01-06 04:25:00,0,25.0,66.4032024688876,-41.4032024688876,41.4032024688876
129964_1767673800,129964,2026-01-06 04:30:00,0,-15.0,-3.6159879141789446,-11.384012085821055,11.384012085821055
129964_1767674100,129964,2026-01-06 04:35:00,0,72.0,88.81786866198391,-16.81786866198391,16.81786866198391
129964_1767674400,129964,2026-01-06 04:40:00,0,95.0,79.39574788261679,15.604252117383211,15.604252117383211
129964_1767674700,129964,2026-01-06 04:45:00,0,46.0,64.6568020497675,-18.656802049767506,18.656802049767506
129964_1767675000,129964,2026-01-06 04:50:00,0,38.0,8.61022057435607,29.38977942564393,29.38977942564393
129964_1767675300,129964,2026-01-06 04:55:00,0,105.0,71.92417453962737,33.07582546037263,33.07582546037263
122048_1767675600,122048,2026-01-06 05:00:00,0,-68.0,-60.22078995808053,-7.77921004191947,7.77921004191947
129964_1767675600,129964,2026-01-06 05:00:00,0,46.0,1.8836774891806485,44.11632251081935,44.11632251081935
122048_1767675900,122048,2026-01-06 05:05:00,0,-86.0,-21.971631711015704,-64.0283682889843,64.0283682889843
129964_1767675900,129964,2026-01-06 05:05:00,0,20.0,34.879883942209894,-14.879883942209894,14.879883942209894
129964_1767676200,129964,2026-01-06 05:10:00,0,91.0,111.30523764308958,-20.305237643089583,20.305237643089583
122048_1767676200,122048,2026-01-06 05:10:00,0,25.0,68.64564194657336,-43.64564194657336,43.64564194657336
122048_1767676500,122048,2026-01-06 05:15:00,0,-41.0,2.2651499507059256,-43.265149950705926,43.265149950705926
122048_1767676800,122048,2026-01-06 05:20:00,0,-163.0,-66.41519527269024,-96.58480472730976,96.58480472730976
122048_1767677100,122048,2026-01-06 05:25:00,0,-177.0,-72.67768007546547,-104.32231992453453,104.32231992453453
122048_1767677400,122048,2026-01-06 05:30:00,0,-65.0,-53.462418585044546,-11.537581414955454,11.537581414955454
122048_1767677700,122048,2026-01-06 05:35:00,0,12.0,6.437131384277194,5.562868615722806,5.562868615722806
122048_1767678000,122048,2026-01-06 05:40:00,0,47.0,34.65714284671175,12.34285715328825,12.34285715328825
122048_1767678300,122048,2026-01-06 05:45:00,0,124.0,-18.890115331841514,142.8901153318415,142.8901153318415
122048_1767678600,122048,2026-01-06 05:50:00,0,172.0,66.5997762846331,105.4002237153669,105.4002237153669
122048_1767678900,122048,2026-01-06 05:55:00,0,140.0,111.0219991295231,28.978000870476905,28.978000870476905
129964_1767680400,129964,2026-01-06 06:20:00,0,-51.0,-46.29084956521024,-4.709150434789763,4.709150434789763
129964_1767680700,129964,2026-01-06 06:25:00,0,-106.0,-31.574414861812443,-74.42558513818756,74.42558513818756
129964_1767681000,129964,2026-01-06 06:30:00,0,7.0,-17.364057030980334,24.364057030980334,24.364057030980334
129964_1767681300,129964,2026-01-06 06:35:00,0,47.0,-5.242624028567093,52.24262402856709,52.24262402856709
129964_1767681600,129964,2026-01-06 06:40:00,0,39.0,0.9912298748893846,38.008770125110615,38.008770125110615
129964_1767681900,129964,2026-01-06 06:45:00,0,148.0,129.62495239545416,18.37504760454584,18.37504760454584
129964_1767682200,129964,2026-01-06 06:50:00,0,188.0,103.08700440640784,84.91299559359216,84.91299559359216
129964_1767682500,129964,2026-01-06 06:55:00,0,84.0,66.71881023319655,17.28118976680345,17.28118976680345
129964_1767682800,129964,2026-01-06 07:00:00,0,70.0,92.12600484146877,-22.12600484146877,22.12600484146877
129964_1767683100,129964,2026-01-06 07:05:00,0,154.0,127.24309921711024,26.75690078288976,26.75690078288976
129964_1767683400,129964,2026-01-06 07:10:00,0,81.0,73.67237464256394,7.327625357436062,7.327625357436062
129964_1767683700,129964,2026-01-06 07:15:00,0,145.0,117.31715411965696,27.682845880343038,27.682845880343038
129964_1767684000,129964,2026-01-06 07:20:00,0,134.0,100.60960789618471,33.39039210381529,33.39039210381529
129964_1767684600,129964,2026-01-06 07:30:00,0,-29.0,-14.764750429904922,-14.235249570095078,14.235249570095078
122048_1767684600,122048,2026-01-06 07:30:00,0,350.0,302.25950608742426,47.740493912575744,47.740493912575744
122048_1767684900,122048,2026-01-06 07:35:00,0,304.0,286.53333189618104,17.46666810381896,17.46666810381896
129964_1767684900,129964,2026-01-06 07:35:00,0,-70.0,-4.31689871340928,-65.68310128659073,65.68310128659073
122048_1767685200,122048,2026-01-06 07:40:00,0,183.0,244.74332934917135,-61.74332934917135,61.74332934917135
129964_1767685200,129964,2026-01-06 07:40:00,0,-34.0,42.22371286623866,-76.22371286623866,76.22371286623866
122048_1767685500,122048,2026-01-06 07:45:00,0,141.0,204.9605965330631,-63.9605965330631,63.9605965330631
129964_1767685500,129964,2026-01-06 07:45:00,0,-4.0,19.63259751561911,-23.63259751561911,23.63259751561911
129964_1767685800,129964,2026-01-06 07:50:00,0,17.0,37.85391194859797,-20.85391194859797,20.85391194859797
122048_1767685800,122048,2026-01-06 07:50:00,0,45.0,65.7698558486793,-20.7698558486793,20.7698558486793
122048_1767686100,122048,2026-01-06 07:55:00,0,-35.0,7.425848913028759,-42.42584891302876,42.42584891302876
129964_1767686100,129964,2026-01-06 07:55:00,0,162.0,81.14518066440928,80.85481933559072,80.85481933559072
129964_1767686400,129964,2026-01-06 08:00:00,0,97.0,37.07833870832539,59.92166129167461,59.92166129167461
122048_1767686400,122048,2026-01-06 08:00:00,0,-43.0,36.03440529669004,-79.03440529669004,79.03440529669004
122048_1767686700,122048,2026-01-06 08:05:00,0,-49.0,30.106403591784574,-79.10640359178457,79.10640359178457
129964_1767686700,129964,2026-01-06 08:05:00,0,64.0,42.063402086997044,21.936597913002956,21.936597913002956
122048_1767687000,122048,2026-01-06 08:10:00,0,104.0,56.56584696147824,47.43415303852176,47.43415303852176
129964_1767687000,129964,2026-01-06 08:10:00,0,42.0,70.88978141678894,-28.889781416788935,28.889781416788935
122048_1767687300,122048,2026-01-06 08:15:00,0,99.0,19.038767375441502,79.9612326245585,79.9612326245585
129964_1767687300,129964,2026-01-06 08:15:00,0,108.0,72.60854829690881,35.39145170309119,35.39145170309119
122048_1767687600,122048,2026-01-06 08:20:00,0,49.0,4.705755898484185,44.294244101515815,44.294244101515815
129964_1767687600,129964,2026-01-06 08:20:00,0,8.0,10.019292110363608,-2.019292110363608,2.019292110363608
129964_1767687900,129964,2026-01-06 08:25:00,0,95.0,32.88032464772957,62.11967535227043,62.11967535227043
122048_1767687900,122048,2026-01-06 08:25:00,0,80.0,124.309699419914,-44.309699419914,44.309699419914
122048_1767688200,122048,2026-01-06 08:30:00,0,68.0,-3.303353824263702,71.3033538242637,71.3033538242637
122048_1767688500,122048,2026-01-06 08:35:00,0,49.0,77.98864367709939,-28.98864367709939,28.98864367709939
122048_1767688800,122048,2026-01-06 08:40:00,0,76.0,94.18476928246206,-18.184769282462057,18.184769282462057
122048_1767689100,122048,2026-01-06 08:45:00,0,94.0,45.096457494798216,48.903542505201784,48.903542505201784
122048_1767689400,122048,2026-01-06 08:50:00,0,121.0,12.895750233589808,108.10424976641019,108.10424976641019
122048_1767689700,122048,2026-01-06 08:55:00,0,116.0,63.36355288547733,52.63644711452267,52.63644711452267
122048_1767690000,122048,2026-01-06 09:00:00,0,73.0,8.562028643156914,64.4379713568431,64.4379713568431
129964_1767690000,129964,2026-01-06 09:00:00,0,65.0,23.202166689946363,41.79783331005363,41.79783331005363
122048_1767690300,122048,2026-01-06 09:05:00,0,-33.0,-1.3146779377862217,-31.68532206221378,31.68532206221378
129964_1767690300,129964,2026-01-06 09:05:00,0,66.0,76.14834396464036,-10.148343964640361,10.148343964640361
129964_1767690600,129964,2026-01-06 09:10:00,0,79.0,79.03994926464794,-0.03994926464794446,0.03994926464794446
129964_1767690900,129964,2026-01-06 09:15:00,0,58.0,70.12128849282391,-12.121288492823908,12.121288492823908
129964_1767691200,129964,2026-01-06 09:20:00,0,64.0,60.14603349755647,3.8539665024435266,3.8539665024435266
129964_1767691500,129964,2026-01-06 09:25:00,0,94.0,80.1734340007389,13.826565999261106,13.826565999261106
129964_1767691800,129964,2026-01-06 09:30:00,0,42.0,51.330432240953016,-9.330432240953016,9.330432240953016
122048_1767691800,122048,2026-01-06 09:30:00,0,233.0,153.67158063755397,79.32841936244603,79.32841936244603
129964_1767692100,129964,2026-01-06 09:35:00,0,16.0,37.956390274915805,-21.956390274915805,21.956390274915805
122048_1767692100,122048,2026-01-06 09:35:00,0,200.0,174.2191027045592,25.78089729544081,25.78089729544081
129964_1767692400,129964,2026-01-06 09:40:00,0,106.0,66.80750826777664,39.19249173222336,39.19249173222336
122048_1767692400,122048,2026-01-06 09:40:00,0,91.0,33.35522471525915,57.64477528474085,57.64477528474085
122048_1767692700,122048,2026-01-06 09:45:00,0,-63.0,-77.49946527898453,14.49946527898453,14.49946527898453
122048_1767693000,122048,2026-01-06 09:50:00,0,-67.0,-0.40356119199289253,-66.59643880800711,66.59643880800711
122048_1767693300,122048,2026-01-06 09:55:00,0,-115.0,-133.26818123276237,18.268181232762373,18.268181232762373
122048_1767693600,122048,2026-01-06 10:00:00,0,-142.0,-102.6605946146081,-39.3394053853919,39.3394053853919
122048_1767693900,122048,2026-01-06 10:05:00,0,-110.0,-135.3188550454988,25.318855045498793,25.318855045498793
122048_1767694200,122048,2026-01-06 10:10:00,0,-50.0,-60.430164026297575,10.430164026297575,10.430164026297575
122048_1767694500,122048,2026-01-06 10:15:00,0,-184.0,-109.06484629960173,-74.93515370039827,74.93515370039827
122048_1767694800,122048,2026-01-06 10:20:00,0,-250.0,-198.86258828665865,-51.13741171334135,51.13741171334135
122048_1767695100,122048,2026-01-06 10:25:00,0,-359.0,-259.27405854330516,-99.72594145669484,99.72594145669484
129964_1767695400,129964,2026-01-06 10:30:00,0,-51.0,-38.32043146929125,-12.67956853070875,12.67956853070875
129964_1767695700,129964,2026-01-06 10:35:00,0,-51.0,-20.102327912997083,-30.897672087002917,30.897672087002917
129964_1767696000,129964,2026-01-06 10:40:00,0,-11.0,9.068587481639383,-20.068587481639383,20.068587481639383
129964_1767696300,129964,2026-01-06 10:45:00,0,73.0,13.407766505510502,59.5922334944895,59.5922334944895
129964_1767696600,129964,2026-01-06 10:50:00,0,111.0,79.98034450929053,31.019655490709468,31.019655490709468
129964_1767696900,129964,2026-01-06 10:55:00,0,140.0,114.08286619200867,25.917133807991334,25.917133807991334
129964_1767697200,129964,2026-01-06 11:00:00,0,133.0,53.336303240649485,79.66369675935051,79.66369675935051
129964_1767697500,129964,2026-01-06 11:05:00,0,75.0,19.223496628395743,55.77650337160426,55.77650337160426
129964_1767697800,129964,2026-01-06 11:10:00,0,26.0,23.29620091913023,2.7037990808697714,2.7037990808697714
129964_1767698100,129964,2026-01-06 11:15:00,0,10.0,41.874710983784695,-31.874710983784695,31.874710983784695
129964_1767698400,129964,2026-01-06 11:20:00,0,14.0,21.509178862818626,-7.509178862818626,7.509178862818626
129964_1767698700,129964,2026-01-06 11:25:00,0,0.0,-31.99039946480312,31.99039946480312,31.99039946480312
129964_1767699000,129964,2026-01-06 11:30:00,0,80.0,-19.47840909244482,99.47840909244482,99.47840909244482
129964_1767699300,129964,2026-01-06 11:35:00,0,49.0,-11.997258917553474,60.997258917553474,60.997258917553474
129964_1767699900,129964,2026-01-06 11:45:00,0,-53.0,-53.92523885203295,0.9252388520329475,0.9252388520329475
129964_1767700200,129964,2026-01-06 11:50:00,0,-73.0,-34.0393206418227,-38.9606793581773,38.9606793581773
129964_1767700500,129964,2026-01-06 11:55:00,0,90.0,41.5244994934222,48.4755005065778,48.4755005065778
122048_1767700800,122048,2026-01-06 12:00:00,0,374.0,377.82171560631326,-3.821715606313262,3.821715606313262
122048_1767701100,122048,2026-01-06 12:05:00,0,312.0,247.53459683561442,64.46540316438558,64.46540316438558
122048_1767701400,122048,2026-01-06 12:10:00,0,354.0,292.3035296502843,61.696470349715696,61.696470349715696
122048_1767701700,122048,2026-01-06 12:15:00,0,273.0,246.26900243975194,26.730997560248056,26.730997560248056
122048_1767702000,122048,2026-01-06 12:20:00,0,252.0,230.75668634795926,21.24331365204074,21.24331365204074
122048_1767702300,122048,2026-01-06 12:25:00,0,158.0,175.4317667489752,-17.431766748975207,17.431766748975207
122048_1767702600,122048,2026-01-06 12:30:00,0,144.0,115.57265203749598,28.427347962504015,28.427347962504015
122048_1767702900,122048,2026-01-06 12:35:00,0,138.0,169.4945298732489,-31.494529873248894,31.494529873248894
122048_1767703200,122048,2026-01-06 12:40:00,0,87.0,56.03347690988947,30.966523090110528,30.966523090110528
122048_1767703500,122048,2026-01-06 12:45:00,0,84.0,62.2861884447461,21.713811555253898,21.713811555253898
122048_1767703800,122048,2026-01-06 12:50:00,0,84.0,40.59914752835949,43.40085247164051,43.40085247164051
122048_1767704100,122048,2026-01-06 12:55:00,0,0.0,39.38960331486403,-39.38960331486403,39.38960331486403
122048_1767704400,122048,2026-01-06 13:00:00,0,0.0,3.024173335743221,-3.024173335743221,3.024173335743221
129964_1767704400,129964,2026-01-06 13:00:00,0,-106.0,-115.56623565654519,9.566235656545189,9.566235656545189
122048_1767704700,122048,2026-01-06 13:05:00,0,0.0,-3.0953605356304053,3.0953605356304053,3.0953605356304053
129964_1767704700,129964,2026-01-06 13:05:00,0,-150.0,-115.36785559970772,-34.632144400292276,34.632144400292276
122048_1767705000,122048,2026-01-06 13:10:00,0,0.0,-24.190546926222524,24.190546926222524,24.190546926222524
129964_1767705000,129964,2026-01-06 13:10:00,0,-165.0,-58.6874897292886,-106.3125102707114,106.3125102707114
122048_1767705300,122048,2026-01-06 13:15:00,0,0.0,-19.036247517231203,19.036247517231203,19.036247517231203
129964_1767705300,129964,2026-01-06 13:15:00,0,-95.0,-72.69693682612278,-22.30306317387722,22.30306317387722
129964_1767705600,129964,2026-01-06 13:20:00,0,11.0,-54.57383961734165,65.57383961734165,65.57383961734165
122048_1767705600,122048,2026-01-06 13:20:00,0,0.0,-2.615246672438822,2.615246672438822,2.615246672438822
129964_1767705900,129964,2026-01-06 13:25:00,0,-32.0,-100.7128847244199,68.7128847244199,68.7128847244199
122048_1767705900,122048,2026-01-06 13:25:00,0,0.0,-0.13590079655661924,0.13590079655661924,0.13590079655661924
122048_1767706200,122048,2026-01-06 13:30:00,0,0.0,16.4015584519872,-16.4015584519872,16.4015584519872
129964_1767706200,129964,2026-01-06 13:30:00,0,-50.0,-96.50880934451098,46.50880934451098,46.50880934451098
122048_1767706500,122048,2026-01-06 13:35:00,0,0.0,15.184121217482684,-15.184121217482684,15.184121217482684
129964_1767706500,129964,2026-01-06 13:35:00,0,-51.0,-52.21577634773702,1.2157763477370196,1.2157763477370196
129964_1767706800,129964,2026-01-06 13:40:00,0,-34.0,-18.558450345383278,-15.441549654616722,15.441549654616722
122048_1767706800,122048,2026-01-06 13:40:00,0,0.0,6.94891818058322,-6.94891818058322,6.94891818058322
129964_1767707100,129964,2026-01-06 13:45:00,0,25.0,-32.26649297048671,57.26649297048671,57.26649297048671
122048_1767707100,122048,2026-01-06 13:45:00,0,0.0,25.44589631782231,-25.44589631782231,25.44589631782231
122048_1767707400,122048,2026-01-06 13:50:00,0,0.0,-8.861721583156587,8.861721583156587,8.861721583156587
129964_1767707400,129964,2026-01-06 13:50:00,0,-62.0,-68.8956269219616,6.895626921961593,6.895626921961593
122048_1767707700,122048,2026-01-06 13:55:00,0,0.0,9.107911471204389,-9.107911471204389,9.107911471204389
129964_1767707700,129964,2026-01-06 13:55:00,0,5.0,-41.85862250221891,46.85862250221891,46.85862250221891
129964_1767708000,129964,2026-01-06 14:00:00,0,-6.0,-7.753852959726785,1.7538529597267853,1.7538529597267853
129964_1767708600,129964,2026-01-06 14:10:00,0,-114.0,-114.57761595048035,0.5776159504803502,0.5776159504803502
129964_1767708900,129964,2026-01-06 14:15:00,0,-106.0,-123.56948904307995,17.569489043079955,17.569489043079955
129964_1767709200,129964,2026-01-06 14:20:00,0,-77.0,-67.21851516162772,-9.781484838372279,9.781484838372279
129964_1767709500,129964,2026-01-06 14:25:00,0,-93.0,-77.36534364261283,-15.634656357387172,15.634656357387172
129964_1767709800,129964,2026-01-06 14:30:00,0,-69.0,-41.727947481723874,-27.272052518276126,27.272052518276126
129964_1767710100,129964,2026-01-06 14:35:00,0,-42.0,-54.3198010649116,12.319801064911601,12.319801064911601
129964_1767710400,129964,2026-01-06 14:40:00,0,-145.0,-125.84736284121834,-19.15263715878166,19.15263715878166
129964_1767710700,129964,2026-01-06 14:45:00,0,-127.0,-106.61092538230182,-20.389074617698185,20.389074617698185
129964_1767711000,129964,2026-01-06 14:50:00,0,-207.0,-123.00067548120094,-83.99932451879906,83.99932451879906
129964_1767711300,129964,2026-01-06 14:55:00,0,-66.0,-82.27784232027145,16.277842320271446,16.277842320271446
122048_1767713400,122048,2026-01-06 15:30:00,0,0.0,23.533220106341187,-23.533220106341187,23.533220106341187
129964_1767713400,129964,2026-01-06 15:30:00,0,-129.0,-83.40769381269823,-45.59230618730177,45.59230618730177
129964_1767713700,129964,2026-01-06 15:35:00,0,-33.0,-12.879016588097542,-20.120983411902458,20.120983411902458
122048_1767713700,122048,2026-01-06 15:35:00,0,0.0,14.229320447261735,-14.229320447261735,14.229320447261735
122048_1767714000,122048,2026-01-06 15:40:00,0,0.0,-9.838091766022892,9.838091766022892,9.838091766022892
129964_1767714000,129964,2026-01-06 15:40:00,0,25.0,-17.721791407360797,42.7217914073608,42.7217914073608
129964_1767714300,129964,2026-01-06 15:45:00,0,8.0,4.7704407278584355,3.2295592721415645,3.2295592721415645
122048_1767714300,122048,2026-01-06 15:45:00,0,0.0,-72.67418579075627,72.67418579075627,72.67418579075627
122048_1767714600,122048,2026-01-06 15:50:00,0,0.0,-21.024802609524002,21.024802609524002,21.024802609524002
129964_1767714600,129964,2026-01-06 15:50:00,0,-49.0,-74.79630440470463,25.796304404704628,25.796304404704628
129964_1767714900,129964,2026-01-06 15:55:00,0,-82.0,-91.71661363491225,9.71661363491225,9.71661363491225
122048_1767714900,122048,2026-01-06 15:55:00,0,0.0,-8.106163174947696,8.106163174947696,8.106163174947696
122048_1767715200,122048,2026-01-06 16:00:00,0,0.0,-9.99663838557484,9.99663838557484,9.99663838557484
129964_1767715200,129964,2026-01-06 16:00:00,0,-134.0,-90.1529448825257,-43.8470551174743,43.8470551174743
122048_1767715500,122048,2026-01-06 16:05:00,0,0.0,9.152887600023952,-9.152887600023952,9.152887600023952
129964_1767715500,129964,2026-01-06 16:05:00,0,-115.0,-65.44536999145352,-49.55463000854648,49.55463000854648
122048_1767715800,122048,2026-01-06 16:10:00,0,0.0,19.027475419284126,-19.027475419284126,19.027475419284126
129964_1767715800,129964,2026-01-06 16:10:00,0,-2.0,-60.96862783799452,58.96862783799452,58.96862783799452
129964_1767716100,129964,2026-01-06 16:15:00,0,-46.0,-104.98810738642015,58.988107386420154,58.988107386420154
122048_1767716100,122048,2026-01-06 16:15:00,0,0.0,37.96191377687265,-37.96191377687265,37.96191377687265
122048_1767716400,122048,2026-01-06 16:20:00,0,0.0,65.58923913336523,-65.58923913336523,65.58923913336523
129964_1767716400,129964,2026-01-06 16:20:00,0,-13.0,-63.79088740540159,50.79088740540159,50.79088740540159
122048_1767716700,122048,2026-01-06 16:25:00,0,0.0,40.28893585882081,-40.28893585882081,40.28893585882081
129964_1767716700,129964,2026-01-06 16:25:00,0,303.0,-10.963705216076946,313.96370521607696,313.96370521607696
129964_1767717300,129964,2026-01-06 16:35:00,0,-111.0,-106.97354693486875,-4.02645306513125,4.02645306513125
129964_1767717600,129964,2026-01-06 16:40:00,0,-126.0,-90.0766952216901,-35.9233047783099,35.9233047783099
129964_1767717900,129964,2026-01-06 16:45:00,0,38.0,10.584112223663439,27.41588777633656,27.41588777633656
129964_1767718200,129964,2026-01-06 16:50:00,0,57.0,-4.064663015339974,61.064663015339974,61.064663015339974
129964_1767718500,129964,2026-01-06 16:55:00,0,71.0,29.14088860522921,41.85911139477079,41.85911139477079
129964_1767718800,129964,2026-01-06 17:00:00,0,39.0,68.08193245835413,-29.08193245835413,29.08193245835413
129964_1767719100,129964,2026-01-06 17:05:00,0,-44.0,-51.63561374601284,7.635613746012837,7.635613746012837
129964_1767719400,129964,2026-01-06 17:10:00,0,-130.0,-88.14994174678102,-41.850058253218975,41.850058253218975
129964_1767719700,129964,2026-01-06 17:15:00,0,-135.0,-70.740362171567,-64.259637828433,64.259637828433
122048_1767720000,122048,2026-01-06 17:20:00,0,-336.0,-330.864,-5.136000000000024,5.136000000000024
129964_1767720000,129964,2026-01-06 17:20:00,0,-14.0,-24.883721322917808,10.883721322917808,10.883721322917808
129964_1767720300,129964,2026-01-06 17:25:00,0,-105.0,-97.90585271973907,-7.094147280260927,7.094147280260927
122048_1767720300,122048,2026-01-06 17:25:00,0,-130.0,-115.8542568525964,-14.145743147403607,14.145743147403607
122048_1767720600,122048,2026-01-06 17:30:00,0,-32.0,-25.790750113973658,-6.209249886026342,6.209249886026342
129964_1767720600,129964,2026-01-06 17:30:00,0,-10.0,-65.5812269133266,55.5812269133266,55.5812269133266
122048_1767720900,122048,2026-01-06 17:35:00,0,-32.0,-32.66144224249187,0.6614422424918729,0.6614422424918729
129964_1767720900,129964,2026-01-06 17:35:00,0,49.0,-41.509269428944634,90.50926942894463,90.50926942894463
122048_1767721200,122048,2026-01-06 17:40:00,0,-108.0,-43.1294395549871,-64.8705604450129,64.8705604450129
122048_1767721500,122048,2026-01-06 17:45:00,0,-141.0,-138.97126108900306,-2.0287389109969354,2.0287389109969354
122048_1767721800,122048,2026-01-06 17:50:00,0,-174.0,-95.92229440106954,-78.07770559893046,78.07770559893046
122048_1767722100,122048,2026-01-06 17:55:00,0,-157.0,-100.72999918323302,-56.27000081676698,56.27000081676698
122048_1767722400,122048,2026-01-06 18:00:00,0,-146.0,-149.08798765145846,3.0879876514584623,3.0879876514584623
122048_1767722700,122048,2026-01-06 18:05:00,0,-104.0,-91.87985436284148,-12.120145637158515,12.120145637158515
122048_1767723000,122048,2026-01-06 18:10:00,0,-70.0,-51.20111328582627,-18.798886714173733,18.798886714173733
122048_1767723300,122048,2026-01-06 18:15:00,0,48.0,47.070521421072286,0.9294785789277142,0.9294785789277142
122048_1767723600,122048,2026-01-06 18:20:00,0,66.0,70.18703025166465,-4.187030251664652,4.187030251664652
122048_1767723900,122048,2026-01-06 18:25:00,0,50.0,79.79177604227148,-29.79177604227148,29.79177604227148
122048_1767724200,122048,2026-01-06 18:30:00,0,35.0,70.3284824870141,-35.3284824870141,35.3284824870141
122048_1767724500,122048,2026-01-06 18:35:00,0,133.0,116.42330171377628,16.576698286223717,16.576698286223717
122048_1767724800,122048,2026-01-06 18:40:00,0,250.0,125.07334592953785,124.92665407046215,124.92665407046215
122048_1767725100,122048,2026-01-06 18:45:00,0,274.0,322.31684308030214,-48.316843080302135,48.316843080302135
122048_1767725400,122048,2026-01-06 18:50:00,0,356.0,422.4415684349525,-66.4415684349525,66.4415684349525
122048_1767725700,122048,2026-01-06 18:55:00,0,417.0,268.21176561963694,148.78823438036306,148.78823438036306
122048_1767726000,122048,2026-01-06 19:00:00,0,481.0,441.3861599449145,39.61384005508552,39.61384005508552
122048_1767726300,122048,2026-01-06 19:05:00,0,523.0,475.4545386243377,47.545461375662285,47.545461375662285
122048_1767727200,122048,2026-01-06 19:20:00,0,-54.0,37.02405751044754,-91.02405751044753,91.02405751044753
122048_1767728700,122048,2026-01-06 19:45:00,0,-348.0,-311.58953634285746,-36.41046365714254,36.41046365714254
122048_1767729000,122048,2026-01-06 19:50:00,0,-142.0,-122.56023651006848,-19.439763489931522,19.439763489931522
122048_1767729300,122048,2026-01-06 19:55:00,0,36.0,13.242536198125528,22.757463801874472,22.757463801874472
122048_1767729600,122048,2026-01-06 20:00:00,0,41.0,28.817972235774945,12.182027764225055,12.182027764225055
122048_1767729900,122048,2026-01-06 20:05:00,0,93.0,128.0884828487182,-35.0884828487182,35.0884828487182
122048_1767730200,122048,2026-01-06 20:10:00,0,99.0,93.68296999089578,5.317030009104215,5.317030009104215
130072_1767730200,130072,2026-01-06 20:10:00,0,60.0,71.60929976037966,-11.609299760379656,11.609299760379656
122048_1767730500,122048,2026-01-06 20:15:00,0,-3.0,75.54482077829428,-78.54482077829428,78.54482077829428
130072_1767730500,130072,2026-01-06 20:15:00,0,60.0,81.40266108902789,-21.402661089027887,21.402661089027887
130072_1767730800,130072,2026-01-06 20:20:00,0,106.0,91.20866257372415,14.791337426275845,14.791337426275845
122048_1767730800,122048,2026-01-06 20:20:00,0,25.0,79.52967536454469,-54.52967536454469,54.52967536454469
130072_1767731100,130072,2026-01-06 20:25:00,0,22.0,57.96816816060307,-35.96816816060307,35.96816816060307
122048_1767731100,122048,2026-01-06 20:25:00,0,4.0,37.0709230619145,-33.0709230619145,33.0709230619145
130072_1767731400,130072,2026-01-06 20:30:00,0,49.0,126.13349093577732,-77.13349093577732,77.13349093577732
130072_1767731700,130072,2026-01-06 20:35:00,0,78.0,107.52867617806439,-29.528676178064387,29.528676178064387
130072_1767732000,130072,2026-01-06 20:40:00,0,158.0,143.19568195488662,14.804318045113376,14.804318045113376
130072_1767732300,130072,2026-01-06 20:45:00,0,161.0,124.11396684531988,36.88603315468012,36.88603315468012
130072_1767732600,130072,2026-01-06 20:50:00,0,226.0,198.99768532096175,27.00231467903825,27.00231467903825
130072_1767732900,130072,2026-01-06 20:55:00,0,187.0,212.94497877326222,-25.94497877326222,25.94497877326222
130072_1767733200,130072,2026-01-06 21:00:00,0,125.0,110.53500606791064,14.464993932089357,14.464993932089357
122048_1767733200,122048,2026-01-06 21:00:00,0,0.0,-9.027762615366122,9.027762615366122,9.027762615366122
130072_1767733500,130072,2026-01-06 21:05:00,0,125.0,127.11007733213528,-2.110077332135276,2.110077332135276
122048_1767733500,122048,2026-01-06 21:05:00,0,0.0,23.830915492428822,-23.830915492428822,23.830915492428822
130072_1767733800,130072,2026-01-06 21:10:00,0,168.0,159.32235036408224,8.67764963591776,8.67764963591776
122048_1767733800,122048,2026-01-06 21:10:00,0,0.0,10.595093401450285,-10.595093401450285,10.595093401450285
130072_1767734100,130072,2026-01-06 21:15:00,0,195.0,149.5161588291773,45.4838411708227,45.4838411708227
122048_1767734100,122048,2026-01-06 21:15:00,0,0.0,6.579181150477709,-6.579181150477709,6.579181150477709
122048_1767734400,122048,2026-01-06 21:20:00,0,0.0,-2.817331382338743,2.817331382338743,2.817331382338743
130072_1767734400,130072,2026-01-06 21:20:00,0,163.0,120.86236313953611,42.137636860463886,42.137636860463886
130072_1767734700,130072,2026-01-06 21:25:00,0,0.0,17.291768376045134,-17.291768376045134,17.291768376045134
122048_1767734700,122048,2026-01-06 21:25:00,0,0.0,-22.590501621022938,22.590501621022938,22.590501621022938
130072_1767735000,130072,2026-01-06 21:30:00,0,0.0,6.5983278727576575,-6.5983278727576575,6.5983278727576575
130072_1767735300,130072,2026-01-06 21:35:00,0,0.0,39.39318269743693,-39.39318269743693,39.39318269743693
130072_1767735600,130072,2026-01-06 21:40:00,0,0.0,2.9631568748196173,-2.9631568748196173,2.9631568748196173
130072_1767735900,130072,2026-01-06 21:45:00,0,0.0,1.949402227967738,-1.949402227967738,1.949402227967738
130072_1767736200,130072,2026-01-06 21:50:00,0,0.0,1.9391155974540695,-1.9391155974540695,1.9391155974540695
130072_1767736500,130072,2026-01-06 21:55:00,0,0.0,13.464196766502525,-13.464196766502525,13.464196766502525
130072_1767740700,130072,2026-01-06 23:05:00,0,0.0,-1.4648240355628133,1.4648240355628133,1.4648240355628133
130072_1767741000,130072,2026-01-06 23:10:00,0,0.0,5.450364159057472,-5.450364159057472,5.450364159057472
130072_1767741300,130072,2026-01-06 23:15:00,0,0.0,19.726591898088312,-19.726591898088312,19.726591898088312
130072_1767741600,130072,2026-01-06 23:20:00,0,0.0,10.327715163850712,-10.327715163850712,10.327715163850712
130072_1767741900,130072,2026-01-06 23:25:00,0,0.0,54.22767983730458,-54.22767983730458,54.22767983730458
134040_1767667800,134040,2026-01-06 02:50:00,1,20.0,31.65068133887633,-11.650681338876328,11.650681338876328
134040_1767668100,134040,2026-01-06 02:55:00,1,93.0,68.34894267371422,24.65105732628578,24.65105732628578
134040_1767670200,134040,2026-01-06 03:30:00,1,110.0,83.52137071896769,26.478629281032312,26.478629281032312
134040_1767670500,134040,2026-01-06 03:35:00,1,129.0,123.70484049978069,5.295159500219313,5.295159500219313
134040_1767670800,134040,2026-01-06 03:40:00,1,132.0,130.8846306631494,1.1153693368505913,1.1153693368505913
134040_1767671100,134040,2026-01-06 03:45:00,1,60.0,118.79556588488857,-58.795565884888575,58.795565884888575
134040_1767671400,134040,2026-01-06 03:50:00,1,43.0,85.03336736985207,-42.03336736985207,42.03336736985207
134040_1767671700,134040,2026-01-06 03:55:00,1,-29.0,1.3381187267641295,-30.33811872676413,30.33811872676413
131672_1767673800,131672,2026-01-06 04:30:00,1,-73.0,-63.66353931696531,-9.336460683034687,9.336460683034687
131672_1767674100,131672,2026-01-06 04:35:00,1,121.0,90.48544366339445,30.51455633660555,30.51455633660555
131672_1767674400,131672,2026-01-06 04:40:00,1,145.0,57.35910978443613,87.64089021556387,87.64089021556387
131672_1767674700,131672,2026-01-06 04:45:00,1,125.0,103.59824329979682,21.40175670020318,21.40175670020318
131672_1767675000,131672,2026-01-06 04:50:00,1,166.0,143.39319687890824,22.606803121091758,22.606803121091758
133300_1767675000,133300,2026-01-06 04:50:00,1,99.0,73.69548193317533,25.30451806682467,25.30451806682467
133300_1767675300,133300,2026-01-06 04:55:00,1,99.0,99.0457389405891,-0.04573894058910355,0.04573894058910355
131672_1767675300,131672,2026-01-06 04:55:00,1,88.0,57.50701405036492,30.492985949635077,30.492985949635077
133300_1767675600,133300,2026-01-06 05:00:00,1,180.0,157.36903158841164,22.630968411588356,22.630968411588356
133300_1767675900,133300,2026-01-06 05:05:00,1,135.0,144.40081239284592,-9.400812392845921,9.400812392845921
133300_1767676200,133300,2026-01-06 05:10:00,1,170.0,228.33255614771574,-58.332556147715735,58.332556147715735
133300_1767676500,133300,2026-01-06 05:15:00,1,169.0,246.09107601547447,-77.09107601547447,77.09107601547447
133300_1767676800,133300,2026-01-06 05:20:00,1,289.0,229.24166867470535,59.75833132529465,59.75833132529465
133300_1767677400,133300,2026-01-06 05:30:00,1,87.0,79.3562305465764,7.643769453423602,7.643769453423602
134040_1767677400,134040,2026-01-06 05:30:00,1,71.0,84.74885322917407,-13.748853229174074,13.748853229174074
134040_1767677700,134040,2026-01-06 05:35:00,1,174.0,120.23493330727507,53.76506669272493,53.76506669272493
133300_1767677700,133300,2026-01-06 05:35:00,1,87.0,74.75248793010186,12.247512069898136,12.247512069898136
133300_1767678000,133300,2026-01-06 05:40:00,1,108.0,117.54675186371115,-9.546751863711151,9.546751863711151
134040_1767678000,134040,2026-01-06 05:40:00,1,-25.0,-37.560951976392275,12.560951976392275,12.560951976392275
133300_1767678300,133300,2026-01-06 05:45:00,1,59.0,28.97514177709831,30.02485822290169,30.02485822290169
133300_1767678600,133300,2026-01-06 05:50:00,1,40.0,73.39096378004231,-33.39096378004231,33.39096378004231
133300_1767678900,133300,2026-01-06 05:55:00,1,-2.0,25.10326617210575,-27.10326617210575,27.10326617210575
134040_1767679800,134040,2026-01-06 06:10:00,1,23.0,4.875295938946103,18.124704061053897,18.124704061053897
134040_1767680100,134040,2026-01-06 06:15:00,1,26.0,42.195388811793045,-16.195388811793045,16.195388811793045
134040_1767680400,134040,2026-01-06 06:20:00,1,-52.0,-26.71892654747984,-25.28107345252016,25.28107345252016
134040_1767680700,134040,2026-01-06 06:25:00,1,-87.0,-23.57460231392575,-63.42539768607425,63.42539768607425
133300_1767681000,133300,2026-01-06 06:30:00,1,12.0,24.742043718616817,-12.742043718616817,12.742043718616817
134040_1767681000,134040,2026-01-06 06:30:00,1,-111.0,-56.37387711443142,-54.62612288556858,54.62612288556858
134040_1767681300,134040,2026-01-06 06:35:00,1,-75.0,-3.2235209822664075,-71.77647901773359,71.77647901773359
133300_1767681300,133300,2026-01-06 06:35:00,1,-61.0,80.76350629283249,-141.7635062928325,141.7635062928325
133300_1767681600,133300,2026-01-06 06:40:00,1,159.0,162.7846654305366,-3.7846654305365917,3.7846654305365917
134040_1767681600,134040,2026-01-06 06:40:00,1,1.0,11.34346762101255,-10.34346762101255,10.34346762101255
131672_1767681900,131672,2026-01-06 06:45:00,1,37.0,29.527257397244647,7.472742602755353,7.472742602755353
133300_1767681900,133300,2026-01-06 06:45:00,1,79.0,39.47374575118588,39.52625424881412,39.52625424881412
134040_1767681900,134040,2026-01-06 06:45:00,1,-38.0,5.010099885787142,-43.01009988578714,43.01009988578714
133300_1767682200,133300,2026-01-06 06:50:00,1,79.0,36.68999034047779,42.31000965952221,42.31000965952221
131672_1767682200,131672,2026-01-06 06:50:00,1,13.0,38.326262371245434,-25.326262371245434,25.326262371245434
134040_1767682200,134040,2026-01-06 06:50:00,1,-71.0,37.29049826579069,-108.29049826579069,108.29049826579069
133300_1767682500,133300,2026-01-06 06:55:00,1,173.0,54.43479779626114,118.56520220373886,118.56520220373886
131672_1767682500,131672,2026-01-06 06:55:00,1,16.0,79.49683304465361,-63.49683304465361,63.49683304465361
134040_1767682500,134040,2026-01-06 06:55:00,1,46.0,34.61312445740626,11.386875542593742,11.386875542593742
133300_1767682800,133300,2026-01-06 07:00:00,1,135.0,79.18078147785559,55.81921852214441,55.81921852214441
131672_1767682800,131672,2026-01-06 07:00:00,1,-48.0,-5.088863724849794,-42.911136275150206,42.911136275150206
133300_1767683100,133300,2026-01-06 07:05:00,1,169.0,228.65126871844947,-59.65126871844947,59.65126871844947
131672_1767683100,131672,2026-01-06 07:05:00,1,-52.0,-35.8050921110769,-16.194907888923098,16.194907888923098
131672_1767683400,131672,2026-01-06 07:10:00,1,-178.0,-150.85167029290096,-27.148329707099037,27.148329707099037
133300_1767683400,133300,2026-01-06 07:10:00,1,166.0,178.96705274839323,-12.967052748393229,12.967052748393229
133300_1767683700,133300,2026-01-06 07:15:00,1,240.0,255.30713651233947,-15.307136512339468,15.307136512339468
131672_1767683700,131672,2026-01-06 07:15:00,1,-200.0,-120.97445612017614,-79.02554387982386,79.02554387982386
131672_1767684000,131672,2026-01-06 07:20:00,1,-74.0,-73.62440108410989,-0.37559891589010874,0.37559891589010874
133300_1767684000,133300,2026-01-06 07:20:00,1,116.0,126.56484098965407,-10.564840989654073,10.564840989654073
133300_1767684300,133300,2026-01-06 07:25:00,1,116.0,76.16719866357214,39.83280133642786,39.83280133642786
131672_1767684300,131672,2026-01-06 07:25:00,1,24.0,-29.936669482862513,53.93666948286251,53.93666948286251
131672_1767684600,131672,2026-01-06 07:30:00,1,-63.0,-32.88326406925924,-30.11673593074076,30.11673593074076
133300_1767684600,133300,2026-01-06 07:30:00,1,214.0,172.66799769020434,41.332002309795655,41.332002309795655
131672_1767684900,131672,2026-01-06 07:35:00,1,-96.0,-76.16802652552805,-19.83197347447195,19.83197347447195
133300_1767684900,133300,2026-01-06 07:35:00,1,244.0,119.8408355141157,124.1591644858843,124.1591644858843
133300_1767685200,133300,2026-01-06 07:40:00,1,255.0,266.3159029167033,-11.315902916703294,11.315902916703294
131672_1767685200,131672,2026-01-06 07:40:00,1,-126.0,-84.98684630345838,-41.01315369654162,41.01315369654162
133300_1767685500,133300,2026-01-06 07:45:00,1,286.0,311.4371317304214,-25.437131730421413,25.437131730421413
133300_1767685800,133300,2026-01-06 07:50:00,1,404.0,331.63642970382625,72.36357029617375,72.36357029617375
133300_1767686400,133300,2026-01-06 08:00:00,1,-26.0,-6.235871445635574,-19.764128554364426,19.764128554364426
131672_1767688200,131672,2026-01-06 08:30:00,1,16.0,-7.877240769180794,23.877240769180794,23.877240769180794
134040_1767688200,134040,2026-01-06 08:30:00,1,154.0,117.65388352125447,36.34611647874553,36.34611647874553
134040_1767688500,134040,2026-01-06 08:35:00,1,141.0,129.53708950278508,11.46291049721492,11.46291049721492
131672_1767688500,131672,2026-01-06 08:35:00,1,20.0,20.8599779901239,-0.8599779901239017,0.8599779901239017
134040_1767688800,134040,2026-01-06 08:40:00,1,128.0,112.84480728527654,15.155192714723455,15.155192714723455
131672_1767688800,131672,2026-01-06 08:40:00,1,-17.0,0.421002488410835,-17.421002488410835,17.421002488410835
131672_1767689100,131672,2026-01-06 08:45:00,1,17.0,44.04304423102837,-27.043044231028368,27.043044231028368
134040_1767689100,134040,2026-01-06 08:45:00,1,26.0,65.50383162938778,-39.503831629387776,39.503831629387776
131672_1767689400,131672,2026-01-06 08:50:00,1,-72.0,-73.89558970961423,1.895589709614228,1.895589709614228
133300_1767689400,133300,2026-01-06 08:50:00,1,9.0,24.815845491532595,-15.815845491532595,15.815845491532595
134040_1767689400,134040,2026-01-06 08:50:00,1,94.0,84.9562772160699,9.043722783930093,9.043722783930093
134040_1767689700,134040,2026-01-06 08:55:00,1,46.0,101.31847153730197,-55.318471537301974,55.318471537301974
133300_1767689700,133300,2026-01-06 08:55:00,1,9.0,26.046440907198086,-17.046440907198086,17.046440907198086
131672_1767689700,131672,2026-01-06 08:55:00,1,-222.0,-112.314971790502,-109.685028209498,109.685028209498
134040_1767690000,134040,2026-01-06 09:00:00,1,159.0,132.82602113543498,26.173978864565015,26.173978864565015
131672_1767690000,131672,2026-01-06 09:00:00,1,-208.0,-110.7903519310367,-97.2096480689633,97.2096480689633
133300_1767690000,133300,2026-01-06 09:00:00,1,68.0,55.67678576783188,12.32321423216812,12.32321423216812
133300_1767690300,133300,2026-01-06 09:05:00,1,69.0,32.365775907378655,36.634224092621345,36.634224092621345
134040_1767690300,134040,2026-01-06 09:05:00,1,-28.0,18.127670404047816,-46.12767040404782,46.12767040404782
131672_1767690300,131672,2026-01-06 09:05:00,1,-157.0,-142.94909297137372,-14.050907028626284,14.050907028626284
133300_1767690600,133300,2026-01-06 09:10:00,1,59.0,54.354172617858566,4.645827382141434,4.645827382141434
131672_1767690600,131672,2026-01-06 09:10:00,1,-39.0,-64.73264386015792,25.73264386015792,25.73264386015792
133300_1767690900,133300,2026-01-06 09:15:00,1,62.0,85.67336251365626,-23.673362513656258,23.673362513656258
131672_1767690900,131672,2026-01-06 09:15:00,1,-68.0,-68.49802363142663,0.49802363142663353,0.49802363142663353
131672_1767691200,131672,2026-01-06 09:20:00,1,-65.0,-101.78010555120136,36.78010555120136,36.78010555120136
133300_1767691200,133300,2026-01-06 09:20:00,1,135.0,134.72492499727923,0.2750750027207687,0.2750750027207687
131672_1767691500,131672,2026-01-06 09:25:00,1,-10.0,-50.904893571407015,40.904893571407015,40.904893571407015
133300_1767693600,133300,2026-01-06 10:00:00,1,168.0,143.3602371563518,24.639762843648214,24.639762843648214
133300_1767694200,133300,2026-01-06 10:10:00,1,-63.0,-3.9452970975667796,-59.05470290243322,59.05470290243322
133300_1767694500,133300,2026-01-06 10:15:00,1,-63.0,-49.777442252414716,-13.222557747585284,13.222557747585284
133300_1767694800,133300,2026-01-06 10:20:00,1,54.0,35.61890441447841,18.381095585521592,18.381095585521592
133300_1767695100,133300,2026-01-06 10:25:00,1,90.0,-6.309726443637601,96.3097264436376,96.3097264436376
133300_1767697200,133300,2026-01-06 11:00:00,1,49.0,51.988581569839255,-2.988581569839255,2.988581569839255
133300_1767697500,133300,2026-01-06 11:05:00,1,77.0,11.596543652725387,65.40345634727461,65.40345634727461
133300_1767697800,133300,2026-01-06 11:10:00,1,65.0,27.013004073872253,37.98699592612775,37.98699592612775
133300_1767698100,133300,2026-01-06 11:15:00,1,151.0,116.95207107032127,34.04792892967873,34.04792892967873
131672_1767698100,131672,2026-01-06 11:15:00,1,27.0,25.938133673606643,1.061866326393357,1.061866326393357
131672_1767698400,131672,2026-01-06 11:20:00,1,60.0,53.229135394305295,6.770864605694705,6.770864605694705
133300_1767698400,133300,2026-01-06 11:20:00,1,225.0,213.88258355189936,11.117416448100641,11.117416448100641
131672_1767698700,131672,2026-01-06 11:25:00,1,82.0,119.70834482267688,-37.70834482267688,37.70834482267688
131672_1767699000,131672,2026-01-06 11:30:00,1,4.0,44.03658949784115,-40.03658949784115,40.03658949784115
131672_1767699300,131672,2026-01-06 11:35:00,1,40.0,1.8068637004480976,38.1931362995519,38.1931362995519
131672_1767699600,131672,2026-01-06 11:40:00,1,-28.0,-70.25698646249133,42.25698646249133,42.25698646249133
131672_1767699900,131672,2026-01-06 11:45:00,1,-29.0,-67.30564097669044,38.30564097669044,38.30564097669044
131672_1767700200,131672,2026-01-06 11:50:00,1,-23.0,-31.776980110612854,8.776980110612854,8.776980110612854
131672_1767700500,131672,2026-01-06 11:55:00,1,-47.0,-29.865667549115685,-17.134332450884315,17.134332450884315
131672_1767700800,131672,2026-01-06 12:00:00,1,-105.0,-121.9890925566377,16.9890925566377,16.9890925566377
133300_1767700800,133300,2026-01-06 12:00:00,1,260.0,170.43579473704256,89.56420526295744,89.56420526295744
131672_1767701100,131672,2026-01-06 12:05:00,1,-83.0,-142.71556053909347,59.715560539093474,59.715560539093474
133300_1767701400,133300,2026-01-06 12:10:00,1,-7.0,30.581857725836155,-37.58185772583616,37.58185772583616
131672_1767701400,131672,2026-01-06 12:10:00,1,-207.0,-181.5127759434947,-25.487224056505312,25.487224056505312
133300_1767701700,133300,2026-01-06 12:15:00,1,-7.0,29.623843944284275,-36.623843944284275,36.623843944284275
133300_1767702000,133300,2026-01-06 12:20:00,1,132.0,129.11059217487565,2.8894078251243513,2.8894078251243513
133300_1767702300,133300,2026-01-06 12:25:00,1,114.0,39.04795141666449,74.95204858333551,74.95204858333551
133300_1767702600,133300,2026-01-06 12:30:00,1,47.0,74.0862389792378,-27.086238979237805,27.086238979237805
133300_1767702900,133300,2026-01-06 12:35:00,1,95.0,84.81299559274723,10.187004407252772,10.187004407252772
134040_1767703200,134040,2026-01-06 12:40:00,1,-35.0,-12.787614772501115,-22.212385227498885,22.212385227498885
131672_1767703200,131672,2026-01-06 12:40:00,1,17.0,5.895409498689794,11.104590501310206,11.104590501310206
133300_1767703200,133300,2026-01-06 12:40:00,1,322.0,224.38937414487987,97.61062585512013,97.61062585512013
134040_1767703500,134040,2026-01-06 12:45:00,1,-35.0,21.805365569463273,-56.80536556946328,56.80536556946328
131672_1767703500,131672,2026-01-06 12:45:00,1,76.0,67.38936071586467,8.610639284135331,8.610639284135331
131672_1767703800,131672,2026-01-06 12:50:00,1,53.0,67.32175890094074,-14.321758900940736,14.321758900940736
134040_1767703800,134040,2026-01-06 12:50:00,1,52.0,65.28704792168826,-13.287047921688256,13.287047921688256
133300_1767703800,133300,2026-01-06 12:50:00,1,-25.0,-53.47268428519017,28.47268428519017,28.47268428519017
131672_1767704100,131672,2026-01-06 12:55:00,1,192.0,84.54201126922393,107.45798873077607,107.45798873077607
134040_1767704100,134040,2026-01-06 12:55:00,1,87.0,77.60907221183174,9.390927788168256,9.390927788168256
134040_1767704400,134040,2026-01-06 13:00:00,1,91.0,81.6833146554751,9.316685344524899,9.316685344524899
134040_1767704700,134040,2026-01-06 13:05:00,1,-7.0,59.325439797802474,-66.32543979780247,66.32543979780247
134040_1767705000,134040,2026-01-06 13:10:00,1,47.0,87.83296903630054,-40.83296903630054,40.83296903630054
134040_1767705300,134040,2026-01-06 13:15:00,1,84.0,108.65115408897066,-24.651154088970657,24.651154088970657
134040_1767705600,134040,2026-01-06 13:20:00,1,113.0,108.98249476017995,4.0175052398200535,4.0175052398200535
134040_1767705900,134040,2026-01-06 13:25:00,1,37.0,102.0099521485677,-65.0099521485677,65.0099521485677
131672_1767706200,131672,2026-01-06 13:30:00,1,37.0,24.623141181486428,12.376858818513572,12.376858818513572
134040_1767706200,134040,2026-01-06 13:30:00,1,123.0,109.26221315005145,13.737786849948549,13.737786849948549
134040_1767706500,134040,2026-01-06 13:35:00,1,172.0,116.45443696240159,55.54556303759841,55.54556303759841
131672_1767706500,131672,2026-01-06 13:35:00,1,131.0,122.4585941879841,8.541405812015896,8.541405812015896
134040_1767706800,134040,2026-01-06 13:40:00,1,317.0,199.7149977222504,117.28500227774961,117.28500227774961
134040_1767707100,134040,2026-01-06 13:45:00,1,231.0,139.27856082894164,91.72143917105836,91.72143917105836
134040_1767707400,134040,2026-01-06 13:50:00,1,234.0,114.72698171187318,119.27301828812682,119.27301828812682
134040_1767707700,134040,2026-01-06 13:55:00,1,200.0,203.1488015564639,-3.1488015564638943,3.1488015564638943
131672_1767708600,131672,2026-01-06 14:10:00,1,60.0,45.84190736587275,14.15809263412725,14.15809263412725
131672_1767708900,131672,2026-01-06 14:15:00,1,90.0,77.05676062994397,12.943239370056034,12.943239370056034
131672_1767709200,131672,2026-01-06 14:20:00,1,91.0,80.27094803318707,10.729051966812932,10.729051966812932
131672_1767709500,131672,2026-01-06 14:25:00,1,115.0,71.31797723957115,43.68202276042885,43.68202276042885
134040_1767709800,134040,2026-01-06 14:30:00,1,79.0,57.30356246297417,21.69643753702583,21.69643753702583
134040_1767710100,134040,2026-01-06 14:35:00,1,4.0,23.757600657881877,-19.757600657881877,19.757600657881877
134040_1767710400,134040,2026-01-06 14:40:00,1,68.0,66.67362231897013,1.326377681029868,1.326377681029868
134040_1767710700,134040,2026-01-06 14:45:00,1,87.0,102.80182810406313,-15.801828104063134,15.801828104063134
134040_1767711000,134040,2026-01-06 14:50:00,1,187.0,167.4671560987441,19.532843901255887,19.532843901255887
134040_1767711300,134040,2026-01-06 14:55:00,1,267.0,199.93598318806676,67.06401681193324,67.06401681193324
131672_1767711600,131672,2026-01-06 15:00:00,1,-47.0,-41.093843990533756,-5.906156009466244,5.906156009466244
134040_1767711600,134040,2026-01-06 15:00:00,1,199.0,154.17042334128746,44.82957665871254,44.82957665871254
134040_1767711900,134040,2026-01-06 15:05:00,1,181.0,197.9705391365802,-16.970539136580186,16.970539136580186
131672_1767711900,131672,2026-01-06 15:05:00,1,-52.0,-54.19290931882311,2.192909318823112,2.192909318823112
133300_1767712200,133300,2026-01-06 15:10:00,1,-35.0,-39.43043587710504,4.43043587710504,4.43043587710504
134040_1767712200,134040,2026-01-06 15:10:00,1,202.0,187.69064177665572,14.309358223344276,14.309358223344276
133300_1767712500,133300,2026-01-06 15:15:00,1,-35.0,-62.66904440894493,27.669044408944927,27.669044408944927
134040_1767712500,134040,2026-01-06 15:15:00,1,199.0,191.7647707908237,7.23522920917631,7.23522920917631
134040_1767712800,134040,2026-01-06 15:20:00,1,183.0,179.9593037470659,3.0406962529341115,3.0406962529341115
133300_1767712800,133300,2026-01-06 15:20:00,1,36.0,25.806030593126746,10.193969406873254,10.193969406873254
134040_1767713100,134040,2026-01-06 15:25:00,1,91.0,138.32559230111127,-47.32559230111127,47.32559230111127
133300_1767713100,133300,2026-01-06 15:25:00,1,-9.0,-16.439517228018836,7.439517228018836,7.439517228018836
131672_1767713400,131672,2026-01-06 15:30:00,1,12.0,-2.4694648551074465,14.469464855107447,14.469464855107447
131672_1767713700,131672,2026-01-06 15:35:00,1,86.0,11.786192527500816,74.21380747249918,74.21380747249918
131672_1767714000,131672,2026-01-06 15:40:00,1,67.0,-13.9208357808335,80.9208357808335,80.9208357808335
131672_1767714300,131672,2026-01-06 15:45:00,1,70.0,26.861575872021113,43.13842412797889,43.13842412797889
131672_1767714600,131672,2026-01-06 15:50:00,1,13.0,-22.516842992049604,35.516842992049604,35.516842992049604
131672_1767714900,131672,2026-01-06 15:55:00,1,-150.0,-99.56626687311658,-50.433733126883425,50.433733126883425
133300_1767715200,133300,2026-01-06 16:00:00,1,22.0,34.580588484526224,-12.580588484526224,12.580588484526224
133300_1767715500,133300,2026-01-06 16:05:00,1,-24.0,-10.180489023748272,-13.819510976251728,13.819510976251728
133300_1767715800,133300,2026-01-06 16:10:00,1,-87.0,-0.7996011452727032,-86.2003988547273,86.2003988547273
133300_1767716100,133300,2026-01-06 16:15:00,1,-38.0,34.113163507519744,-72.11316350751974,72.11316350751974
133300_1767716400,133300,2026-01-06 16:20:00,1,207.0,137.33932910903656,69.66067089096344,69.66067089096344
133300_1767718800,133300,2026-01-06 17:00:00,1,231.0,156.73528290620115,74.26471709379885,74.26471709379885
133300_1767719400,133300,2026-01-06 17:10:00,1,-24.0,-31.393221706864807,7.393221706864807,7.393221706864807
133300_1767719700,133300,2026-01-06 17:15:00,1,22.0,2.512384267822867,19.487615732177133,19.487615732177133
133300_1767720000,133300,2026-01-06 17:20:00,1,-46.0,26.298594927242398,-72.29859492724239,72.29859492724239
133300_1767720300,133300,2026-01-06 17:25:00,1,-26.0,5.344258737316586,-31.344258737316586,31.344258737316586
133300_1767722400,133300,2026-01-06 18:00:00,1,310.0,204.46360910146066,105.53639089853934,105.53639089853934
134040_1767722400,134040,2026-01-06 18:00:00,1,107.0,123.99473982757881,-16.99473982757881,16.99473982757881
134040_1767722700,134040,2026-01-06 18:05:00,1,295.0,155.5722834987771,139.4277165012229,139.4277165012229
133300_1767722700,133300,2026-01-06 18:05:00,1,406.0,418.55294644778144,-12.552946447781437,12.552946447781437
133300_1767723000,133300,2026-01-06 18:10:00,1,580.0,577.2075872018837,2.7924127981162883,2.7924127981162883
134040_1767723000,134040,2026-01-06 18:10:00,1,407.0,305.96415342276725,101.03584657723275,101.03584657723275
134040_1767723300,134040,2026-01-06 18:15:00,1,342.0,245.7760170440392,96.22398295596079,96.22398295596079
134040_1767723600,134040,2026-01-06 18:20:00,1,401.0,375.8030151653974,25.196984834602574,25.196984834602574
133300_1767723600,133300,2026-01-06 18:20:00,1,-5.0,27.18039429055229,-32.180394290552286,32.180394290552286
134040_1767723900,134040,2026-01-06 18:25:00,1,487.0,360.64980571907347,126.35019428092653,126.35019428092653
134040_1767724200,134040,2026-01-06 18:30:00,1,465.0,414.9609392584585,50.039060741541505,50.039060741541505
131672_1767724200,131672,2026-01-06 18:30:00,1,368.0,422.130533809329,-54.130533809328995,54.130533809328995
131672_1767724500,131672,2026-01-06 18:35:00,1,365.0,363.3291687901653,1.6708312098347164,1.6708312098347164
134040_1767724500,134040,2026-01-06 18:35:00,1,409.0,394.4835008625319,14.516499137468088,14.516499137468088
131672_1767726900,131672,2026-01-06 19:15:00,1,-3.0,1.448165391309189,-4.448165391309189,4.448165391309189
131672_1767727200,131672,2026-01-06 19:20:00,1,-9.0,-1.9553652114200304,-7.04463478857997,7.04463478857997
131672_1767727500,131672,2026-01-06 19:25:00,1,163.0,163.29153727251264,-0.2915372725126417,0.2915372725126417
131672_1767727800,131672,2026-01-06 19:30:00,1,302.0,289.7063499622493,12.293650037750695,12.293650037750695
131672_1767728100,131672,2026-01-06 19:35:00,1,382.0,259.1623645251003,122.83763547489968,122.83763547489968
131672_1767728400,131672,2026-01-06 19:40:00,1,359.0,378.9251542776139,-19.9251542776139,19.9251542776139
131672_1767728700,131672,2026-01-06 19:45:00,1,492.0,397.6035755032406,94.39642449675938,94.39642449675938
131672_1767729000,131672,2026-01-06 19:50:00,1,533.0,488.3327300250701,44.66726997492992,44.66726997492992
131672_1767729300,131672,2026-01-06 19:55:00,1,478.0,519.4941034737124,-41.49410347371236,41.49410347371236
131672_1767729600,131672,2026-01-06 20:00:00,1,557.0,489.116804212332,67.883195787668,67.883195787668
131672_1767732000,131672,2026-01-06 20:40:00,1,32.0,17.990557957941387,14.009442042058613,14.009442042058613
131672_1767732300,131672,2026-01-06 20:45:00,1,16.0,27.78137580670256,-11.78137580670256,11.78137580670256
131672_1767732600,131672,2026-01-06 20:50:00,1,34.0,47.61225043925958,-13.612250439259583,13.612250439259583
131672_1767732900,131672,2026-01-06 20:55:00,1,41.0,134.71649257111332,-93.71649257111332,93.71649257111332
134040_1767735000,134040,2026-01-06 21:30:00,1,434.0,355.6403537478843,78.35964625211568,78.35964625211568
134040_1767735300,134040,2026-01-06 21:35:00,1,434.0,339.9960378548195,94.00396214518048,94.00396214518048
134040_1767735900,134040,2026-01-06 21:45:00,1,0.0,75.50005218717452,-75.50005218717452,75.50005218717452
134040_1767736200,134040,2026-01-06 21:50:00,1,0.0,73.41319269241058,-73.41319269241058,73.41319269241058
134040_1767736500,134040,2026-01-06 21:55:00,1,0.0,54.620268056078345,-54.620268056078345,54.620268056078345
134040_1767736800,134040,2026-01-06 22:00:00,1,0.0,-1.5637298072388361,1.5637298072388361,1.5637298072388361
134040_1767737100,134040,2026-01-06 22:05:00,1,0.0,10.985243854785494,-10.985243854785494,10.985243854785494
134040_1767737400,134040,2026-01-06 22:10:00,1,0.0,15.591025954446742,-15.591025954446742,15.591025954446742
134040_1767737700,134040,2026-01-06 22:15:00,1,0.0,8.854697877929645,-8.854697877929645,8.854697877929645
134040_1767738000,134040,2026-01-06 22:20:00,1,0.0,8.790443299000522,-8.790443299000522,8.790443299000522
134040_1767738300,134040,2026-01-06 22:25:00,1,0.0,-2.0290621847981356,2.0290621847981356,2.0290621847981356
134040_1767738600,134040,2026-01-06 22:30:00,1,0.0,17.7993485725951,-17.7993485725951,17.7993485725951
134040_1767738900,134040,2026-01-06 22:35:00,1,0.0,21.29025660176154,-21.29025660176154,21.29025660176154
134040_1767739200,134040,2026-01-06 22:40:00,1,0.0,11.458809865422289,-11.458809865422289,11.458809865422289
134040_1767739500,134040,2026-01-06 22:45:00,1,0.0,-1.730205433032772,1.730205433032772,1.730205433032772
134040_1767739800,134040,2026-01-06 22:50:00,1,0.0,-15.538564223602592,15.538564223602592,15.538564223602592
134040_1767740100,134040,2026-01-06 22:55:00,1,0.0,-13.342153196559252,13.342153196559252,13.342153196559252
134040_1767740400,134040,2026-01-06 23:00:00,1,0.0,-2.313233758668673,2.313233758668673,2.313233758668673
134040_1767740700,134040,2026-01-06 23:05:00,1,0.0,31.755382245310905,-31.755382245310905,31.755382245310905
132430_1767666900,132430,2026-01-06 02:35:00,2,46.0,44.78978580989223,1.21021419010777,1.21021419010777
132430_1767667200,132430,2026-01-06 02:40:00,2,102.0,79.97550199562582,22.02449800437418,22.02449800437418
132430_1767667500,132430,2026-01-06 02:45:00,2,-23.0,15.559632907601,-38.559632907601,38.559632907601
132430_1767667800,132430,2026-01-06 02:50:00,2,-2.0,5.06454467979016,-7.06454467979016,7.06454467979016
132430_1767668100,132430,2026-01-06 02:55:00,2,27.0,7.218900209740681,19.78109979025932,19.78109979025932
132430_1767668400,132430,2026-01-06 03:00:00,2,22.0,76.71720548639978,-54.71720548639978,54.71720548639978
132430_1767668700,132430,2026-01-06 03:05:00,2,74.0,129.50880533890933,-55.508805338909326,55.508805338909326
132430_1767669000,132430,2026-01-06 03:10:00,2,1.0,36.803955430138,-35.803955430138,35.803955430138
132430_1767669300,132430,2026-01-06 03:15:00,2,4.0,42.32545173912682,-38.32545173912682,38.32545173912682
132430_1767669600,132430,2026-01-06 03:20:00,2,84.0,56.121648030546694,27.878351969453306,27.878351969453306
132430_1767669900,132430,2026-01-06 03:25:00,2,58.0,81.10201649906034,-23.10201649906034,23.10201649906034
135081_1767670200,135081,2026-01-06 03:30:00,2,14.0,46.846306389238855,-32.846306389238855,32.846306389238855
135081_1767670500,135081,2026-01-06 03:35:00,2,63.0,73.27159117924444,-10.271591179244439,10.271591179244439
132430_1767670500,132430,2026-01-06 03:35:00,2,215.0,201.1909195736102,13.809080426389812,13.809080426389812
135081_1767670800,135081,2026-01-06 03:40:00,2,54.0,75.36389255719884,-21.363892557198838,21.363892557198838
132430_1767670800,132430,2026-01-06 03:40:00,2,162.0,159.66664054394369,2.3333594560563142,2.3333594560563142
132430_1767671100,132430,2026-01-06 03:45:00,2,137.0,118.67650627531725,18.32349372468275,18.32349372468275
135081_1767671100,135081,2026-01-06 03:45:00,2,45.0,35.81630618752516,9.183693812474843,9.183693812474843
132430_1767671400,132430,2026-01-06 03:50:00,2,244.0,248.64513370064148,-4.64513370064148,4.64513370064148
135081_1767671400,135081,2026-01-06 03:50:00,2,84.0,53.609688501692716,30.390311498307284,30.390311498307284
135081_1767671700,135081,2026-01-06 03:55:00,2,104.0,45.12812865592709,58.87187134407291,58.87187134407291
132430_1767671700,132430,2026-01-06 03:55:00,2,324.0,262.2196365519078,61.7803634480922,61.7803634480922
135081_1767672000,135081,2026-01-06 04:00:00,2,-33.0,-50.42688245012296,17.42688245012296,17.42688245012296
132430_1767672000,132430,2026-01-06 04:00:00,2,364.0,332.1720591505912,31.827940849408776,31.827940849408776
135081_1767672300,135081,2026-01-06 04:05:00,2,-40.0,-65.6292723549075,25.6292723549075,25.6292723549075
132430_1767672300,132430,2026-01-06 04:05:00,2,275.0,286.23153431761773,-11.23153431761773,11.23153431761773
135081_1767672600,135081,2026-01-06 04:10:00,2,-145.0,-96.03579108374785,-48.96420891625215,48.96420891625215
132430_1767672600,132430,2026-01-06 04:10:00,2,322.0,309.415750388884,12.584249611115979,12.584249611115979
132430_1767672900,132430,2026-01-06 04:15:00,2,130.0,173.48188938626427,-43.48188938626427,43.48188938626427
130238_1767672900,130238,2026-01-06 04:15:00,2,-23.0,-23.077360317737913,0.07736031773791296,0.07736031773791296
135081_1767672900,135081,2026-01-06 04:15:00,2,-98.0,-61.27321716405879,-36.72678283594121,36.72678283594121
130238_1767673200,130238,2026-01-06 04:20:00,2,39.0,31.44073404566319,7.559265954336809,7.559265954336809
132430_1767673200,132430,2026-01-06 04:20:00,2,129.0,188.36645888766986,-59.366458887669864,59.366458887669864
135081_1767673200,135081,2026-01-06 04:20:00,2,71.0,-8.183419750444912,79.18341975044491,79.18341975044491
132430_1767673500,132430,2026-01-06 04:25:00,2,265.0,292.5944953151816,-27.594495315181575,27.594495315181575
130238_1767673500,130238,2026-01-06 04:25:00,2,26.0,15.266097424500217,10.733902575499783,10.733902575499783
135081_1767673500,135081,2026-01-06 04:25:00,2,64.0,12.43612984706838,51.56387015293162,51.56387015293162
130238_1767673800,130238,2026-01-06 04:30:00,2,10.0,18.670690974973006,-8.670690974973006,8.670690974973006
135081_1767673800,135081,2026-01-06 04:30:00,2,111.0,39.61028858332608,71.38971141667392,71.38971141667392
130238_1767674100,130238,2026-01-06 04:35:00,2,131.0,87.85219855808927,43.14780144191073,43.14780144191073
135081_1767674100,135081,2026-01-06 04:35:00,2,80.0,92.84145459950801,-12.841454599508012,12.841454599508012
135081_1767674400,135081,2026-01-06 04:40:00,2,122.0,72.81561566387174,49.18438433612826,49.18438433612826
130238_1767674400,130238,2026-01-06 04:40:00,2,168.0,73.50418796662757,94.49581203337243,94.49581203337243
130238_1767674700,130238,2026-01-06 04:45:00,2,240.0,132.12177153499192,107.87822846500808,107.87822846500808
135081_1767674700,135081,2026-01-06 04:45:00,2,94.0,41.72261243505334,52.27738756494666,52.27738756494666
130238_1767675000,130238,2026-01-06 04:50:00,2,233.0,180.30341647245683,52.69658352754317,52.69658352754317
135081_1767675000,135081,2026-01-06 04:50:00,2,53.0,45.914021505479674,7.085978494520326,7.085978494520326
135081_1767675300,135081,2026-01-06 04:55:00,2,208.0,119.9256481476837,88.0743518523163,88.0743518523163
135081_1767675600,135081,2026-01-06 05:00:00,2,299.0,124.67311679833155,174.32688320166847,174.32688320166847
135081_1767675900,135081,2026-01-06 05:05:00,2,224.0,207.81700595967396,16.182994040326037,16.182994040326037
135081_1767676200,135081,2026-01-06 05:10:00,2,126.0,116.18345403527586,9.816545964724142,9.816545964724142
135081_1767676500,135081,2026-01-06 05:15:00,2,-30.0,-33.46034268845956,3.460342688459562,3.460342688459562
130238_1767677400,130238,2026-01-06 05:30:00,2,-50.0,-40.788899925161886,-9.211100074838114,9.211100074838114
130238_1767677700,130238,2026-01-06 05:35:00,2,-47.0,-43.49378202305675,-3.5062179769432475,3.5062179769432475
130238_1767678000,130238,2026-01-06 05:40:00,2,-45.0,-23.498811613883987,-21.501188386116013,21.501188386116013
130238_1767678300,130238,2026-01-06 05:45:00,2,-142.0,-135.7228118012572,-6.277188198742806,6.277188198742806
130238_1767679500,130238,2026-01-06 06:05:00,2,0.0,-3.0167178205513636,3.0167178205513636,3.0167178205513636
130238_1767679800,130238,2026-01-06 06:10:00,2,0.0,-8.64194114736486,8.64194114736486,8.64194114736486
132430_1767679800,132430,2026-01-06 06:10:00,2,73.0,64.56590960749787,8.434090392502128,8.434090392502128
132430_1767680100,132430,2026-01-06 06:15:00,2,73.0,35.00652778246845,37.99347221753155,37.99347221753155
130238_1767680100,130238,2026-01-06 06:15:00,2,0.0,-1.3109051533770923,1.3109051533770923,1.3109051533770923
130238_1767680400,130238,2026-01-06 06:20:00,2,0.0,-14.742118070258023,14.742118070258023,14.742118070258023
132430_1767680400,132430,2026-01-06 06:20:00,2,-15.0,9.821129647051919,-24.82112964705192,24.82112964705192
132430_1767680700,132430,2026-01-06 06:25:00,2,-42.0,-61.799944811594315,19.799944811594315,19.799944811594315
130238_1767680700,130238,2026-01-06 06:25:00,2,0.0,-12.218408479440846,12.218408479440846,12.218408479440846
132430_1767681000,132430,2026-01-06 06:30:00,2,32.0,24.696935524140233,7.303064475859767,7.303064475859767
130238_1767681000,130238,2026-01-06 06:30:00,2,0.0,1.7050429298254457,-1.7050429298254457,1.7050429298254457
132430_1767681300,132430,2026-01-06 06:35:00,2,126.0,114.89333752945652,11.106662470543483,11.106662470543483
130238_1767681300,130238,2026-01-06 06:35:00,2,0.0,-7.966549093724957,7.966549093724957,7.966549093724957
130238_1767681600,130238,2026-01-06 06:40:00,2,0.0,5.847167063367593,-5.847167063367593,5.847167063367593
132430_1767681600,132430,2026-01-06 06:40:00,2,65.0,69.5433168631543,-4.543316863154303,4.543316863154303
130238_1767681900,130238,2026-01-06 06:45:00,2,0.0,-33.04722484981471,33.04722484981471,33.04722484981471
132430_1767681900,132430,2026-01-06 06:45:00,2,-62.0,-95.8940950174298,33.894095017429805,33.894095017429805
132430_1767682200,132430,2026-01-06 06:50:00,2,-16.0,21.042346237764693,-37.04234623776469,37.04234623776469
132430_1767682500,132430,2026-01-06 06:55:00,2,248.0,170.59475241631014,77.40524758368986,77.40524758368986
132430_1767682800,132430,2026-01-06 07:00:00,2,267.0,234.31021719305446,32.689782806945544,32.689782806945544
132430_1767683100,132430,2026-01-06 07:05:00,2,408.0,286.07959798858656,121.92040201141344,121.92040201141344
132430_1767683400,132430,2026-01-06 07:10:00,2,270.0,259.06946278391354,10.930537216086464,10.930537216086464
132430_1767683700,132430,2026-01-06 07:15:00,2,163.0,147.88299048185812,15.117009518141884,15.117009518141884
132430_1767684000,132430,2026-01-06 07:20:00,2,246.0,198.4693391412647,47.5306608587353,47.5306608587353
132430_1767684300,132430,2026-01-06 07:25:00,2,230.0,212.55335818072822,17.446641819271775,17.446641819271775
130238_1767684300,130238,2026-01-06 07:25:00,2,16.0,28.30362498081655,-12.30362498081655,12.30362498081655
135081_1767684600,135081,2026-01-06 07:30:00,2,-78.0,-92.06372880079937,14.063728800799367,14.063728800799367
132430_1767684600,132430,2026-01-06 07:30:00,2,215.0,169.76831969759377,45.23168030240623,45.23168030240623
135081_1767684900,135081,2026-01-06 07:35:00,2,-28.0,-75.60231162229128,47.60231162229128,47.60231162229128
132430_1767684900,132430,2026-01-06 07:35:00,2,183.0,179.17638067695336,3.8236193230466426,3.8236193230466426
135081_1767685200,135081,2026-01-06 07:40:00,2,59.0,51.9833364288946,7.016663571105397,7.016663571105397
132430_1767685500,132430,2026-01-06 07:45:00,2,167.0,156.44486428472044,10.555135715279562,10.555135715279562
135081_1767685500,135081,2026-01-06 07:45:00,2,275.0,144.5529585733795,130.4470414266205,130.4470414266205
135081_1767685800,135081,2026-01-06 07:50:00,2,288.0,154.95131885750652,133.04868114249348,133.04868114249348
132430_1767685800,132430,2026-01-06 07:50:00,2,64.0,82.32010369942978,-18.32010369942978,18.32010369942978
135081_1767686100,135081,2026-01-06 07:55:00,2,247.0,213.97927685448514,33.020723145514864,33.020723145514864
132430_1767686100,132430,2026-01-06 07:55:00,2,53.0,51.34859844138673,1.6514015586132729,1.6514015586132729
132430_1767686400,132430,2026-01-06 08:00:00,2,30.0,86.78299943219545,-56.78299943219545,56.78299943219545
130238_1767686400,130238,2026-01-06 08:00:00,2,107.0,154.32508441687378,-47.32508441687378,47.32508441687378
130238_1767686700,130238,2026-01-06 08:05:00,2,1.0,72.54044694340469,-71.54044694340469,71.54044694340469
132430_1767686700,132430,2026-01-06 08:05:00,2,53.0,41.16550069217545,11.83449930782455,11.83449930782455
132430_1767687000,132430,2026-01-06 08:10:00,2,42.0,14.547751940502103,27.452248059497897,27.452248059497897
132430_1767687300,132430,2026-01-06 08:15:00,2,-108.0,-103.40558381245177,-4.594416187548234,4.594416187548234
132430_1767687600,132430,2026-01-06 08:20:00,2,-132.0,-108.72647593661671,-23.27352406338329,23.27352406338329
132430_1767687900,132430,2026-01-06 08:25:00,2,-101.0,49.674454344190885,-150.67445434419088,150.67445434419088
130238_1767688200,130238,2026-01-06 08:30:00,2,27.0,30.822354609439778,-3.8223546094397776,3.8223546094397776
132430_1767688200,132430,2026-01-06 08:30:00,2,194.0,228.42257515010283,-34.42257515010283,34.42257515010283
130238_1767688500,130238,2026-01-06 08:35:00,2,-8.0,-19.212088762547168,11.212088762547168,11.212088762547168
132430_1767688500,132430,2026-01-06 08:35:00,2,268.0,261.69352050435657,6.30647949564343,6.30647949564343
132430_1767688800,132430,2026-01-06 08:40:00,2,284.0,295.9988335583141,-11.998833558314118,11.998833558314118
130238_1767688800,130238,2026-01-06 08:40:00,2,-92.0,-58.076481476308956,-33.923518523691044,33.923518523691044
132430_1767689100,132430,2026-01-06 08:45:00,2,163.0,95.94321178079635,67.05678821920365,67.05678821920365
130238_1767689100,130238,2026-01-06 08:45:00,2,-120.0,-25.71657679741361,-94.28342320258639,94.28342320258639
130238_1767689400,130238,2026-01-06 08:50:00,2,37.0,41.7149064911751,-4.7149064911751,4.7149064911751
132430_1767689400,132430,2026-01-06 08:50:00,2,85.0,124.61420986654711,-39.614209866547114,39.614209866547114
130238_1767689700,130238,2026-01-06 08:55:00,2,57.0,-1.9521460886580542,58.952146088658054,58.952146088658054
132430_1767689700,132430,2026-01-06 08:55:00,2,7.0,169.58512474237085,-162.58512474237085,162.58512474237085
130238_1767690000,130238,2026-01-06 09:00:00,2,40.0,32.676735997057484,7.323264002942516,7.323264002942516
130238_1767690300,130238,2026-01-06 09:05:00,2,49.0,44.87161730925308,4.128382690746918,4.128382690746918
130238_1767690600,130238,2026-01-06 09:10:00,2,57.0,37.846988240795994,19.153011759204006,19.153011759204006
130238_1767691200,130238,2026-01-06 09:20:00,2,0.0,-46.838985185025024,46.838985185025024,46.838985185025024
130238_1767691500,130238,2026-01-06 09:25:00,2,0.0,-46.41382696537633,46.41382696537633,46.41382696537633
130238_1767691800,130238,2026-01-06 09:30:00,2,0.0,4.18035401011889,-4.18035401011889,4.18035401011889
130238_1767692100,130238,2026-01-06 09:35:00,2,0.0,-0.892837696393876,0.892837696393876,0.892837696393876
130238_1767692400,130238,2026-01-06 09:40:00,2,0.0,14.673400483879263,-14.673400483879263,14.673400483879263
130238_1767692700,130238,2026-01-06 09:45:00,2,0.0,42.109361519292754,-42.109361519292754,42.109361519292754
130238_1767693000,130238,2026-01-06 09:50:00,2,0.0,6.757497759517186,-6.757497759517186,6.757497759517186
130238_1767693300,130238,2026-01-06 09:55:00,2,0.0,-6.640576309014158,6.640576309014158,6.640576309014158
132430_1767693300,132430,2026-01-06 09:55:00,2,132.0,112.35083457978698,19.649165420213023,19.649165420213023
132430_1767693600,132430,2026-01-06 10:00:00,2,132.0,77.94815223162092,54.051847768379076,54.051847768379076
132430_1767693900,132430,2026-01-06 10:05:00,2,33.0,35.98607198131038,-2.9860719813103813,2.9860719813103813
132430_1767694200,132430,2026-01-06 10:10:00,2,90.0,58.33281043019483,31.667189569805167,31.667189569805167
132430_1767694500,132430,2026-01-06 10:15:00,2,144.0,92.94108704693359,51.05891295306641,51.05891295306641
132430_1767694800,132430,2026-01-06 10:20:00,2,233.0,189.39983293138917,43.60016706861083,43.60016706861083
132430_1767695100,132430,2026-01-06 10:25:00,2,116.0,94.33779856822262,21.662201431777376,21.662201431777376
132430_1767695400,132430,2026-01-06 10:30:00,2,26.0,59.42292948946431,-33.42292948946431,33.42292948946431
130238_1767695400,130238,2026-01-06 10:30:00,2,-12.0,-8.744289550291157,-3.255710449708843,3.255710449708843
132430_1767695700,132430,2026-01-06 10:35:00,2,30.0,114.22306358888139,-84.22306358888139,84.22306358888139
130238_1767695700,130238,2026-01-06 10:35:00,2,2.0,-8.00247379828997,10.00247379828997,10.00247379828997
132430_1767696000,132430,2026-01-06 10:40:00,2,-71.0,181.24888609196512,-252.24888609196512,252.24888609196512
130238_1767696000,130238,2026-01-06 10:40:00,2,-34.0,-34.0470207010202,0.04702070102020173,0.04702070102020173
132430_1767696300,132430,2026-01-06 10:45:00,2,221.0,173.4104998208914,47.5895001791086,47.5895001791086
130238_1767696300,130238,2026-01-06 10:45:00,2,10.0,25.80893163485591,-15.80893163485591,15.80893163485591
132430_1767696600,132430,2026-01-06 10:50:00,2,264.0,206.40636247331403,57.59363752668597,57.59363752668597
130238_1767696600,130238,2026-01-06 10:50:00,2,46.0,-0.3640851149068425,46.36408511490684,46.36408511490684
132430_1767696900,132430,2026-01-06 10:55:00,2,113.0,182.97819323325507,-69.97819323325507,69.97819323325507
130238_1767696900,130238,2026-01-06 10:55:00,2,29.0,-28.055506149474496,57.055506149474496,57.055506149474496
132430_1767697200,132430,2026-01-06 11:00:00,2,17.0,55.09198724916485,-38.09198724916485,38.09198724916485
130238_1767697200,130238,2026-01-06 11:00:00,2,40.0,103.68899424027126,-63.688994240271256,63.688994240271256
132430_1767697500,132430,2026-01-06 11:05:00,2,86.0,38.405306095193644,47.594693904806356,47.594693904806356
130238_1767697500,130238,2026-01-06 11:05:00,2,32.0,48.90882216282234,-16.90882216282234,16.90882216282234
135081_1767697800,135081,2026-01-06 11:10:00,2,77.0,70.73257555982109,6.267424440178914,6.267424440178914
132430_1767697800,132430,2026-01-06 11:10:00,2,70.0,95.46789040646644,-25.467890406466438,25.467890406466438
135081_1767698100,135081,2026-01-06 11:15:00,2,95.0,80.18495706410258,14.815042935897424,14.815042935897424
132430_1767698100,132430,2026-01-06 11:15:00,2,49.0,66.69484182443392,-17.694841824433922,17.694841824433922
135081_1767698400,135081,2026-01-06 11:20:00,2,135.0,117.36259270593821,17.637407294061788,17.637407294061788
132430_1767698400,132430,2026-01-06 11:20:00,2,49.0,101.70296932862276,-52.70296932862276,52.70296932862276
135081_1767698700,135081,2026-01-06 11:25:00,2,126.0,68.25113474727132,57.74886525272868,57.74886525272868
132430_1767699000,132430,2026-01-06 11:30:00,2,14.0,72.09361795811095,-58.093617958110954,58.093617958110954
135081_1767699000,135081,2026-01-06 11:30:00,2,28.0,85.72652798731747,-57.72652798731747,57.72652798731747
132430_1767699300,132430,2026-01-06 11:35:00,2,14.0,-17.22133347842859,31.22133347842859,31.22133347842859
135081_1767699300,135081,2026-01-06 11:35:00,2,45.0,79.01696442317943,-34.01696442317943,34.01696442317943
135081_1767699600,135081,2026-01-06 11:40:00,2,55.0,57.15033997947627,-2.1503399794762714,2.1503399794762714
132430_1767699600,132430,2026-01-06 11:40:00,2,-87.0,-73.20281740249742,-13.797182597502584,13.797182597502584
135081_1767699900,135081,2026-01-06 11:45:00,2,36.0,-31.866308270464913,67.86630827046491,67.86630827046491
132430_1767699900,132430,2026-01-06 11:45:00,2,-110.0,-47.295449651216245,-62.704550348783755,62.704550348783755
135081_1767700200,135081,2026-01-06 11:50:00,2,-24.0,-66.4175628169949,42.4175628169949,42.4175628169949
132430_1767700200,132430,2026-01-06 11:50:00,2,-136.0,-73.5277560234276,-62.4722439765724,62.4722439765724
132430_1767700500,132430,2026-01-06 11:55:00,2,-6.0,-108.86399113196791,102.86399113196791,102.86399113196791
135081_1767700500,135081,2026-01-06 11:55:00,2,-98.0,-127.63325189299769,29.63325189299769,29.63325189299769
132430_1767702600,132430,2026-01-06 12:30:00,2,-64.0,21.714006022011347,-85.71400602201135,85.71400602201135
135081_1767702600,135081,2026-01-06 12:30:00,2,-131.0,-135.33501193606384,4.335011936063836,4.335011936063836
135081_1767702900,135081,2026-01-06 12:35:00,2,-144.0,-116.89122544618982,-27.10877455381018,27.10877455381018
132430_1767702900,132430,2026-01-06 12:35:00,2,-181.0,-119.70012082685787,-61.29987917314213,61.29987917314213
132430_1767703200,132430,2026-01-06 12:40:00,2,-100.0,-104.70857782879153,4.708577828791533,4.708577828791533
135081_1767703200,135081,2026-01-06 12:40:00,2,-171.0,-136.81643815928942,-34.18356184071058,34.18356184071058
132430_1767703500,132430,2026-01-06 12:45:00,2,-75.0,-72.96107589328359,-2.038924106716408,2.038924106716408
135081_1767703500,135081,2026-01-06 12:45:00,2,-72.0,-69.40998262670836,-2.5900173732916443,2.5900173732916443
132430_1767703800,132430,2026-01-06 12:50:00,2,-58.0,-66.62797537581547,8.627975375815467,8.627975375815467
135081_1767703800,135081,2026-01-06 12:50:00,2,-16.0,-51.94266664998135,35.94266664998135,35.94266664998135
132430_1767704100,132430,2026-01-06 12:55:00,2,-74.0,-64.91943074164385,-9.08056925835615,9.08056925835615
135081_1767704100,135081,2026-01-06 12:55:00,2,-27.0,17.6249743568048,-44.6249743568048,44.6249743568048
135081_1767704400,135081,2026-01-06 13:00:00,2,11.0,42.94220968735934,-31.942209687359338,31.942209687359338
132430_1767704700,132430,2026-01-06 13:05:00,2,16.0,53.99816921264601,-37.99816921264601,37.99816921264601
132430_1767705000,132430,2026-01-06 13:10:00,2,16.0,-4.30253059283752,20.30253059283752,20.30253059283752
132430_1767705300,132430,2026-01-06 13:15:00,2,17.0,17.34619321143901,-0.3461932114390116,0.3461932114390116
132430_1767705600,132430,2026-01-06 13:20:00,2,77.0,72.99753102882947,4.002468971170529,4.002468971170529
132430_1767705900,132430,2026-01-06 13:25:00,2,57.0,111.98255705749031,-54.98255705749031,54.98255705749031
135081_1767705900,135081,2026-01-06 13:25:00,2,79.0,81.90784275249848,-2.907842752498482,2.907842752498482
132430_1767706200,132430,2026-01-06 13:30:00,2,196.0,202.41911811560354,-6.419118115603538,6.419118115603538
132430_1767706500,132430,2026-01-06 13:35:00,2,103.0,154.57327112134539,-51.573271121345385,51.573271121345385
132430_1767706800,132430,2026-01-06 13:40:00,2,53.0,79.8490807086068,-26.849080708606806,26.849080708606806
132430_1767707100,132430,2026-01-06 13:45:00,2,78.0,138.82504058196866,-60.825040581968665,60.825040581968665
132430_1767707400,132430,2026-01-06 13:50:00,2,39.0,140.47453127955697,-101.47453127955697,101.47453127955697
132430_1767707700,132430,2026-01-06 13:55:00,2,58.0,105.05937997718578,-47.059379977185785,47.059379977185785
132430_1767708000,132430,2026-01-06 14:00:00,2,192.0,206.1098852227839,-14.109885222783902,14.109885222783902
135081_1767708000,135081,2026-01-06 14:00:00,2,19.0,91.71528112041759,-72.71528112041759,72.71528112041759
132430_1767708300,132430,2026-01-06 14:05:00,2,68.0,110.53057136574088,-42.53057136574088,42.53057136574088
135081_1767708300,135081,2026-01-06 14:05:00,2,-36.0,-46.50354561835849,10.503545618358487,10.503545618358487
135081_1767708600,135081,2026-01-06 14:10:00,2,-19.0,-100.89149291979274,81.89149291979274,81.89149291979274
132430_1767708600,132430,2026-01-06 14:10:00,2,-7.0,64.36866044757892,-71.36866044757892,71.36866044757892
132430_1767708900,132430,2026-01-06 14:15:00,2,115.0,81.12316117425303,33.87683882574697,33.87683882574697
135081_1767708900,135081,2026-01-06 14:15:00,2,-17.0,-49.306178308217795,32.306178308217795,32.306178308217795
132430_1767709200,132430,2026-01-06 14:20:00,2,98.0,127.5171055014145,-29.517105501414505,29.517105501414505
135081_1767709200,135081,2026-01-06 14:20:00,2,-17.0,-69.15604971544226,52.156049715442265,52.156049715442265
132430_1767709500,132430,2026-01-06 14:25:00,2,158.0,169.94875130290393,-11.94875130290393,11.94875130290393
135081_1767709500,135081,2026-01-06 14:25:00,2,-102.0,-86.55402247868182,-15.445977521318184,15.445977521318184
135081_1767709800,135081,2026-01-06 14:30:00,2,-84.0,-62.882667491059664,-21.117332508940336,21.117332508940336
132430_1767709800,132430,2026-01-06 14:30:00,2,137.0,166.87521066466672,-29.875210664666724,29.875210664666724
135081_1767710100,135081,2026-01-06 14:35:00,2,-126.0,-75.39297179774618,-50.607028202253815,50.607028202253815
132430_1767710400,132430,2026-01-06 14:40:00,2,23.0,81.97539928549256,-58.97539928549256,58.97539928549256
135081_1767710400,135081,2026-01-06 14:40:00,2,-128.0,-101.94288149101331,-26.05711850898669,26.05711850898669
135081_1767710700,135081,2026-01-06 14:45:00,2,-145.0,-168.30363112211913,23.30363112211913,23.30363112211913
132430_1767710700,132430,2026-01-06 14:45:00,2,23.0,32.8184677561634,-9.8184677561634,9.8184677561634
132430_1767711000,132430,2026-01-06 14:50:00,2,47.0,56.04369400868946,-9.043694008689457,9.043694008689457
135081_1767711000,135081,2026-01-06 14:50:00,2,-175.0,-136.55542910517656,-38.44457089482344,38.44457089482344
132430_1767711300,132430,2026-01-06 14:55:00,2,33.0,105.0369606439148,-72.0369606439148,72.0369606439148
135081_1767711300,135081,2026-01-06 14:55:00,2,-168.0,-112.45523101553314,-55.544768984466856,55.544768984466856
135081_1767711600,135081,2026-01-06 15:00:00,2,11.0,-53.48480930615959,64.48480930615959,64.48480930615959
132430_1767711600,132430,2026-01-06 15:00:00,2,171.0,171.08822751353642,-0.08822751353642388,0.08822751353642388
132430_1767711900,132430,2026-01-06 15:05:00,2,384.0,291.45046800114676,92.54953199885324,92.54953199885324
135081_1767711900,135081,2026-01-06 15:05:00,2,-12.0,-43.48415668288325,31.484156682883253,31.484156682883253
132430_1767712200,132430,2026-01-06 15:10:00,2,291.0,263.79393183715194,27.206068162848055,27.206068162848055
135081_1767712200,135081,2026-01-06 15:10:00,2,-28.0,14.003235822558814,-42.003235822558814,42.003235822558814
135081_1767712500,135081,2026-01-06 15:15:00,2,59.0,-4.397430165824801,63.3974301658248,63.3974301658248
132430_1767712500,132430,2026-01-06 15:15:00,2,226.0,218.50227464642683,7.497725353573173,7.497725353573173
130238_1767712500,130238,2026-01-06 15:15:00,2,10.0,-29.720680287341295,39.720680287341295,39.720680287341295
130238_1767712800,130238,2026-01-06 15:20:00,2,-40.0,-36.80137207231486,-3.1986279276851377,3.1986279276851377
132430_1767712800,132430,2026-01-06 15:20:00,2,258.0,300.28847109384435,-42.28847109384435,42.28847109384435
130238_1767713100,130238,2026-01-06 15:25:00,2,-124.0,-25.90376741080462,-98.09623258919538,98.09623258919538
132430_1767713100,132430,2026-01-06 15:25:00,2,199.0,282.6832737992133,-83.68327379921328,83.68327379921328
130238_1767713400,130238,2026-01-06 15:30:00,2,-99.0,-0.5600601693007192,-98.43993983069927,98.43993983069927
130238_1767713700,130238,2026-01-06 15:35:00,2,-47.0,-64.37212526576661,17.372125265766613,17.372125265766613
130238_1767714000,130238,2026-01-06 15:40:00,2,-41.0,-29.239797237261755,-11.760202762738245,11.760202762738245
130238_1767714300,130238,2026-01-06 15:45:00,2,-45.0,-57.32655604496266,12.326556044962658,12.326556044962658
130238_1767714600,130238,2026-01-06 15:50:00,2,-30.0,-46.7822087194706,16.782208719470603,16.782208719470603
130238_1767714900,130238,2026-01-06 15:55:00,2,-78.0,-27.853272026178345,-50.146727973821655,50.146727973821655
132430_1767715200,132430,2026-01-06 16:00:00,2,485.0,489.6487089056686,-4.648708905668627,4.648708905668627
130238_1767715200,130238,2026-01-06 16:00:00,2,-97.0,-116.10934600462159,19.109346004621585,19.109346004621585
132430_1767715500,132430,2026-01-06 16:05:00,2,483.0,470.2243331639176,12.775666836082394,12.775666836082394
130238_1767716400,130238,2026-01-06 16:20:00,2,98.0,60.69856308547575,37.30143691452425,37.30143691452425
130238_1767716700,130238,2026-01-06 16:25:00,2,9.0,-34.29805547563352,43.29805547563352,43.29805547563352
130238_1767717000,130238,2026-01-06 16:30:00,2,-55.0,-46.85893189838505,-8.141068101614948,8.141068101614948
135081_1767717000,135081,2026-01-06 16:30:00,2,92.0,81.83126752275331,10.168732477246692,10.168732477246692
135081_1767717300,135081,2026-01-06 16:35:00,2,-22.0,-49.10727009663958,27.10727009663958,27.10727009663958
130238_1767717300,130238,2026-01-06 16:35:00,2,-41.0,12.315241079081531,-53.31524107908153,53.31524107908153
130238_1767717600,130238,2026-01-06 16:40:00,2,-57.0,14.228072655390008,-71.22807265539001,71.22807265539001
135081_1767717600,135081,2026-01-06 16:40:00,2,-133.0,-65.46108254753625,-67.53891745246375,67.53891745246375
135081_1767717900,135081,2026-01-06 16:45:00,2,-127.0,-127.04569549850953,0.04569549850953081,0.04569549850953081
130238_1767717900,130238,2026-01-06 16:45:00,2,-92.0,-13.336185645484953,-78.66381435451504,78.66381435451504
130238_1767718200,130238,2026-01-06 16:50:00,2,-38.0,2.584510987441348,-40.58451098744135,40.58451098744135
135081_1767718200,135081,2026-01-06 16:50:00,2,-51.0,-125.1771143871658,74.1771143871658,74.1771143871658
135081_1767718500,135081,2026-01-06 16:55:00,2,-77.0,-104.00355171837853,27.00355171837853,27.00355171837853
130238_1767718500,130238,2026-01-06 16:55:00,2,-3.0,-11.529201153193,8.529201153193,8.529201153193
130238_1767718800,130238,2026-01-06 17:00:00,2,-85.0,-15.800727504645486,-69.1992724953545,69.1992724953545
135081_1767718800,135081,2026-01-06 17:00:00,2,-153.0,-138.49203715516288,-14.507962844837124,14.507962844837124
135081_1767719100,135081,2026-01-06 17:05:00,2,-144.0,-103.31595637986413,-40.68404362013587,40.68404362013587
130238_1767719100,130238,2026-01-06 17:05:00,2,99.0,70.14869406467531,28.85130593532469,28.85130593532469
135081_1767719400,135081,2026-01-06 17:10:00,2,-123.0,-94.6318103050952,-28.3681896949048,28.3681896949048
130238_1767719400,130238,2026-01-06 17:10:00,2,160.0,33.38226444978457,126.61773555021543,126.61773555021543
135081_1767719700,135081,2026-01-06 17:15:00,2,-137.0,-144.99355383098643,7.9935538309864285,7.9935538309864285
130238_1767719700,130238,2026-01-06 17:15:00,2,134.0,32.620494649869286,101.37950535013071,101.37950535013071
130238_1767720000,130238,2026-01-06 17:20:00,2,35.0,14.144656934304429,20.85534306569557,20.85534306569557
135081_1767720000,135081,2026-01-06 17:20:00,2,-199.0,-165.35334951748064,-33.64665048251936,33.64665048251936
135081_1767720300,135081,2026-01-06 17:25:00,2,-231.0,-146.06428255785903,-84.93571744214097,84.93571744214097
130238_1767720300,130238,2026-01-06 17:25:00,2,41.0,68.54241276080518,-27.542412760805178,27.542412760805178
135081_1767720600,135081,2026-01-06 17:30:00,2,-180.0,-110.02406208720092,-69.97593791279908,69.97593791279908
130238_1767720600,130238,2026-01-06 17:30:00,2,-64.0,-5.728717237611619,-58.27128276238838,58.27128276238838
135081_1767720900,135081,2026-01-06 17:35:00,2,-34.0,-40.05373564939299,6.053735649392991,6.053735649392991
130238_1767720900,130238,2026-01-06 17:35:00,2,-125.0,-94.51687873652543,-30.483121263474573,30.483121263474573
130238_1767721200,130238,2026-01-06 17:40:00,2,-103.0,-51.48020427734512,-51.51979572265488,51.51979572265488
135081_1767721200,135081,2026-01-06 17:40:00,2,4.0,-26.519248626518362,30.519248626518362,30.519248626518362
135081_1767721500,135081,2026-01-06 17:45:00,2,12.0,-11.068329622259434,23.068329622259434,23.068329622259434
130238_1767721500,130238,2026-01-06 17:45:00,2,-170.0,-103.33407970156608,-66.66592029843392,66.66592029843392
135081_1767721800,135081,2026-01-06 17:50:00,2,48.0,-20.219797430924146,68.21979743092415,68.21979743092415
132430_1767722400,132430,2026-01-06 18:00:00,2,380.0,406.39115204940583,-26.391152049405832,26.391152049405832
132430_1767722700,132430,2026-01-06 18:05:00,2,324.0,382.1661207445948,-58.16612074459482,58.16612074459482
132430_1767723000,132430,2026-01-06 18:10:00,2,452.0,410.42764416561874,41.572355834381256,41.572355834381256
132430_1767723300,132430,2026-01-06 18:15:00,2,333.0,317.72572497957236,15.274275020427638,15.274275020427638
132430_1767723600,132430,2026-01-06 18:20:00,2,310.0,271.5607083126837,38.43929168731631,38.43929168731631
132430_1767723900,132430,2026-01-06 18:25:00,2,285.0,349.0639338791722,-64.06393387917223,64.06393387917223
132430_1767724200,132430,2026-01-06 18:30:00,2,309.0,287.23133413445146,21.76866586554854,21.76866586554854
132430_1767724500,132430,2026-01-06 18:35:00,2,299.0,294.8995853992238,4.100414600776219,4.100414600776219
132430_1767724800,132430,2026-01-06 18:40:00,2,45.0,104.24714181978948,-59.247141819789476,59.247141819789476
132430_1767725100,132430,2026-01-06 18:45:00,2,45.0,88.01246112072599,-43.01246112072599,43.01246112072599
132430_1767725400,132430,2026-01-06 18:50:00,2,-1.0,50.465663600411666,-51.465663600411666,51.465663600411666
132430_1767725700,132430,2026-01-06 18:55:00,2,27.0,89.88152945782852,-62.88152945782852,62.88152945782852
135081_1767726000,135081,2026-01-06 19:00:00,2,311.0,223.11480529073094,87.88519470926906,87.88519470926906
135081_1767726300,135081,2026-01-06 19:05:00,2,146.0,161.35299551009382,-15.35299551009382,15.35299551009382
135081_1767726600,135081,2026-01-06 19:10:00,2,53.0,17.037349941292227,35.96265005870777,35.96265005870777
135081_1767726900,135081,2026-01-06 19:15:00,2,-68.0,-21.24164435518253,-46.75835564481747,46.75835564481747
135081_1767727200,135081,2026-01-06 19:20:00,2,-32.0,19.949559186363803,-51.9495591863638,51.9495591863638
135081_1767727500,135081,2026-01-06 19:25:00,2,-15.0,24.701304976211024,-39.70130497621102,39.70130497621102
132430_1767729600,132430,2026-01-06 20:00:00,2,21.0,60.624462124449735,-39.624462124449735,39.624462124449735
132430_1767729900,132430,2026-01-06 20:05:00,2,177.0,107.79371780698467,69.20628219301533,69.20628219301533
132430_1767730200,132430,2026-01-06 20:10:00,2,173.0,161.21085602888024,11.789143971119756,11.789143971119756
132430_1767730500,132430,2026-01-06 20:15:00,2,146.0,139.63252661899043,6.3674733810095745,6.3674733810095745
132430_1767730800,132430,2026-01-06 20:20:00,2,234.0,216.8769583993911,17.1230416006089,17.1230416006089
132430_1767731100,132430,2026-01-06 20:25:00,2,277.0,267.15377323557215,9.846226764427854,9.846226764427854
132430_1767731400,132430,2026-01-06 20:30:00,2,192.0,260.31421148625736,-68.31421148625736,68.31421148625736
132430_1767731700,132430,2026-01-06 20:35:00,2,201.0,193.03591287426678,7.964087125733215,7.964087125733215
132430_1767732000,132430,2026-01-06 20:40:00,2,167.0,216.03837913771878,-49.03837913771878,49.03837913771878
132430_1767732300,132430,2026-01-06 20:45:00,2,337.0,259.8397703830626,77.16022961693739,77.16022961693739
132430_1767732600,132430,2026-01-06 20:50:00,2,338.0,289.89679294737556,48.10320705262444,48.10320705262444
135081_1767732600,135081,2026-01-06 20:50:00,2,79.0,61.264010493125355,17.735989506874645,17.735989506874645
132430_1767732900,132430,2026-01-06 20:55:00,2,238.0,247.90397519534437,-9.903975195344373,9.903975195344373
135081_1767732900,135081,2026-01-06 20:55:00,2,136.0,98.70781125592488,37.29218874407512,37.29218874407512
135081_1767733200,135081,2026-01-06 21:00:00,2,40.0,59.21676625440577,-19.21676625440577,19.21676625440577
132430_1767733200,132430,2026-01-06 21:00:00,2,153.0,186.11007459384373,-33.110074593843734,33.110074593843734
132430_1767733500,132430,2026-01-06 21:05:00,2,168.0,244.3004120431711,-76.3004120431711,76.3004120431711
135081_1767733500,135081,2026-01-06 21:05:00,2,44.0,45.88443940513449,-1.8844394051344935,1.8844394051344935
135081_1767733800,135081,2026-01-06 21:10:00,2,51.0,105.69306681473974,-54.69306681473974,54.69306681473974
132430_1767733800,132430,2026-01-06 21:10:00,2,179.0,190.9007031348733,-11.90070313487331,11.90070313487331
135081_1767734100,135081,2026-01-06 21:15:00,2,-16.0,4.789362857195549,-20.78936285719555,20.78936285719555
132430_1767734100,132430,2026-01-06 21:15:00,2,96.0,165.92456692500014,-69.92456692500014,69.92456692500014
135081_1767734400,135081,2026-01-06 21:20:00,2,-59.0,-81.48560076986698,22.485600769866977,22.485600769866977
135081_1767734700,135081,2026-01-06 21:25:00,2,-170.0,-120.69289424986232,-49.30710575013768,49.30710575013768
135081_1767736800,135081,2026-01-06 22:00:00,2,-98.0,-92.69451456519295,-5.3054854348070535,5.3054854348070535
135081_1767737100,135081,2026-01-06 22:05:00,2,37.0,9.905125513100892,27.09487448689911,27.09487448689911
135081_1767737400,135081,2026-01-06 22:10:00,2,13.0,7.657862687702561,5.342137312297439,5.342137312297439
135081_1767737700,135081,2026-01-06 22:15:00,2,172.0,83.03882156503211,88.96117843496789,88.96117843496789
132430_1767738000,132430,2026-01-06 22:20:00,2,90.0,73.90399298072697,16.09600701927303,16.09600701927303
135081_1767738000,135081,2026-01-06 22:20:00,2,87.0,73.21635216037265,13.78364783962735,13.78364783962735
135081_1767738300,135081,2026-01-06 22:25:00,2,73.0,67.98257803616562,5.01742196383438,5.01742196383438
132430_1767738300,132430,2026-01-06 22:25:00,2,108.0,106.46466470105035,1.5353352989496472,1.5353352989496472
132430_1767740400,132430,2026-01-06 23:00:00,2,151.0,133.92125131750925,17.078748682490755,17.078748682490755
132430_1767740700,132430,2026-01-06 23:05:00,2,124.0,143.9584117723286,-19.95841177232859,19.95841177232859
132430_1767741000,132430,2026-01-06 23:10:00,2,60.0,97.65742715393182,-37.65742715393182,37.65742715393182
132430_1767741300,132430,2026-01-06 23:15:00,2,85.0,53.58739722577603,31.41260277422397,31.41260277422397
132430_1767741600,132430,2026-01-06 23:20:00,2,189.0,148.31256554219257,40.68743445780743,40.68743445780743
132430_1767741900,132430,2026-01-06 23:25:00,2,160.0,148.8723193372889,11.1276806627111,11.1276806627111
132430_1767742200,132430,2026-01-06 23:30:00,2,74.0,83.24869332408079,-9.24869332408079,9.24869332408079
132430_1767743400,132430,2026-01-06 23:50:00,2,91.0,96.40726095895178,-5.407260958951781,5.407260958951781
132430_1767743700,132430,2026-01-06 23:55:00,2,154.0,135.3197313222493,18.68026867775069,18.68026867775069
122658_1767681000,122658,2026-01-06 06:30:00,3,181.0,211.3780713198899,-30.378071319889898,30.378071319889898
122658_1767681300,122658,2026-01-06 06:35:00,3,0.0,-10.800399736447567,10.800399736447567,10.800399736447567
122658_1767681600,122658,2026-01-06 06:40:00,3,0.0,15.247631003589433,-15.247631003589433,15.247631003589433
122658_1767681900,122658,2026-01-06 06:45:00,3,0.0,11.340394649213714,-11.340394649213714,11.340394649213714
122658_1767682200,122658,2026-01-06 06:50:00,3,0.0,4.037649407196582,-4.037649407196582,4.037649407196582
122658_1767682500,122658,2026-01-06 06:55:00,3,0.0,9.23870179755717,-9.23870179755717,9.23870179755717
122658_1767682800,122658,2026-01-06 07:00:00,3,0.0,-4.292794596377668,4.292794596377668,4.292794596377668
122658_1767683100,122658,2026-01-06 07:05:00,3,0.0,-14.44545942491623,14.44545942491623,14.44545942491623
122658_1767683400,122658,2026-01-06 07:10:00,3,-11.0,13.823261149682068,-24.823261149682068,24.823261149682068
122658_1767683700,122658,2026-01-06 07:15:00,3,96.0,76.75038159722567,19.24961840277433,19.24961840277433
122658_1767684000,122658,2026-01-06 07:20:00,3,58.0,94.05675821072194,-36.05675821072194,36.05675821072194
122658_1767684300,122658,2026-01-06 07:25:00,3,118.0,114.26957109051767,3.7304289094823275,3.7304289094823275
122658_1767684600,122658,2026-01-06 07:30:00,3,97.0,120.63749207804146,-23.63749207804146,23.63749207804146
122658_1767684900,122658,2026-01-06 07:35:00,3,97.0,90.36411780454269,6.635882195457313,6.635882195457313
122658_1767685200,122658,2026-01-06 07:40:00,3,0.0,-21.6909783527708,21.6909783527708,21.6909783527708
122658_1767685500,122658,2026-01-06 07:45:00,3,0.0,0.7941912806411224,-0.7941912806411224,0.7941912806411224
122658_1767685800,122658,2026-01-06 07:50:00,3,0.0,-14.311467463480582,14.311467463480582,14.311467463480582
122658_1767686100,122658,2026-01-06 07:55:00,3,0.0,-19.590403296510104,19.590403296510104,19.590403296510104
122658_1767688200,122658,2026-01-06 08:30:00,3,137.0,138.0114454997527,-1.0114454997527105,1.0114454997527105
122658_1767688500,122658,2026-01-06 08:35:00,3,-33.0,18.374539687776803,-51.3745396877768,51.3745396877768
122658_1767688800,122658,2026-01-06 08:40:00,3,-34.0,61.87940004151106,-95.87940004151106,95.87940004151106
122658_1767689100,122658,2026-01-06 08:45:00,3,-34.0,-49.68768343008067,15.687683430080668,15.687683430080668
122658_1767689400,122658,2026-01-06 08:50:00,3,-34.0,-62.87837031670617,28.878370316706167,28.878370316706167
122658_1767689700,122658,2026-01-06 08:55:00,3,-34.0,-24.677134311140108,-9.322865688859892,9.322865688859892
122658_1767690000,122658,2026-01-06 09:00:00,3,-34.0,-28.012440511442477,-5.9875594885575225,5.9875594885575225
122658_1767690300,122658,2026-01-06 09:05:00,3,-34.0,-28.746726575824738,-5.253273424175262,5.253273424175262
122658_1767690600,122658,2026-01-06 09:10:00,3,-34.0,-40.90993776563599,6.909937765635988,6.909937765635988
122658_1767690900,122658,2026-01-06 09:15:00,3,-34.0,8.541100162356159,-42.54110016235616,42.54110016235616
122658_1767700800,122658,2026-01-06 12:00:00,3,143.0,158.8381087273068,-15.838108727306803,15.838108727306803
122658_1767701100,122658,2026-01-06 12:05:00,3,121.0,170.23390779898864,-49.23390779898864,49.23390779898864
122658_1767701700,122658,2026-01-06 12:15:00,3,0.0,-6.572606270090915,6.572606270090915,6.572606270090915
122658_1767702000,122658,2026-01-06 12:20:00,3,0.0,7.1976323242452835,-7.1976323242452835,7.1976323242452835
122658_1767702300,122658,2026-01-06 12:25:00,3,0.0,-6.140906926824989,6.140906926824989,6.140906926824989
122658_1767702600,122658,2026-01-06 12:30:00,3,0.0,-1.6037555592159833,1.6037555592159833,1.6037555592159833
122658_1767702900,122658,2026-01-06 12:35:00,3,0.0,1.707335780078921,-1.707335780078921,1.707335780078921
122658_1767703200,122658,2026-01-06 12:40:00,3,0.0,-0.5919677018266754,0.5919677018266754,0.5919677018266754
122658_1767703500,122658,2026-01-06 12:45:00,3,0.0,-0.4069485037556291,0.4069485037556291,0.4069485037556291
122658_1767703800,122658,2026-01-06 12:50:00,3,103.0,108.9003319126644,-5.900331912664399,5.900331912664399
122658_1767704100,122658,2026-01-06 12:55:00,3,252.0,194.02643061762663,57.97356938237337,57.97356938237337
122658_1767704400,122658,2026-01-06 13:00:00,3,289.0,280.9066741234452,8.093325876554786,8.093325876554786
122658_1767704700,122658,2026-01-06 13:05:00,3,321.0,242.161042913835,78.83895708616501,78.83895708616501
122658_1767705000,122658,2026-01-06 13:10:00,3,406.0,380.9121599349583,25.08784006504169,25.08784006504169
122658_1767705600,122658,2026-01-06 13:20:00,3,0.0,0.6578759585452474,-0.6578759585452474,0.6578759585452474
122658_1767705900,122658,2026-01-06 13:25:00,3,0.0,-24.20880319404,24.20880319404,24.20880319404
122658_1767713100,122658,2026-01-06 15:25:00,3,27.0,26.322450065002215,0.6775499349977849,0.6775499349977849
122658_1767713400,122658,2026-01-06 15:30:00,3,86.0,50.52129687071737,35.47870312928263,35.47870312928263
122658_1767713700,122658,2026-01-06 15:35:00,3,159.0,92.98460884516896,66.01539115483104,66.01539115483104
122658_1767714000,122658,2026-01-06 15:40:00,3,225.0,250.5572281614958,-25.5572281614958,25.5572281614958
122658_1767714300,122658,2026-01-06 15:45:00,3,348.0,206.32303415057433,141.67696584942567,141.67696584942567
122658_1767714600,122658,2026-01-06 15:50:00,3,362.0,220.2262010732678,141.7737989267322,141.7737989267322
122658_1767714900,122658,2026-01-06 15:55:00,3,2.0,23.60913719632717,-21.60913719632717,21.60913719632717
122658_1767715200,122658,2026-01-06 16:00:00,3,0.0,-22.16477383072406,22.16477383072406,22.16477383072406
122658_1767715500,122658,2026-01-06 16:05:00,3,0.0,-6.565962903811581,6.565962903811581,6.565962903811581
122658_1767715800,122658,2026-01-06 16:10:00,3,0.0,-14.899606447957709,14.899606447957709,14.899606447957709
122658_1767716100,122658,2026-01-06 16:15:00,3,0.0,10.169241978968508,-10.169241978968508,10.169241978968508
122658_1767716400,122658,2026-01-06 16:20:00,3,0.0,10.282355135524412,-10.282355135524412,10.282355135524412
122658_1767716700,122658,2026-01-06 16:25:00,3,0.0,-5.048252614880482,5.048252614880482,5.048252614880482
122658_1767717000,122658,2026-01-06 16:30:00,3,0.0,-2.9876008546114576,2.9876008546114576,2.9876008546114576
122658_1767717600,122658,2026-01-06 16:40:00,3,-46.0,-15.430525021368624,-30.569474978631376,30.569474978631376
122658_1767717900,122658,2026-01-06 16:45:00,3,38.0,63.269000350688415,-25.269000350688415,25.269000350688415
122658_1767718200,122658,2026-01-06 16:50:00,3,39.0,44.714459053188314,-5.714459053188314,5.714459053188314
122658_1767718500,122658,2026-01-06 16:55:00,3,63.0,114.89486024100829,-51.89486024100829,51.89486024100829
122658_1767718800,122658,2026-01-06 17:00:00,3,107.0,77.07282091204353,29.927179087956475,29.927179087956475
122658_1767719100,122658,2026-01-06 17:05:00,3,88.0,77.92018496516856,10.07981503483144,10.07981503483144
122658_1767719400,122658,2026-01-06 17:10:00,3,0.0,-5.004025847007668,5.004025847007668,5.004025847007668
122658_1767719700,122658,2026-01-06 17:15:00,3,0.0,-28.698058354828603,28.698058354828603,28.698058354828603
122658_1767720000,122658,2026-01-06 17:20:00,3,0.0,16.828272978720868,-16.828272978720868,16.828272978720868
122658_1767720300,122658,2026-01-06 17:25:00,3,0.0,10.033330301912734,-10.033330301912734,10.033330301912734
122658_1767720600,122658,2026-01-06 17:30:00,3,0.0,13.614099295004301,-13.614099295004301,13.614099295004301
122658_1767720900,122658,2026-01-06 17:35:00,3,0.0,28.206279016151,-28.206279016151,28.206279016151
122658_1767721200,122658,2026-01-06 17:40:00,3,0.0,13.017813484248975,-13.017813484248975,13.017813484248975
134494_1767738000,134494,2026-01-06 22:20:00,3,0.0,15.254194684331182,-15.254194684331182,15.254194684331182
134494_1767738300,134494,2026-01-06 22:25:00,3,0.0,-5.167335280183288,5.167335280183288,5.167335280183288
134494_1767738600,134494,2026-01-06 22:30:00,3,0.0,-1.0617047658762218,1.0617047658762218,1.0617047658762218
134494_1767738900,134494,2026-01-06 22:35:00,3,0.0,1.2423119867522132,-1.2423119867522132,1.2423119867522132
134494_1767739200,134494,2026-01-06 22:40:00,3,0.0,-4.157471262825609,4.157471262825609,4.157471262825609
134494_1767739500,134494,2026-01-06 22:45:00,3,0.0,-1.1560583650407708,1.1560583650407708,1.1560583650407708
134494_1767739800,134494,2026-01-06 22:50:00,3,0.0,-11.047091408838718,11.047091408838718,11.047091408838718
134494_1767740100,134494,2026-01-06 22:55:00,3,0.0,-14.568222053329912,14.568222053329912,14.568222053329912
134494_1767742200,134494,2026-01-06 23:30:00,3,0.0,-5.25183551668308,5.25183551668308,5.25183551668308
134494_1767742500,134494,2026-01-06 23:35:00,3,0.0,-0.5147410120701466,0.5147410120701466,0.5147410120701466
134494_1767742800,134494,2026-01-06 23:40:00,3,0.0,9.548350377105656,-9.548350377105656,9.548350377105656
134494_1767743100,134494,2026-01-06 23:45:00,3,0.0,1.192661470469659,-1.192661470469659,1.192661470469659
133957_1767666600,133957,2026-01-06 02:30:00,4,-32.0,-52.811698138115986,20.811698138115986,20.811698138115986
133957_1767666900,133957,2026-01-06 02:35:00,4,-32.0,-17.739129722997845,-14.260870277002155,14.260870277002155
133957_1767667200,133957,2026-01-06 02:40:00,4,17.0,20.49821109493815,-3.4982110949381493,3.4982110949381493
133957_1767667500,133957,2026-01-06 02:45:00,4,-66.0,0.4609463040747386,-66.46094630407474,66.46094630407474
133957_1767667800,133957,2026-01-06 02:50:00,4,-74.0,-32.9620584874592,-41.0379415125408,41.0379415125408
133957_1767668100,133957,2026-01-06 02:55:00,4,-61.0,-20.50662169678769,-40.49337830321231,40.49337830321231
133957_1767668400,133957,2026-01-06 03:00:00,4,-34.0,24.955830147509086,-58.95583014750909,58.95583014750909
133957_1767669300,133957,2026-01-06 03:15:00,4,46.0,39.90300083424373,6.096999165756273,6.096999165756273
133957_1767669600,133957,2026-01-06 03:20:00,4,58.0,44.64220856758642,13.357791432413578,13.357791432413578
133957_1767669900,133957,2026-01-06 03:25:00,4,40.0,52.52174720789441,-12.521747207894407,12.521747207894407
133957_1767670200,133957,2026-01-06 03:30:00,4,133.0,76.71957164813195,56.28042835186805,56.28042835186805
133957_1767670500,133957,2026-01-06 03:35:00,4,55.0,58.53269903879816,-3.5326990387981567,3.5326990387981567
133957_1767670800,133957,2026-01-06 03:40:00,4,-10.0,9.230576587512601,-19.2305765875126,19.2305765875126
133957_1767671100,133957,2026-01-06 03:45:00,4,-86.0,-55.24107380928996,-30.758926190710042,30.758926190710042
133957_1767671400,133957,2026-01-06 03:50:00,4,-86.0,-58.93322307765423,-27.066776922345767,27.066776922345767
133957_1767671700,133957,2026-01-06 03:55:00,4,-40.0,-49.578837023441906,9.578837023441906,9.578837023441906
133957_1767672000,133957,2026-01-06 04:00:00,4,-29.0,-45.94961059446244,16.949610594462442,16.949610594462442
133957_1767672300,133957,2026-01-06 04:05:00,4,-51.0,-93.87794249027249,42.87794249027249,42.87794249027249
133957_1767672600,133957,2026-01-06 04:10:00,4,-8.0,-45.47671428881934,37.47671428881934,37.47671428881934
133957_1767672900,133957,2026-01-06 04:15:00,4,-34.0,-60.62913556537271,26.629135565372707,26.629135565372707
133957_1767673800,133957,2026-01-06 04:30:00,4,32.0,47.68495620922154,-15.68495620922154,15.68495620922154
133957_1767674100,133957,2026-01-06 04:35:00,4,43.0,65.60901332447946,-22.609013324479463,22.609013324479463
133957_1767674400,133957,2026-01-06 04:40:00,4,74.0,81.62795102079377,-7.627951020793773,7.627951020793773
133957_1767674700,133957,2026-01-06 04:45:00,4,171.0,128.28927514621455,42.71072485378545,42.71072485378545
133957_1767675000,133957,2026-01-06 04:50:00,4,92.0,66.0482339694218,25.9517660305782,25.9517660305782
133957_1767675300,133957,2026-01-06 04:55:00,4,5.0,10.814120114196605,-5.814120114196605,5.814120114196605
133957_1767675600,133957,2026-01-06 05:00:00,4,-10.0,-50.50961527242117,40.50961527242117,40.50961527242117
133957_1767675900,133957,2026-01-06 05:05:00,4,-32.0,-50.029154233431754,18.029154233431754,18.029154233431754
133957_1767676200,133957,2026-01-06 05:10:00,4,95.0,-19.166919416384175,114.16691941638418,114.16691941638418
133957_1767676500,133957,2026-01-06 05:15:00,4,61.0,-8.434380877243946,69.43438087724394,69.43438087724394
133957_1767676800,133957,2026-01-06 05:20:00,4,7.0,-47.325576367177845,54.325576367177845,54.325576367177845
133957_1767677100,133957,2026-01-06 05:25:00,4,-94.0,-6.801306177020891,-87.19869382297911,87.19869382297911
133957_1767677400,133957,2026-01-06 05:30:00,4,-91.0,-73.71547062307474,-17.284529376925263,17.284529376925263
133957_1767679500,133957,2026-01-06 06:05:00,4,49.0,30.969644385824672,18.030355614175328,18.030355614175328
133957_1767679800,133957,2026-01-06 06:10:00,4,71.0,62.45605549512454,8.543944504875462,8.543944504875462
133957_1767680100,133957,2026-01-06 06:15:00,4,111.0,77.2701923138907,33.7298076861093,33.7298076861093
133957_1767680400,133957,2026-01-06 06:20:00,4,18.0,36.18174043117176,-18.18174043117176,18.18174043117176
133957_1767680700,133957,2026-01-06 06:25:00,4,39.0,0.9266120319240088,38.07338796807599,38.07338796807599
133957_1767681000,133957,2026-01-06 06:30:00,4,-30.0,-50.682292777971455,20.682292777971455,20.682292777971455
133957_1767681300,133957,2026-01-06 06:35:00,4,-59.0,-64.33187003216831,5.331870032168311,5.331870032168311
133957_1767681600,133957,2026-01-06 06:40:00,4,-30.0,-41.171101094382934,11.171101094382934,11.171101094382934
133957_1767681900,133957,2026-01-06 06:45:00,4,-58.0,-20.289860069331553,-37.71013993066845,37.71013993066845
133957_1767682200,133957,2026-01-06 06:50:00,4,-19.0,-63.5622125761019,44.5622125761019,44.5622125761019
133957_1767682500,133957,2026-01-06 06:55:00,4,-45.0,-14.754267328340873,-30.245732671659127,30.245732671659127
133957_1767682800,133957,2026-01-06 07:00:00,4,-74.0,-34.129195581799465,-39.870804418200535,39.870804418200535
133957_1767683100,133957,2026-01-06 07:05:00,4,-8.0,22.708785566311267,-30.708785566311267,30.708785566311267
133957_1767683700,133957,2026-01-06 07:15:00,4,10.0,59.861484984065164,-49.861484984065164,49.861484984065164
133957_1767684000,133957,2026-01-06 07:20:00,4,33.0,75.21748737091458,-42.21748737091458,42.21748737091458
133957_1767684300,133957,2026-01-06 07:25:00,4,71.0,102.9128912324475,-31.912891232447507,31.912891232447507
122613_1767689700,122613,2026-01-06 08:55:00,4,49.0,42.55672069108544,6.443279308914562,6.443279308914562
133957_1767690000,133957,2026-01-06 09:00:00,4,-116.0,-47.428002521857096,-68.5719974781429,68.5719974781429
133957_1767690300,133957,2026-01-06 09:05:00,4,-68.0,-78.6619089064414,10.661908906441397,10.661908906441397
133957_1767690600,133957,2026-01-06 09:10:00,4,-88.0,-73.3031226647482,-14.696877335251799,14.696877335251799
133957_1767690900,133957,2026-01-06 09:15:00,4,-111.0,-77.18074621260078,-33.81925378739922,33.81925378739922
133957_1767691200,133957,2026-01-06 09:20:00,4,9.0,4.597899036463716,4.402100963536284,4.402100963536284
133957_1767691800,133957,2026-01-06 09:30:00,4,48.0,58.500502163243546,-10.500502163243546,10.500502163243546
133957_1767692100,133957,2026-01-06 09:35:00,4,50.0,67.24462403584998,-17.24462403584998,17.24462403584998
133957_1767692400,133957,2026-01-06 09:40:00,4,223.0,99.71425905038029,123.28574094961971,123.28574094961971
133957_1767692700,133957,2026-01-06 09:45:00,4,191.0,112.11343930068884,78.88656069931116,78.88656069931116
133957_1767693000,133957,2026-01-06 09:50:00,4,80.0,67.05179112636681,12.948208873633192,12.948208873633192
133957_1767693300,133957,2026-01-06 09:55:00,4,23.0,1.1181671286029768,21.881832871397023,21.881832871397023
122613_1767693600,122613,2026-01-06 10:00:00,4,-180.0,-171.91940692814313,-8.080593071856867,8.080593071856867
133957_1767693600,133957,2026-01-06 10:00:00,4,-24.0,4.555361675908998,-28.555361675908998,28.555361675908998
122613_1767693900,122613,2026-01-06 10:05:00,4,-108.0,-106.45426304693939,-1.5457369530606115,1.5457369530606115
133957_1767693900,133957,2026-01-06 10:05:00,4,13.0,-17.64891026928639,30.64891026928639,30.64891026928639
122613_1767694200,122613,2026-01-06 10:10:00,4,-140.0,-153.08619112626354,13.086191126263543,13.086191126263543
133957_1767694200,133957,2026-01-06 10:10:00,4,21.0,34.89714639176533,-13.897146391765332,13.897146391765332
122613_1767694500,122613,2026-01-06 10:15:00,4,-70.0,-77.30336453630093,7.303364536300933,7.303364536300933
133957_1767694500,133957,2026-01-06 10:15:00,4,-22.0,-64.22750480791495,42.227504807914954,42.227504807914954
133957_1767694800,133957,2026-01-06 10:20:00,4,24.0,22.005110803831464,1.9948891961685362,1.9948891961685362
122613_1767694800,122613,2026-01-06 10:20:00,4,-38.0,-33.88406782270762,-4.115932177292379,4.115932177292379
122613_1767695100,122613,2026-01-06 10:25:00,4,30.0,40.091334263942215,-10.091334263942215,10.091334263942215
133957_1767695100,133957,2026-01-06 10:25:00,4,-17.0,-42.845539705452296,25.845539705452296,25.845539705452296
122613_1767695400,122613,2026-01-06 10:30:00,4,123.0,108.91491089582239,14.085089104177612,14.085089104177612
133957_1767695400,133957,2026-01-06 10:30:00,4,28.0,-4.1342746188333805,32.13427461883338,32.13427461883338
122613_1767695700,122613,2026-01-06 10:35:00,4,61.0,79.81936525733084,-18.819365257330844,18.819365257330844
133957_1767696000,133957,2026-01-06 10:40:00,4,138.0,99.71111596152271,38.28888403847729,38.28888403847729
133957_1767696300,133957,2026-01-06 10:45:00,4,156.0,101.88948596733223,54.110514032667766,54.110514032667766
133957_1767696600,133957,2026-01-06 10:50:00,4,185.0,135.2750586993728,49.724941300627194,49.724941300627194
122613_1767696900,122613,2026-01-06 10:55:00,4,0.0,6.320405810746628,-6.320405810746628,6.320405810746628
133957_1767696900,133957,2026-01-06 10:55:00,4,111.0,125.04325089033851,-14.043250890338513,14.043250890338513
133957_1767697200,133957,2026-01-06 11:00:00,4,64.0,114.750830530716,-50.750830530716,50.750830530716
133957_1767697500,133957,2026-01-06 11:05:00,4,3.0,42.4497552603574,-39.4497552603574,39.4497552603574
133957_1767697800,133957,2026-01-06 11:10:00,4,18.0,9.839262872487232,8.160737127512768,8.160737127512768
133957_1767698100,133957,2026-01-06 11:15:00,4,-47.0,-39.211259605723214,-7.788740394276786,7.788740394276786
133957_1767698400,133957,2026-01-06 11:20:00,4,-69.0,5.45442332240296,-74.45442332240296,74.45442332240296
133957_1767698700,133957,2026-01-06 11:25:00,4,-145.0,-110.95886693187333,-34.04113306812667,34.04113306812667
133957_1767699000,133957,2026-01-06 11:30:00,4,-96.0,-120.40409192488562,24.40409192488562,24.40409192488562
122613_1767699000,122613,2026-01-06 11:30:00,4,0.0,37.859437215998305,-37.859437215998305,37.859437215998305
122613_1767699300,122613,2026-01-06 11:35:00,4,0.0,1.9934665088871313,-1.9934665088871313,1.9934665088871313
133957_1767699300,133957,2026-01-06 11:35:00,4,-249.0,-161.81253789539815,-87.18746210460185,87.18746210460185
133957_1767699600,133957,2026-01-06 11:40:00,4,-254.0,-194.8367414040998,-59.1632585959002,59.1632585959002
122613_1767699600,122613,2026-01-06 11:40:00,4,-145.0,-110.52211655980943,-34.47788344019057,34.47788344019057
133957_1767699900,133957,2026-01-06 11:45:00,4,-158.0,-36.05455917068676,-121.94544082931324,121.94544082931324
122613_1767699900,122613,2026-01-06 11:45:00,4,-230.0,-201.88149447667755,-28.118505523322455,28.118505523322455
133957_1767700200,133957,2026-01-06 11:50:00,4,80.0,58.520666168697474,21.479333831302526,21.479333831302526
122613_1767700200,122613,2026-01-06 11:50:00,4,-116.0,-110.69436293496838,-5.305637065031618,5.305637065031618
133957_1767700500,133957,2026-01-06 11:55:00,4,42.0,5.645168896953116,36.354831103046884,36.354831103046884
122613_1767700500,122613,2026-01-06 11:55:00,4,-79.0,-103.05476504908444,24.054765049084438,24.054765049084438
122613_1767700800,122613,2026-01-06 12:00:00,4,-50.0,-67.82809593140627,17.828095931406267,17.828095931406267
122613_1767701100,122613,2026-01-06 12:05:00,4,-155.0,-127.23872241073258,-27.761277589267422,27.761277589267422
122613_1767701400,122613,2026-01-06 12:10:00,4,-175.0,-163.7876223678259,-11.21237763217411,11.21237763217411
122613_1767701700,122613,2026-01-06 12:15:00,4,-47.0,-48.158816313218196,1.1588163132181961,1.1588163132181961
122613_1767702000,122613,2026-01-06 12:20:00,4,-61.0,-42.232944542205374,-18.767055457794626,18.767055457794626
122613_1767702300,122613,2026-01-06 12:25:00,4,66.0,15.984640198788945,50.015359801211055,50.015359801211055
133957_1767702600,133957,2026-01-06 12:30:00,4,172.0,15.42784841006118,156.5721515899388,156.5721515899388
133957_1767702900,133957,2026-01-06 12:35:00,4,97.0,60.854050474758935,36.145949525241065,36.145949525241065
133957_1767703200,133957,2026-01-06 12:40:00,4,101.0,111.65235902953435,-10.652359029534352,10.652359029534352
133957_1767703500,133957,2026-01-06 12:45:00,4,161.0,112.17384670816213,48.82615329183787,48.82615329183787
133957_1767703800,133957,2026-01-06 12:50:00,4,40.0,11.488424645265873,28.511575354734127,28.511575354734127
133957_1767704100,133957,2026-01-06 12:55:00,4,139.0,69.63213941591556,69.36786058408444,69.36786058408444
133957_1767705600,133957,2026-01-06 13:20:00,4,113.0,106.35471188726937,6.645288112730626,6.645288112730626
122613_1767705900,122613,2026-01-06 13:25:00,4,0.0,-18.58639626022284,18.58639626022284,18.58639626022284
133957_1767705900,133957,2026-01-06 13:25:00,4,123.0,123.415033234884,-0.4150332348840067,0.4150332348840067
133957_1767708000,133957,2026-01-06 14:00:00,4,253.0,149.92646024983802,103.07353975016198,103.07353975016198
122613_1767708000,122613,2026-01-06 14:00:00,4,0.0,13.366289296561511,-13.366289296561511,13.366289296561511
133957_1767708300,133957,2026-01-06 14:05:00,4,180.0,184.33373129420974,-4.333731294209741,4.333731294209741
122613_1767708300,122613,2026-01-06 14:05:00,4,0.0,-16.237510898507097,16.237510898507097,16.237510898507097
122613_1767708600,122613,2026-01-06 14:10:00,4,-77.0,-85.55587253542828,8.555872535428279,8.555872535428279
133957_1767708600,133957,2026-01-06 14:10:00,4,238.0,147.3447785281461,90.6552214718539,90.6552214718539
122613_1767708900,122613,2026-01-06 14:15:00,4,0.0,-41.247321570629566,41.247321570629566,41.247321570629566
133957_1767708900,133957,2026-01-06 14:15:00,4,170.0,137.73407895824943,32.26592104175057,32.26592104175057
122613_1767709200,122613,2026-01-06 14:20:00,4,0.0,-32.23038931422097,32.23038931422097,32.23038931422097
133957_1767709200,133957,2026-01-06 14:20:00,4,81.0,42.030960260128985,38.969039739871015,38.969039739871015
122613_1767709500,122613,2026-01-06 14:25:00,4,0.0,-10.712618542595287,10.712618542595287,10.712618542595287
122613_1767709800,122613,2026-01-06 14:30:00,4,0.0,-3.639385210372474,3.639385210372474,3.639385210372474
122613_1767710100,122613,2026-01-06 14:35:00,4,0.0,1.9772282846976381,-1.9772282846976381,1.9772282846976381
122613_1767710400,122613,2026-01-06 14:40:00,4,0.0,-21.940919780290002,21.940919780290002,21.940919780290002
122613_1767710700,122613,2026-01-06 14:45:00,4,0.0,-4.156381706871194,4.156381706871194,4.156381706871194
122613_1767711000,122613,2026-01-06 14:50:00,4,0.0,11.433016763872523,-11.433016763872523,11.433016763872523
122613_1767711300,122613,2026-01-06 14:55:00,4,0.0,18.225917798746686,-18.225917798746686,18.225917798746686
133957_1767711600,133957,2026-01-06 15:00:00,4,26.0,99.18864183061852,-73.18864183061852,73.18864183061852
133957_1767711900,133957,2026-01-06 15:05:00,4,17.0,23.170554087002216,-6.170554087002216,6.170554087002216
133957_1767712200,133957,2026-01-06 15:10:00,4,28.0,54.9558151226272,-26.9558151226272,26.9558151226272
133957_1767712500,133957,2026-01-06 15:15:00,4,-36.0,19.492580745318584,-55.492580745318584,55.492580745318584
133957_1767712800,133957,2026-01-06 15:20:00,4,-93.0,-67.58949668381408,-25.410503316185924,25.410503316185924
133957_1767713100,133957,2026-01-06 15:25:00,4,74.0,-57.6927423508357,131.69274235083572,131.69274235083572
122613_1767713400,122613,2026-01-06 15:30:00,4,0.0,12.888113081536645,-12.888113081536645,12.888113081536645
133957_1767713400,133957,2026-01-06 15:30:00,4,75.0,-16.916211801869608,91.91621180186961,91.91621180186961
122613_1767713700,122613,2026-01-06 15:35:00,4,0.0,21.421238432924042,-21.421238432924042,21.421238432924042
133957_1767713700,133957,2026-01-06 15:35:00,4,-11.0,6.9285180233286425,-17.928518023328643,17.928518023328643
122613_1767714000,122613,2026-01-06 15:40:00,4,0.0,8.132726758939086,-8.132726758939086,8.132726758939086
122613_1767714300,122613,2026-01-06 15:45:00,4,0.0,9.468968107595309,-9.468968107595309,9.468968107595309
122613_1767714600,122613,2026-01-06 15:50:00,4,0.0,-4.862033096423751,4.862033096423751,4.862033096423751
122613_1767714900,122613,2026-01-06 15:55:00,4,0.0,2.2750841969438156,-2.2750841969438156,2.2750841969438156
122613_1767715200,122613,2026-01-06 16:00:00,4,0.0,-9.347394747106641,9.347394747106641,9.347394747106641
122613_1767715500,122613,2026-01-06 16:05:00,4,0.0,-33.30527885674756,33.30527885674756,33.30527885674756
122613_1767715800,122613,2026-01-06 16:10:00,4,-18.0,-43.92598648964419,25.92598648964419,25.92598648964419
122613_1767716100,122613,2026-01-06 16:15:00,4,11.0,-36.56044277789532,47.56044277789532,47.56044277789532
133957_1767716400,133957,2026-01-06 16:20:00,4,115.0,90.47534815010331,24.524651849896685,24.524651849896685
122613_1767716400,122613,2026-01-06 16:20:00,4,-88.0,-101.90911098473552,13.90911098473552,13.90911098473552
122613_1767716700,122613,2026-01-06 16:25:00,4,-27.0,-53.42309541364513,26.42309541364513,26.42309541364513
133957_1767716700,133957,2026-01-06 16:25:00,4,104.0,118.6670383060779,-14.667038306077899,14.667038306077899
122613_1767717000,122613,2026-01-06 16:30:00,4,-62.0,-53.88609443043214,-8.113905569567862,8.113905569567862
122613_1767717300,122613,2026-01-06 16:35:00,4,-54.0,-71.28165756194693,17.28165756194693,17.28165756194693
122613_1767717600,122613,2026-01-06 16:40:00,4,-11.0,-61.63146180707382,50.63146180707382,50.63146180707382
122613_1767717900,122613,2026-01-06 16:45:00,4,55.0,7.8605162554632315,47.13948374453677,47.13948374453677
122613_1767718200,122613,2026-01-06 16:50:00,4,72.0,66.17321807492061,5.826781925079388,5.826781925079388
122613_1767718500,122613,2026-01-06 16:55:00,4,72.0,97.95774359635428,-25.957743596354277,25.957743596354277
133957_1767718800,133957,2026-01-06 17:00:00,4,-35.0,-12.619972427617306,-22.380027572382694,22.380027572382694
133957_1767719100,133957,2026-01-06 17:05:00,4,-113.0,-78.52366430130769,-34.47633569869231,34.47633569869231
133957_1767719400,133957,2026-01-06 17:10:00,4,-174.0,-52.79820532219988,-121.20179467780012,121.20179467780012
133957_1767719700,133957,2026-01-06 17:15:00,4,-173.0,-96.16854777046271,-76.83145222953729,76.83145222953729
133957_1767720000,133957,2026-01-06 17:20:00,4,-218.0,-116.7079205830355,-101.2920794169645,101.2920794169645
133957_1767720900,133957,2026-01-06 17:35:00,4,67.0,22.937648886524673,44.06235111347533,44.06235111347533
133957_1767721200,133957,2026-01-06 17:40:00,4,28.0,44.12578327681857,-16.125783276818566,16.125783276818566
133957_1767721500,133957,2026-01-06 17:45:00,4,83.0,74.8368792735744,8.163120726425603,8.163120726425603
133957_1767721800,133957,2026-01-06 17:50:00,4,-28.0,30.94279246521491,-58.94279246521491,58.94279246521491
133957_1767722100,133957,2026-01-06 17:55:00,4,-73.0,-29.365046997445234,-43.63495300255477,43.63495300255477
133957_1767729000,133957,2026-01-06 19:50:00,4,39.0,84.22993368529298,-45.22993368529298,45.22993368529298
133957_1767729300,133957,2026-01-06 19:55:00,4,171.0,130.18849101394784,40.81150898605216,40.81150898605216
133957_1767729600,133957,2026-01-06 20:00:00,4,141.0,175.03917329681892,-34.039173296818916,34.039173296818916
133957_1767729900,133957,2026-01-06 20:05:00,4,126.0,186.63540295124457,-60.63540295124457,60.63540295124457
133957_1767730200,133957,2026-01-06 20:10:00,4,83.0,175.58654641896788,-92.58654641896788,92.58654641896788
133957_1767730500,133957,2026-01-06 20:15:00,4,53.0,45.398805153866064,7.601194846133936,7.601194846133936
133957_1767730800,133957,2026-01-06 20:20:00,4,38.0,46.62835436452355,-8.628354364523553,8.628354364523553
133957_1767731100,133957,2026-01-06 20:25:00,4,59.0,63.40338628091662,-4.403386280916621,4.403386280916621
133957_1767731400,133957,2026-01-06 20:30:00,4,46.0,18.691604776910182,27.308395223089818,27.308395223089818
133957_1767731700,133957,2026-01-06 20:35:00,4,116.0,92.27114094358977,23.72885905641023,23.72885905641023
133957_1767732000,133957,2026-01-06 20:40:00,4,129.0,107.66275667186295,21.33724332813705,21.33724332813705
133957_1767732600,133957,2026-01-06 20:50:00,4,39.0,33.60504845181801,5.394951548181993,5.394951548181993
133957_1767732900,133957,2026-01-06 20:55:00,4,-49.0,40.20043174102661,-89.20043174102662,89.20043174102662
133957_1767733200,133957,2026-01-06 21:00:00,4,59.0,90.08943452170499,-31.089434521704987,31.089434521704987
133957_1767733500,133957,2026-01-06 21:05:00,4,28.0,38.221481762039005,-10.221481762039005,10.221481762039005
133957_1767733800,133957,2026-01-06 21:10:00,4,15.0,11.963225293882601,3.0367747061173986,3.0367747061173986
133957_1767734100,133957,2026-01-06 21:15:00,4,45.0,31.858753680205545,13.141246319794455,13.141246319794455
133957_1767734400,133957,2026-01-06 21:20:00,4,7.0,30.517193881859733,-23.517193881859733,23.517193881859733
133957_1767734700,133957,2026-01-06 21:25:00,4,65.0,38.26206308283617,26.73793691716383,26.73793691716383
133957_1767735000,133957,2026-01-06 21:30:00,4,21.0,-27.456367974932576,48.456367974932576,48.456367974932576
133957_1767735300,133957,2026-01-06 21:35:00,4,50.0,92.02983264278153,-42.02983264278153,42.02983264278153
133957_1767735600,133957,2026-01-06 21:40:00,4,77.0,61.9185650510155,15.081434948984501,15.081434948984501
133957_1767736800,133957,2026-01-06 22:00:00,4,32.0,0.8424988173730554,31.157501182626945,31.157501182626945
133957_1767737100,133957,2026-01-06 22:05:00,4,-8.0,3.949523657770939,-11.94952365777094,11.94952365777094
133957_1767737400,133957,2026-01-06 22:10:00,4,27.0,45.033625114145046,-18.033625114145046,18.033625114145046
133957_1767737700,133957,2026-01-06 22:15:00,4,-22.0,13.981007457849763,-35.98100745784976,35.98100745784976
133957_1767738000,133957,2026-01-06 22:20:00,4,-77.0,-69.47382699950802,-7.52617300049198,7.52617300049198
