,mean_importance,std_importance,stability_ratio
numeric__cur_dev_s,0.037259155912661865,0.003026030451412353,12.312882007832686
numeric__manual_fill,0.0010683142766883575,0.00019702269402805067,5.4222904449472615
numeric__stop_lon,0.0031899325428390766,0.0003129945175448354,10.19165625541819
numeric__stop_lat,0.004087381602931935,0.0003927114481574158,10.40810399518944
numeric__address_missing,8.633849715730508e-05,1.281259585499969e-05,6.738563472682305
numeric__schedule_pos,0.004391845586838172,0.00018848999263827802,23.30015244876261
numeric__schedule_rows,0.002167641369904333,0.00021563042099960485,10.05257676446186
numeric__schedule_progress,0.006612730259687259,0.0008471527818553757,7.80582959002824
numeric__planned_gap_prev_s,0.001324094435171629,0.00035081164016520847,3.774374278954074
numeric__planned_gap_next_s,0.0001931284812459274,3.698936542799166e-05,5.221189219931532
numeric__prev_segment_m,0.0007063324674764114,6.241187608185788e-05,11.31727646245927
numeric__next_segment_m,0.0007508619112522382,4.61503502449687e-05,16.269906750365134
numeric__planned_speed_prev_kmh,0.000900992462852845,9.746346611251795e-05,9.244412183825585
numeric__planned_speed_next_kmh,0.0008076617369923497,3.615109380116468e-05,22.341280158584002
numeric__stop_visit_count,0.0008400124170850501,9.928788905485164e-05,8.460371316391
numeric__stop_headway_prev_s,0.000315903665498383,6.329724175254404e-06,49.9079591533271
numeric__stop_headway_next_s,0.0003646357668714468,4.769732440010408e-05,7.644784352429353
numeric__prev_stop_lon,0.0032225637833365184,0.00022973563789255538,14.027269773514213
numeric__prev_stop_lat,0.005909357588782213,0.0006837358505269062,8.642749353548663
numeric__next_stop_lon,0.005367098857731495,0.000546175610425575,9.826690803206702
numeric__next_stop_lat,0.004053474657904435,0.0005023922856012283,8.068345725064573
numeric__horizon_s,0.0003395632503033852,1.791426291908653e-05,18.954909441833205
numeric__horizon_min,0.00032838260631799695,2.8273458634972324e-05,11.614518016458454
numeric__minute_of_day,0.0028349617474458825,0.0003417879004264957,8.294505848843114
numeric__target_minute_of_day,0.0030501417712671566,0.000372430202380058,8.189834614875595
numeric__time_sin,0.006184857407748873,0.0005608098847725432,11.028438628946292
numeric__time_cos,0.0032239855422271737,0.00020559229653341088,15.681451012060618
numeric__target_time_sin,0.007113666592928174,0.0004946127199415495,14.38229607072485
numeric__target_time_cos,0.003849901144960724,0.00035935915150819294,10.713240829097712
numeric__hour,0.0012785736213432007,0.00020984130438499843,6.0930502648055205
numeric__target_hour,0.0011449554419766367,0.000204176754872425,5.607667910504147
numeric__cur_dev_abs,0.005473147045850746,0.0005829783252453911,9.388251328484127
numeric__cur_dev_sign,0.0004985159117461525,0.00011133462692034021,4.477635763985667
numeric__cur_dev_log,0.036957054744718616,0.0022686907915438195,16.290036027024954
numeric__cur_dev_sqrt,0.03852608755977921,0.003538180422577259,10.888672409991916
numeric__cur_dev_sq,0.005895721641442034,0.0008711914399880699,6.767423741853279
numeric__cur_dev_per_min,0.0572479679532775,0.010565881298665137,5.418191472119969
numeric__last_lon_any,0.0027884851928851075,0.00024719006292452816,11.280733329704082
numeric__last_lat_any,0.005357507661469621,0.0007273114110582667,7.366181215702441
numeric__last_speed_kmh,0.00013686761376964244,1.6487020566027166e-05,8.301536649389067
numeric__last_alt_m,0.000977270615459472,0.0001446753616433156,6.754920793728003
numeric__last_heading_deg,0.0007193359740846146,5.071159770560285e-05,14.184841189105304
numeric__last_receive_lag_s,0.0006434531500747482,4.4189036219065446e-05,14.561375186448485
numeric__last_gps_event_lag_s,0.0002138008767858056,3.1828305057344546e-05,6.7173187413934
numeric__packet_age_s,0.00027148112933617617,2.463573244899259e-05,11.01981111698047
numeric__event_age_s,0.00037707029596992486,6.688391325977094e-05,5.6376828441203175
numeric__receive_age_s,0.00030194168972707484,2.7526366006746e-05,10.969180555250054
numeric__last_valid_lon,0.00463869044941222,0.0005083201610846287,9.12552913578891
numeric__last_valid_lat,0.006624294216036516,0.0009779625947226047,6.7735660290176085
numeric__last_valid_speed_kmh,0.0001676933498697705,1.7856111649736104e-05,9.39136939597258
numeric__last_valid_alt_m,0.0010606960825486709,8.030655944616761e-05,13.208087566640259
numeric__last_valid_heading_deg,0.0008193087584515528,8.115589773566302e-05,10.095492394461242
numeric__valid_age_s,0.0003345041020190166,2.718983484794051e-05,12.30254216648217
numeric__distance_to_target_m,0.0003842265529089209,2.4556996599343896e-05,15.646316344437258
numeric__bearing_to_target_deg,0.001581446961528651,0.00016613004774671127,9.519331231520857
numeric__heading_error_deg,0.0010232727010924358,0.00010535396042850966,9.71271214881465
numeric__heading_error_abs_deg,0.000842066105118535,7.881502849402387e-05,10.684080314686485
numeric__heading_alignment,0.0008548927682335581,6.978338621331024e-05,12.250663121587468
numeric__last_heading_sin,0.0009071721826326917,3.407517075054707e-05,26.622673812880404
numeric__last_heading_cos,0.0009514154680702727,3.6232299814763824e-05,26.25876487762524
numeric__bearing_sin,0.002555397037743119,0.00016798118460012863,15.212400297174485
numeric__bearing_cos,0.0028361822849288535,0.0003996537077582718,7.09659943790063
numeric__projected_speed_kmh,0.00041513927217684207,6.680279107788155e-05,6.214400016287568
numeric__required_speed_kmh,0.000633468255970407,0.00011265441217031807,5.623110876381643
numeric__speed_margin_kmh,0.0005027677790401301,2.433021878233897e-05,20.664333636849577
numeric__projected_speed_margin_kmh,0.0006789818737548055,5.6086237979884874e-05,12.106033246378312
numeric__speed_to_required_ratio,0.0003103517083839492,3.397358016695386e-05,9.135089611507562
numeric__eta_last_speed_s,0.0003853873535050038,4.968102168003777e-05,7.757234708855047
numeric__eta_projected_speed_s,0.000380968686390566,2.683362782166982e-05,14.197434455190427
numeric__eta_margin_last_speed_s,0.00036724652957010435,2.630085184715977e-05,13.963293574708675
numeric__eta_margin_projected_s,0.00028906241924540584,2.7771991905096368e-05,10.408414701573712
numeric__distance_prev_stop_m,0.0008326104215987309,3.3160651453884274e-05,25.108384786958645
numeric__distance_next_stop_m,0.0007868713007702586,5.118792590218479e-05,15.372204900462057
numeric__scheduled_stops_to_target,0.00931119823608493,0.0007114538525775364,13.087564554276701
numeric__first_future_stop_lon,0.004008572710045748,9.626788788512402e-05,41.63976956874122
numeric__first_future_stop_lat,0.005525352164902193,0.0008405778801385548,6.573278085093264
numeric__scheduled_path_m,0.00679841734244548,0.0010440027571307284,6.511876802526793
numeric__future_gap_mean_s,0.007077929275431124,0.0010174651965300689,6.956433785266599
numeric__future_gap_max_s,0.0009758634328697304,0.00029813499622036025,3.2732266992071426
numeric__future_manual_fill_share,0.0014681799366009038,0.0002507995719707912,5.853996955456906
numeric__distance_to_first_future_stop_m,0.0013109070975884935,0.000107697358370114,12.172137787365937
numeric__route_proxy_m,0.0036440179040301834,0.0004204823574251454,8.666280120950413
numeric__route_proxy_required_speed_kmh,0.006476451315539085,0.0008295748370510501,7.806952451395999
numeric__straight_to_route_ratio,0.002313368225462597,0.000200920196256404,11.513865987849872
numeric__w1m_n,0.00015908140511146756,6.211681427102345e-06,25.610035119853446
numeric__w1m_span_s,0.0005173949826967181,3.296952181343313e-05,15.693129246199165
numeric__w1m_packets_per_min,0.00015161695573018914,1.5482892852621032e-05,9.792546352988305
numeric__w1m_valid_share,0.0002188629014015637,2.8737195581681377e-05,7.616014345013689
numeric__w1m_hist_share,1.3272555444662813e-05,3.672408869209424e-06,3.614126940444166
numeric__w1m_speed_outlier_share,0.0,0.0,0.0
numeric__w1m_alt_outlier_share,1.6134883089097828e-07,7.725553823568757e-08,2.0884812415325835
numeric__w1m_speed_mean,0.00021583676062308997,2.9564468209087627e-05,7.300545769877896
numeric__w1m_speed_median,0.00021982729857433257,3.37420374344423e-05,6.5149383017104
numeric__w1m_speed_std,0.0003884959158092558,6.055927101258446e-05,6.41513517085418
numeric__w1m_speed_min,9.140016180972535e-05,8.993254592221645e-06,10.163189611643892
numeric__w1m_speed_max,0.00026713989128296107,9.257851187142784e-06,28.855493248635185
numeric__w1m_speed_q10,0.0001638588931304175,1.8670304697233847e-05,8.776444038337011
numeric__w1m_speed_q90,0.0002454878691578615,1.9608905573068887e-05,12.519202345275975
numeric__w1m_speed_iqr,0.0003970604307561283,5.911913512775546e-05,6.716275926259939
numeric__w1m_stopped_share,0.00020363003941627683,2.3355868135120746e-05,8.718581108594831
numeric__w1m_slow_share,0.0001954516154457867,3.2925703090413175e-05,5.936140800788386
numeric__w1m_fast_share,8.922235954145604e-05,2.6707597341719644e-05,3.3407106996244877
numeric__w1m_speed_first,0.0002701941193486568,2.3135317974903648e-05,11.678858616202938
numeric__w1m_speed_last,0.00011531038112426728,1.6910158998596565e-05,6.819000005549167
numeric__w1m_speed_delta,0.0003589707943021261,1.3869184089402651e-05,25.88261617305931
numeric__w1m_speed_slope,0.00037763267179631,2.0870927475089993e-05,18.093716925292743
numeric__w1m_speed_change_abs_mean,0.00039841257174589803,1.549428807026317e-05,25.713510954854737
numeric__w1m_stop_transitions,8.264692005721987e-05,6.655998365252617e-06,12.416906240808085
numeric__w1m_valid_speed_mean,0.00038121571097704754,9.661158381869792e-05,3.9458592020039838
numeric__w1m_valid_speed_median,0.0002870994358032448,4.873764803892406e-05,5.890711625707558
numeric__w1m_alt_median,0.0022609617317507283,0.0004987816164708631,4.532969244566847
numeric__w1m_alt_iqr,0.0003745189018428116,3.7248977639077725e-05,10.054474391679173
numeric__w1m_receive_lag_median,0.0007049877408793172,5.70789239869464e-05,12.351104037795798
numeric__w1m_receive_lag_p95,0.0005439502855933992,3.347391302443716e-05,16.249975583861985
numeric__w1m_receive_lag_max,0.0005928258157229477,3.9622299047473356e-05,14.961923336420524
numeric__w1m_receive_lag_negative_share,3.835935147128091e-06,2.8426401677006786e-06,1.3494264385929713
numeric__w1m_gps_event_lag_median,0.00022925488745756178,6.0531884493911984e-05,3.7873409292796465
numeric__w1m_gps_event_lag_abs_median,0.00010222807877371396,2.194036115704746e-05,4.659361501964875
numeric__w1m_event_gap_median,0.0002738398767583897,3.7307265744745843e-05,7.340121661337085
numeric__w1m_event_gap_p95,0.00032425838912098414,1.842457724819482e-05,17.599229939103434
numeric__w1m_event_gap_max,0.00011142756383975328,1.1417414643197015e-05,9.759438328423
numeric__w1m_event_time_backwards_share,0.00018868037549974454,1.7309653792294127e-05,10.900296843801925
numeric__w1m_heading_resultant,0.0007641839209176554,3.279647438766601e-05,23.300794121463642
numeric__w1m_valid_n,0.00016271591570665456,1.196371244639327e-05,13.600786782109775
numeric__w1m_target_distance_first_m,0.0009758358636873974,0.00014531692349845933,6.715225133310218
numeric__w1m_target_distance_last_m,0.00038827948091711684,1.0855933242193243e-05,35.76656529550534
numeric__w1m_target_progress_m,0.0005259381798391032,0.00010541010853375358,4.989447237702485
numeric__w1m_path_m,0.0002990696727156191,2.009767445196997e-05,14.880809147821342
numeric__w1m_displacement_m,0.00037134915158522965,3.335950409253702e-05,11.13173443536204
numeric__w1m_tortuosity,0.0005416620047778893,6.234578101033113e-05,8.688029683999027
numeric__w1m_step_median,0.00038018645373092715,5.6368766036473464e-05,6.744629583345811
numeric__w1m_step_p95,0.0004364555951595862,7.169708778620059e-05,6.087493963124344
numeric__w1m_trajectory_speed_kmh,0.0003065796736811181,2.7011755113717644e-05,11.349860867632549
numeric__w1m_target_progress_kmh,0.00045875870168389564,3.4367048572463405e-05,13.348795063614537
numeric__w3m_n,0.0004338213704157854,0.00010727688909662387,4.043940591725247
numeric__w3m_span_s,0.0005477756299756545,4.150338546688633e-05,13.198335765027265
numeric__w3m_packets_per_min,0.00041159893686797545,0.00015322008077769638,2.6863250044805174
numeric__w3m_valid_share,0.0005635507653715187,5.1632001148175694e-05,10.914757164640196
numeric__w3m_hist_share,5.0631577549170486e-05,6.232614076158184e-06,8.12364905107858
numeric__w3m_speed_outlier_share,4.583135344774672e-06,2.369862063908959e-06,1.9339241218499106
numeric__w3m_alt_outlier_share,1.482932718075067e-06,1.7993796965357362e-06,0.8241350598737044
numeric__w3m_speed_mean,0.0003414572558297775,5.312973972825771e-05,6.426857182989586
numeric__w3m_speed_median,0.00022908454061394825,7.5205813447988e-06,30.46101087801825
numeric__w3m_speed_std,0.0005479544119929022,3.5211894002222294e-05,15.561628022528172
numeric__w3m_speed_min,1.4116794875066762e-05,4.7548095168342665e-06,2.9689500401933295
numeric__w3m_speed_max,0.00040402368309030697,2.741462369623354e-05,14.737523769414041
numeric__w3m_speed_q10,0.0001501125351641115,1.7274503345727994e-05,8.689831682564861
numeric__w3m_speed_q90,0.0003942575159660842,4.3573108868061326e-05,9.04818400981453
numeric__w3m_speed_iqr,0.0006455867021715878,4.5718179602418006e-05,14.121005990720528
numeric__w3m_stopped_share,0.00036968700666004296,2.476875538554836e-05,14.925537677609904
numeric__w3m_slow_share,0.0003636531552581064,2.0186219473469725e-05,18.014920412468854
numeric__w3m_fast_share,0.00015804814063774645,1.7815589277809818e-05,8.871338988672358
numeric__w3m_speed_first,0.0003567363020279121,2.130118994875064e-05,16.747246803533088
numeric__w3m_speed_last,0.00011254760956879548,6.779237862336646e-06,16.601806169432262
numeric__w3m_speed_delta,0.0003815186540796097,2.247928303763911e-05,16.97201091639744
numeric__w3m_speed_slope,0.0004955722518772507,2.4469935376236558e-05,20.2522901677225
numeric__w3m_speed_change_abs_mean,0.0006164291372447771,0.00011088684251752597,5.55908273416899
numeric__w3m_stop_transitions,0.00023987149573453118,9.274880719215039e-06,25.862485689449013
numeric__w3m_valid_speed_mean,0.0007739049124535572,0.00017594023826436202,4.3986805729570095
numeric__w3m_valid_speed_median,0.0005165086485891141,0.000151029247555575,3.4199246406172232
numeric__w3m_alt_median,0.002250398385870691,0.00011842654415769641,19.002482786896028
numeric__w3m_alt_iqr,0.0006624322858997793,7.935269656050151e-05,8.347949172045675
numeric__w3m_receive_lag_median,0.00105337593935971,6.402965000507484e-05,16.451377179554235
numeric__w3m_receive_lag_p95,0.0008300664073680677,8.876888548008792e-05,9.35087101215653
numeric__w3m_receive_lag_max,0.0007326259513432607,8.014287818863668e-05,9.141497769487902
numeric__w3m_receive_lag_negative_share,4.695326116715792e-06,3.3121392884723325e-06,1.417610882322086
numeric__w3m_gps_event_lag_median,0.00018038259373947445,1.9569265022375944e-05,9.2176473830557
numeric__w3m_gps_event_lag_abs_median,9.616503037341387e-05,1.0987563224833473e-05,8.752170035654226
numeric__w3m_event_gap_median,0.0002474920268850715,2.976462722798195e-05,8.314971213126137
numeric__w3m_event_gap_p95,0.0003180367967985673,4.333114306901426e-05,7.339681506955473
numeric__w3m_event_gap_max,0.00025919729496935706,3.842304038795163e-05,6.745881783596493
numeric__w3m_event_time_backwards_share,0.0007336913009555543,8.075722733204464e-05,9.0851471268786
numeric__w3m_heading_resultant,0.0010681477429363077,0.00010147148881935303,10.526579878130326
numeric__w3m_valid_n,0.0003603773055495155,3.659912464817535e-05,9.84660969810578
numeric__w3m_target_distance_first_m,0.0013622854169540522,0.00019711978400034047,6.910952226087804
numeric__w3m_target_distance_last_m,0.00036387150394764825,1.499453331556901e-05,24.266942626543326
numeric__w3m_target_progress_m,0.000580418969540273,5.0297634668126596e-05,11.539686942145515
numeric__w3m_path_m,0.0003888658831857911,0.00012355947343564719,3.147195995790044
numeric__w3m_displacement_m,0.0005553018751305188,9.526853654039727e-05,5.828806544816026
numeric__w3m_tortuosity,0.0005440832715287474,5.027408015863886e-05,10.82234143299215
numeric__w3m_step_median,0.00037316549689423687,6.093144558744508e-06,61.24348963872899
numeric__w3m_step_p95,0.0006114298457760112,8.518909116567421e-05,7.1773255264525355
numeric__w3m_trajectory_speed_kmh,0.0009991188361417147,0.0004602210639030472,2.1709541616748784
numeric__w3m_target_progress_kmh,0.0006125040115884141,7.918907588552016e-05,7.734703265626921
numeric__w5m_n,0.0005429529571192757,0.0001628805810029673,3.3334419022973805
numeric__w5m_span_s,0.0006325242039810769,5.723910879073946e-05,11.050559770994395
numeric__w5m_packets_per_min,0.0005333971955499524,0.00011653255489233603,4.577237592237795
numeric__w5m_valid_share,0.0007981006524653486,0.00014537381079308124,5.489989170823494
numeric__w5m_hist_share,0.00020040991023439667,4.0081799617305744e-05,5.0000226324130645
numeric__w5m_speed_outlier_share,4.8201490451011744e-06,2.6204627275363266e-06,1.8394259742846812
numeric__w5m_alt_outlier_share,1.9906591019411907e-05,3.998567565712824e-06,4.978429328462237
numeric__w5m_speed_mean,0.0002709467591285867,2.1769815201393058e-05,12.445982851763752
numeric__w5m_speed_median,0.0002916857749372524,4.216691082729716e-05,6.917408989586636
numeric__w5m_speed_std,0.0005404409269070695,3.552510450451981e-05,15.212929539035711
numeric__w5m_speed_min,1.2465742163840656e-05,3.4448602860193708e-06,3.6186485111698516
numeric__w5m_speed_max,0.0004885032719949441,5.981508490693834e-05,8.16689075319508
numeric__w5m_speed_q10,8.526692343078985e-05,1.0086461337377896e-05,8.45360053691095
numeric__w5m_speed_q90,0.0004343324701391833,2.984509030669742e-05,14.552894667865079
numeric__w5m_speed_iqr,0.0004874037224615338,1.5064684908832149e-05,32.354058054126305
numeric__w5m_stopped_share,0.0004592009353851918,4.193309936240367e-05,10.950798567637076
numeric__w5m_slow_share,0.0003613129552524256,2.5289322105165417e-05,14.28717383023298
numeric__w5m_fast_share,0.0002048012802937367,2.041693287884461e-05,10.030951831898001
numeric__w5m_speed_first,0.00032137605243095076,2.20326918381223e-05,14.586326546289722
numeric__w5m_speed_last,0.00011705879427985547,1.2783568378910585e-05,9.156972580206798
numeric__w5m_speed_delta,0.0003935164755974448,9.797204445310097e-06,40.16619614584283
numeric__w5m_speed_slope,0.0004997543048050078,3.8067924519967134e-05,13.127962660925139
numeric__w5m_speed_change_abs_mean,0.0006365293453746163,5.9140945624992935e-05,10.762921151918446
numeric__w5m_stop_transitions,0.00039078107060328053,4.972622087561972e-05,7.858651951896563
numeric__w5m_valid_speed_mean,0.0004180830429521841,4.7917208628159015e-05,8.725112463695998
numeric__w5m_valid_speed_median,0.0005057213450378029,3.559010647328469e-05,14.209604323825571
numeric__w5m_alt_median,0.0027762669297160523,0.0001322682540088119,20.989669286338536
numeric__w5m_alt_iqr,0.0006450867670682874,0.00010103732875217646,6.384637921949748
numeric__w5m_receive_lag_median,0.0011614974902278401,7.659640966999068e-05,15.163863163667765
numeric__w5m_receive_lag_p95,0.0009280235541183776,4.187949261555238e-05,22.159378588420815
numeric__w5m_receive_lag_max,0.0009562274980698124,6.32899695151717e-05,15.10867346415635
numeric__w5m_receive_lag_negative_share,2.023614781912709e-05,1.239674998005877e-05,1.6323751160024638
numeric__w5m_gps_event_lag_median,0.00018827480475153133,3.5192899573595456e-05,5.349795034876728
numeric__w5m_gps_event_lag_abs_median,0.00010307588087687784,1.549385623034278e-05,6.652693344496336
numeric__w5m_event_gap_median,0.0002612640842908132,1.3549895106649312e-05,19.28163007556963
numeric__w5m_event_gap_p95,0.00023478362743709216,1.936962761724802e-05,12.121225041352886
numeric__w5m_event_gap_max,0.00044019646021990826,4.033574259132849e-05,10.913309661025888
numeric__w5m_event_time_backwards_share,0.0011247031690884608,0.00016946554958553834,6.636765792235531
numeric__w5m_heading_resultant,0.0010765826796390325,0.000110884227025855,9.70906952959987
numeric__w5m_valid_n,0.0005325400278812806,3.577138770990541e-05,14.887317688446789
numeric__w5m_target_distance_first_m,0.0015163142471717524,0.0004340568511264127,3.4933540151329026
numeric__w5m_target_distance_last_m,0.0003579256682210939,1.6816721576795046e-05,21.283913472830083
numeric__w5m_target_progress_m,0.000839256812859256,2.143549932492368e-05,39.15265798034243
numeric__w5m_path_m,0.0005427085228857256,7.713841467743226e-05,7.035515548506415
numeric__w5m_displacement_m,0.0004837455422248082,7.723396351709232e-05,6.263378362737711
numeric__w5m_tortuosity,0.00050008143617513,2.8866453905761086e-05,17.323964366518908
numeric__w5m_step_median,0.00035041384992233633,2.3235530752628022e-05,15.080948163912938
numeric__w5m_step_p95,0.000636625064534307,8.096652596488435e-05,7.862817986628165
numeric__w5m_trajectory_speed_kmh,0.0006771493410735269,4.2151572284299556e-05,16.064627920442263
numeric__w5m_target_progress_kmh,0.0007985648736531396,6.828732223814518e-05,11.694189137685555
numeric__w10m_n,0.0008402266504543473,9.141050105535097e-05,9.191795598557949
numeric__w10m_span_s,0.000559174168283863,6.841441869636827e-05,8.173337883527301
numeric__w10m_packets_per_min,0.0008327777674710445,8.870772252976658e-05,9.387883425862004
numeric__w10m_valid_share,0.0032848395557347034,0.0009263985682798642,3.5458167409392405
numeric__w10m_hist_share,0.0003406269585283913,5.616745409580255e-05,6.064489800141339
numeric__w10m_speed_outlier_share,3.1637814307920485e-06,4.6330429729353115e-06,0.6828731713477787
numeric__w10m_alt_outlier_share,8.063961349410835e-05,5.317070923733596e-05,1.516617196463251
numeric__w10m_speed_mean,0.00035397586893073555,3.688936882371749e-05,9.595606285015794
numeric__w10m_speed_median,0.00045744781707463586,5.889451009510129e-05,7.767240249875939
numeric__w10m_speed_std,0.0005877550290194556,5.471491746332692e-05,10.742134787487672
numeric__w10m_speed_min,2.308553613745022e-06,9.249339121964257e-07,2.495909261618142
numeric__w10m_speed_max,0.0006297208708106459,2.3440348253180995e-05,26.864824581280033
numeric__w10m_speed_q10,4.7438562145459985e-05,1.5455824498115717e-05,3.0692998022812445
numeric__w10m_speed_q90,0.0005604537242258945,4.0565252858618594e-05,13.816102967806746
numeric__w10m_speed_iqr,0.0005042157930513463,6.297549934352248e-05,8.006538896887207
numeric__w10m_stopped_share,0.0007909031112773655,6.0503871607701846e-05,13.07194196321059
numeric__w10m_slow_share,0.0007288219837087253,0.00014449085122816214,5.044070074123859
numeric__w10m_fast_share,0.00031120751371411837,1.9933134055611806e-05,15.612572374886089
numeric__w10m_speed_first,0.00034449558407621193,2.886756895291063e-05,11.933653738023677
numeric__w10m_speed_last,0.00010715964714289997,7.621972743668385e-06,14.059304157524561
numeric__w10m_speed_delta,0.00044292791829635933,4.277570133522658e-05,10.354661504449455
numeric__w10m_speed_slope,0.0007334189469031655,3.555145300377593e-05,20.629787654402794
numeric__w10m_speed_change_abs_mean,0.000904407676612529,0.00011786231749233615,7.673425130113464
numeric__w10m_stop_transitions,0.0006566371647373254,9.100775319430311e-05,7.215178207072266
numeric__w10m_valid_speed_mean,0.0005484748415220737,2.740197827504419e-05,20.015884108838307
numeric__w10m_valid_speed_median,0.0007332531640762903,6.655411348548807e-05,11.017397943686474
numeric__w10m_alt_median,0.0034709874262691945,0.00031986688791708304,10.851349566128288
numeric__w10m_alt_iqr,0.0007352455994770309,0.00010843323767066178,6.780629339220894
numeric__w10m_receive_lag_median,0.0014160602533845276,3.4328872468658653e-05,41.24983171024685
numeric__w10m_receive_lag_p95,0.0013913200014355723,0.00011595183100096448,11.999120474646743
numeric__w10m_receive_lag_max,0.0016049153702960741,0.00012617146066905144,12.720113954974838
numeric__w10m_receive_lag_negative_share,6.724870449632172e-05,3.36363026257286e-05,1.9992893762822022
numeric__w10m_gps_event_lag_median,0.00018125848862725807,3.413183121373123e-05,5.310540831568304
numeric__w10m_gps_event_lag_abs_median,9.8192922554488e-05,1.0469440458782312e-05,9.379002971750577
numeric__w10m_event_gap_median,0.00033033826258567554,3.0333514776533828e-05,10.890206892576133
numeric__w10m_event_gap_p95,0.00034320208642052197,6.634885315089239e-05,5.172690482943419
numeric__w10m_event_gap_max,0.0006057499966922919,0.00010042001377593809,6.032163986869252
numeric__w10m_event_time_backwards_share,0.0016582145980026963,0.00011025322338265366,15.040055356998577
numeric__w10m_heading_resultant,0.0018767174024140044,0.0002637361380527888,7.115890181581695
numeric__w10m_valid_n,0.0008298130649641224,0.00012704048445757123,6.531878888649729
numeric__w10m_target_distance_first_m,0.0015050626889341332,0.00023214178359190683,6.483376922340608
numeric__w10m_target_distance_last_m,0.00044607184393605107,7.11183999412856e-05,6.272242317488579
numeric__w10m_target_progress_m,0.0015823327832112123,0.0001146770660234991,13.798162302903753
numeric__w10m_path_m,0.0005698485791921486,5.515760369706918e-05,10.331278566605842
numeric__w10m_displacement_m,0.0006901324638477709,0.0001243055300834528,5.551904712787469
numeric__w10m_tortuosity,0.0007228412574324007,6.261700251279625e-05,11.543849384052413
numeric__w10m_step_median,0.0005300256661677691,3.543463159552017e-05,14.957842860060518
numeric__w10m_step_p95,0.0007600760629421159,0.00013220632918108108,5.749165428773727
numeric__w10m_trajectory_speed_kmh,0.0008092741659997497,0.00020697362940706623,3.910035130601451
numeric__w10m_target_progress_kmh,0.0014774360496728786,0.00019618917964352728,7.530670370438812
numeric__w15m_n,0.0009620540529801201,0.00017804386683223166,5.4034663742906925
numeric__w15m_span_s,0.0006987084640669253,0.00012633331831626558,5.530674471694703
numeric__w15m_packets_per_min,0.0009559032402578074,0.00010452908178907076,9.144854376907952
numeric__w15m_valid_share,0.008680770873947214,0.002502950313768599,3.4682154187106837
numeric__w15m_hist_share,0.0005246967280193067,3.742941967476183e-05,14.018296798622448
numeric__w15m_speed_outlier_share,3.571103413088172e-06,6.245967076400381e-06,0.5717453834868521
numeric__w15m_alt_outlier_share,8.645973540045869e-05,4.147434835450824e-05,2.084655618378268
numeric__w15m_speed_mean,0.0004376282245642114,1.5625933337920392e-05,28.006531647979138
numeric__w15m_speed_median,0.0005562462389830929,6.938066640101239e-05,8.017308853027497
numeric__w15m_speed_std,0.0006953191793914537,3.782859947216917e-05,18.380779904955936
numeric__w15m_speed_min,1.4115826389790657e-07,1.0393653999610309e-07,1.3581066465802345
numeric__w15m_speed_max,0.0007859838303244653,3.9799399705225626e-05,19.74863481352035
numeric__w15m_speed_q10,3.495763125302105e-05,1.0922504933980163e-05,3.2005138257024948
numeric__w15m_speed_q90,0.0005913151156084603,5.636607604264583e-05,10.490620363043522
numeric__w15m_speed_iqr,0.0004823435214631456,2.7832083518855078e-05,17.33048493498135
numeric__w15m_stopped_share,0.0009795794780020012,6.476851043832103e-05,15.124316681800746
numeric__w15m_slow_share,0.001003355352274626,0.00013534279782918647,7.413437293704421
numeric__w15m_fast_share,0.000534145671827336,7.298589927489845e-05,7.318477539024633
numeric__w15m_speed_first,0.00031299652588607233,2.650027685558989e-05,11.811065815675958
numeric__w15m_speed_last,0.00010485581000529766,7.622641892063708e-06,13.75583396599465
numeric__w15m_speed_delta,0.00037783931813468,3.3584685136069686e-05,11.250345368834147
numeric__w15m_speed_slope,0.000870352070426591,0.00012230587467270844,7.116191807134929
numeric__w15m_speed_change_abs_mean,0.0013449865894299515,0.00019545059364153584,6.881465834865892
numeric__w15m_stop_transitions,0.0009465508337760213,7.606876929718541e-05,12.44335658481184
numeric__w15m_valid_speed_mean,0.0006359203108849796,6.339703896045971e-05,10.030757134427708
numeric__w15m_valid_speed_median,0.0008186267469320755,0.00010849059211153825,7.545601175674764
numeric__w15m_alt_median,0.0018390841829098586,0.00020333008338794338,9.044820831338368
numeric__w15m_alt_iqr,0.0010070281089880344,5.8150896192037794e-05,17.317499086255197
numeric__w15m_receive_lag_median,0.0018240110261088134,0.00016357133763207106,11.151165243023717
numeric__w15m_receive_lag_p95,0.001454910723464097,4.8219900383292914e-05,30.172411840895844
numeric__w15m_receive_lag_max,0.0015908647000840374,0.00011706997721911196,13.58900654364626
numeric__w15m_receive_lag_negative_share,0.00010271160106288105,2.41754655417417e-05,4.2485881662526666
numeric__w15m_gps_event_lag_median,0.000189090402601484,3.9308480403657336e-05,4.810422480067893
numeric__w15m_gps_event_lag_abs_median,9.56119868301181e-05,6.564696567090598e-06,14.564568413544187
numeric__w15m_event_gap_median,0.0004031975016828473,8.284268470646869e-05,4.867025957022588
numeric__w15m_event_gap_p95,0.0004018522217623923,9.637145502557609e-05,4.169826194757756
numeric__w15m_event_gap_max,0.0007605758065136681,0.00013480550661106375,5.642023237715595
numeric__w15m_event_time_backwards_share,0.0017311487840478347,0.00013148327565797984,13.166303944120408
numeric__w15m_heading_resultant,0.001307642407453665,9.732825607136675e-05,13.435382968944213
numeric__w15m_valid_n,0.0010767271911969092,0.00025382878401112067,4.241942816492369
numeric__w15m_target_distance_first_m,0.0013903935835986848,0.00010603889249144146,13.112109508299474
numeric__w15m_target_distance_last_m,0.0004149702748605195,4.724432243165825e-05,8.78349491999391
numeric__w15m_target_progress_m,0.0014439564168690253,0.00012183049467038097,11.852175507647347
numeric__w15m_path_m,0.0006153349818893504,0.00012774414763208432,4.816932818281764
numeric__w15m_displacement_m,0.0006426635038537042,2.9586840896267315e-05,21.721260623452444
numeric__w15m_tortuosity,0.0007931925196864751,4.652339711878613e-05,17.04932467876168
numeric__w15m_step_median,0.0007106492863911557,8.240017320356446e-05,8.62436631062868
numeric__w15m_step_p95,0.000729277396382368,3.8862437157572106e-05,18.76561098471051
numeric__w15m_trajectory_speed_kmh,0.0006119895413770657,4.726563495803483e-05,12.947874898381258
numeric__w15m_target_progress_kmh,0.0013982336160516169,9.415503240116287e-05,14.85033317437438
numeric__w30m_n,0.0015218459916555736,0.00011540264513275403,13.187271199179525
numeric__w30m_span_s,0.0008299151704710489,8.78475052850046e-05,9.447225146932986
numeric__w30m_packets_per_min,0.0015341439773813434,0.00013617465431085506,11.266002281256005
numeric__w30m_valid_share,0.01159229384300447,0.0019795049023040227,5.856158185643082
numeric__w30m_hist_share,0.001393192363502892,0.00015660360766552373,8.896297954911708
numeric__w30m_speed_outlier_share,3.699822933897081e-06,5.391647759483535e-06,0.686213642420484
numeric__w30m_alt_outlier_share,0.00019395834180819198,9.147175582465913e-05,2.12041780480928
numeric__w30m_speed_mean,0.0011725115041650313,0.00015614449981562328,7.5091437613262
numeric__w30m_speed_median,0.0007680536723444203,3.107975525904726e-05,24.71234542326377
numeric__w30m_speed_std,0.0017786858791472876,0.00015486209573431712,11.485611499880555
numeric__w30m_speed_min,0.0,0.0,0.0
numeric__w30m_speed_max,0.0016341178954606922,0.00017417596233546616,9.381994301437281
numeric__w30m_speed_q10,5.940715754332248e-05,2.992902944440954e-05,1.9849342481596886
numeric__w30m_speed_q90,0.001120584959441162,6.546836067396294e-05,17.11643503501362
numeric__w30m_speed_iqr,0.0007892588735603124,6.757163958938885e-05,11.680327230122842
numeric__w30m_stopped_share,0.0016460627688052345,7.560040412505949e-05,21.773200369525657
numeric__w30m_slow_share,0.0011698617424505285,7.50431453074415e-05,15.589188353827344
numeric__w30m_fast_share,0.00126187093458691,0.00016054385180042373,7.8599766517100775
numeric__w30m_speed_first,0.00040937688387787674,1.9818472152442027e-05,20.65632809999964
numeric__w30m_speed_last,0.00012154870495776355,2.039815717544874e-05,5.958807844919048
numeric__w30m_speed_delta,0.0004780949105707753,2.8030970221613334e-05,17.055952388911138
numeric__w30m_speed_slope,0.0013209098026740799,4.4221623356135457e-05,29.870223491480868
numeric__w30m_speed_change_abs_mean,0.0011402714532323954,0.00010596819812667224,10.760506101168502
numeric__w30m_stop_transitions,0.001103002071997707,5.8835660581501786e-05,18.7471686788085
numeric__w30m_valid_speed_mean,0.0009765071577454498,8.014062351686294e-05,12.1849207394182
numeric__w30m_valid_speed_median,0.001152687225607933,6.87373660542155e-05,16.769441062512175
numeric__w30m_alt_median,0.002886703844001786,0.0003119146239397593,9.254788372168509
numeric__w30m_alt_iqr,0.0022644198546659007,0.0003155384864407936,7.176366575854831
numeric__w30m_receive_lag_median,0.0024539213681533337,0.00015418448497084365,15.915488206883353
numeric__w30m_receive_lag_p95,0.0025343496804217437,0.000163967152188747,15.456447411173782
numeric__w30m_receive_lag_max,0.0036415975740191737,0.0003262779816858776,11.161027612228137
numeric__w30m_receive_lag_negative_share,0.00020468298333208343,6.399654697147537e-05,3.19834412667563
numeric__w30m_gps_event_lag_median,0.0001983070925687155,3.520858141537431e-05,5.632350948674434
numeric__w30m_gps_event_lag_abs_median,0.00010079332014505055,9.963167622443587e-06,10.11659281947692
numeric__w30m_event_gap_median,0.0004709900510088111,6.180476786494445e-05,7.620610183625423
numeric__w30m_event_gap_p95,0.0007446020573785437,0.00019750403396416946,3.770059976312013
numeric__w30m_event_gap_max,0.002696738145351493,0.0004774823218910112,5.647828235867578
numeric__w30m_event_time_backwards_share,0.0017028736526783308,7.869087855039051e-05,21.64003836795188
numeric__w30m_heading_resultant,0.001892469689711531,5.0512463071660776e-05,37.465400361913275
numeric__w30m_valid_n,0.0015982602787048088,0.00021334293317788467,7.491507908915251
numeric__w30m_target_distance_first_m,0.0016521004005654208,0.000178991571288266,9.230045747096474
numeric__w30m_target_distance_last_m,0.0007544057533201658,0.00017869889180879733,4.221658799684664
numeric__w30m_target_progress_m,0.001394716053027024,0.0002035719820121547,6.851218091950058
numeric__w30m_path_m,0.0006759690808018094,4.2181178255272096e-05,16.02537180648694
numeric__w30m_displacement_m,0.0015890264388040115,0.0002107457924372276,7.540014976751203
numeric__w30m_tortuosity,0.0016353497539124684,0.0003117912714043964,5.245014529436229
numeric__w30m_step_median,0.0008096277468124917,4.8648196545848884e-05,16.642502449334355
numeric__w30m_step_p95,0.0012855152840726407,4.3159222729291084e-05,29.785412549025843
numeric__w30m_trajectory_speed_kmh,0.0007312866003176301,4.641806363627252e-05,15.754353526971046
numeric__w30m_target_progress_kmh,0.0012088783201695762,0.000142987419301638,8.454438282888077
numeric__snapshot_vehicle_n,0.0008282920041600108,0.0001832103486156054,4.5209891575331556
numeric__city_speed_mean,0.001005143965088641,0.00011320088648049494,8.879294036116388
numeric__city_speed_median,0.00030159242895845984,1.2037938014394548e-05,25.053493675107187
numeric__city_slow_share,0.0006190403383240165,4.92019737326085e-05,12.581615711325279
numeric__local_vehicles_300m,3.619687690080792e-05,8.033393783252218e-06,4.505800832329328
numeric__local_speed_mean_300m,7.563196573958423e-05,7.908368509719396e-06,9.563534638414716
numeric__local_speed_median_300m,7.353044493175673e-05,3.103970380192304e-06,23.689150422257185
numeric__local_slow_share_300m,2.306780256483001e-05,3.5055418970100585e-06,6.580379485444312
numeric__target_area_vehicles_300m,2.9730054910820087e-05,8.8284726940503e-06,3.367519227118026
numeric__target_area_speed_mean_300m,5.036568533160972e-05,3.5179091921772574e-06,14.316933230304574
numeric__target_area_speed_median_300m,5.0647434386790736e-05,7.5532590273519895e-06,6.7053741302941265
numeric__target_area_slow_share_300m,2.732782943689563e-05,1.0155015682160425e-05,2.691066917192083
numeric__local_vehicles_500m,3.671495950310188e-05,5.660591750525162e-06,6.486062700711979
numeric__local_speed_mean_500m,9.712158701093737e-05,8.008115714834287e-06,12.12789354468682
numeric__local_speed_median_500m,8.688071536802025e-05,8.511679995897283e-06,10.207233495933137
numeric__local_slow_share_500m,4.277793538789295e-05,4.4123409666158885e-06,9.695063463247868
numeric__target_area_vehicles_500m,3.4501408068683445e-05,2.6000280529476437e-06,13.2696240565348
numeric__target_area_speed_mean_500m,5.9386782665175444e-05,8.017565559908052e-06,7.407083211773987
numeric__target_area_speed_median_500m,6.62397500691367e-05,9.604889573629113e-06,6.896460668797466
numeric__target_area_slow_share_500m,3.791582760071805e-05,7.883738211146975e-06,4.809371109981431
numeric__local_vehicles_1000m,6.859415863357005e-05,1.0694769787559516e-05,6.413803530353439
numeric__local_speed_mean_1000m,0.00015859701713670412,1.2763019543825391e-05,12.426291769422217
numeric__local_speed_median_1000m,0.0001573894284976074,2.050953596042044e-05,7.673963034920753
numeric__local_slow_share_1000m,6.124057599939486e-05,7.911526751782163e-06,7.740676380184563
numeric__target_area_vehicles_1000m,5.211377462310513e-05,4.107122504471251e-06,12.688631000838194
numeric__target_area_speed_mean_1000m,0.00014563653246962345,1.617287349522523e-05,9.004987487698626
numeric__target_area_speed_median_1000m,0.00013527140457006244,1.5200717143820008e-05,8.899014065664936
numeric__target_area_slow_share_1000m,6.049438608798889e-05,2.5417121475570072e-05,2.3800643108256527
numeric__local_vehicles_2000m,0.00010846334997880343,1.1677784015536488e-05,9.288007086489468
numeric__local_speed_mean_2000m,0.0003370687009427376,2.9128230093368132e-05,11.571890509323817
numeric__local_speed_median_2000m,0.00029313174086809416,1.729693589964844e-05,16.94703186863404
numeric__local_slow_share_2000m,0.00017876605801549257,4.0426950138990234e-05,4.4219525088816205
numeric__target_area_vehicles_2000m,0.0001249877968119767,1.7894620600513218e-05,6.984657155778699
numeric__target_area_speed_mean_2000m,0.0003089159471578145,2.0133125729066927e-05,15.343664762802161
numeric__target_area_speed_median_2000m,0.00027682400790945505,1.562784286651512e-05,17.71351251483833
numeric__target_area_slow_share_2000m,0.00012693983532435777,2.843066086825598e-05,4.46489202089563
numeric__valid_age_gt_30s,1.674017721272996e-05,5.984721028860649e-06,2.797152003385009
numeric__valid_age_gt_90s,1.7473925550689347e-05,5.423267343958738e-06,3.2220285706781344
numeric__valid_age_gt_5m,2.5254733452587063e-06,2.188143220853183e-06,1.1541621988124688
numeric__packet_age_gt_30s,7.160416232082884e-06,1.8505712585369618e-06,3.8692983746248393
numeric__speed_mean_1m_minus_5m,0.000573671016858105,4.826412747146229e-05,11.886074296302818
numeric__slow_share_1m_minus_5m,0.0004989650872744598,2.6540318458726166e-05,18.800266818582152
numeric__valid_share_1m_minus_5m,0.000566897294185596,4.1651917397000656e-05,13.610352560049627
numeric__progress_1m_minus_5m,0.000553858999229869,6.216631019041251e-05,8.90931098571097
numeric__speed_mean_3m_minus_15m,0.0007694680444854911,4.595145968211926e-05,16.745235800195317
numeric__slow_share_3m_minus_15m,0.0006357882726478494,3.918463421796945e-05,16.22544829398557
numeric__valid_share_3m_minus_15m,0.0009382847751388194,6.157047008643576e-05,15.239200847133484
numeric__progress_3m_minus_15m,0.0008824157294862354,6.715056432516305e-05,13.140853322876964
numeric__speed_mean_5m_minus_15m,0.0007432855838977144,4.4271963963561477e-05,16.78908050522455
numeric__slow_share_5m_minus_15m,0.0007702709956735987,5.488048227074883e-05,14.035426617391893
numeric__valid_share_5m_minus_15m,0.0010385983550136317,4.270866550039114e-05,24.3182108016442
numeric__progress_5m_minus_15m,0.0010747506514169852,6.85685262016098e-05,15.674110197189025
numeric__speed_mean_5m_minus_30m,0.0008006580621292182,6.919417839380468e-05,11.571176494086805
numeric__slow_share_5m_minus_30m,0.00091960420788255,6.252784485701037e-05,14.707114810663956
numeric__valid_share_5m_minus_30m,0.0012947970312793531,3.129199073529422e-05,41.37790404114648
numeric__progress_5m_minus_30m,0.0015014901205001247,0.00022107908388570746,6.791642553054527
numeric__speed_mean_10m_minus_30m,0.0009383085025472387,4.466822120381554e-05,21.00617522376095
numeric__slow_share_10m_minus_30m,0.0010548045112143442,9.39150380798697e-05,11.231476039926786
numeric__valid_share_10m_minus_30m,0.0018223529428111306,6.527450635576565e-05,27.918294854050146
numeric__progress_10m_minus_30m,0.0013173950692719192,0.00028227057901575103,4.667135587415475
numeric__speed_recent_vs_required,0.0007867189917956337,7.796276664953275e-05,10.090957716280467
numeric__progress_recent_vs_required,0.001006584669006754,5.151834744449172e-05,19.538372238219075
numeric__speed_15m_vs_required,0.0018220099449480632,0.0002188508341952879,8.325350658690532
numeric__cur_dev_x_horizon,0.024690269849209946,0.0026597064527751784,9.283080775385818
numeric__cur_dev_x_required_speed,0.011882342125673287,0.002614518879901998,4.544752846295731
numeric__cur_dev_x_distance_km,0.007041439124750507,0.0011301869460199543,6.230331312281724
numeric__cur_dev_per_stop,0.00791774429673226,0.0016659471570898956,4.752698342371441
numeric__cur_dev_per_km,0.006003497191043995,0.0007814804648994327,7.682210180563328
numeric__planned_seconds_per_stop,0.020268326836516616,0.0008532425362355344,23.754473027311835
numeric__route_m_per_stop,0.0018578601347456775,0.00021085148510378377,8.811226181404361
numeric__scheduled_stops_per_min,0.019993183020906156,0.001116833014938187,17.90167620009965
numeric__cur_dev_plus_eta_margin,0.00038700730317390333,2.1372301794485776e-05,18.10788977188524
numeric__route_speed_margin_kmh,0.001932540458275182,0.00028624545687204765,6.751340170222131
numeric__planned_vs_straight_distance_m,0.003753740452894815,0.00021018820729551413,17.858948812281817
numeric__route_straightness,0.0022546350209694645,0.0001563884168322282,14.416892582085028
numeric__required_vs_w5_speed_ratio,0.0009538445518932764,4.840563292501623e-05,19.70523830698818
numeric__route_required_vs_w5_speed_ratio,0.0010465798000633883,0.00010615114201424702,9.859336134731231
numeric__cur_dev_x_w5_speed,0.0076621538112799925,0.0016622228009617545,4.609582904432019
numeric__cur_dev_x_w15_valid_share,0.027877234843437106,0.003739496517323527,7.454809680083589
numeric__cur_dev_x_route_speed_margin,0.005857957353405165,0.0013178926712637143,4.4449426548089725
numeric__cur_dev_x_hour_sin,0.014667622143481062,0.001287774158898252,11.389902515701948
numeric__cur_dev_x_hour_cos,0.003721277587041555,0.0009664517473269111,3.850453572548972
numeric__distance_x_valid_age,0.00046462650257066823,4.262175223192874e-05,10.90115885290725
numeric__w1m_progress_fraction,0.0005124234230495288,3.1510757311175624e-05,16.261856283788397
numeric__w1m_path_to_route_ratio,0.0003702562967200946,1.742806276233151e-05,21.244832574020954
numeric__w3m_progress_fraction,0.0006526483035373794,4.110850081564268e-05,15.876236659372307
numeric__w3m_path_to_route_ratio,0.0005942232870061546,7.830966082533771e-05,7.588122246415946
numeric__w5m_progress_fraction,0.0007655616508830637,4.751728204609394e-05,16.111225259668863
numeric__w5m_path_to_route_ratio,0.0006686230577996969,8.151119531682306e-05,8.20283700905148
numeric__w10m_progress_fraction,0.0015262788527864908,0.0001573839541466494,9.697804654637848
numeric__w10m_path_to_route_ratio,0.001660467767866762,0.0001302458962381594,12.748714570490739
numeric__w15m_progress_fraction,0.0017571608416577366,8.359080412375679e-05,21.020982380253994
numeric__w15m_path_to_route_ratio,0.0021247645158041922,0.0004179001269332035,5.084383501657629
numeric__w30m_progress_fraction,0.0011612654267527949,7.987245752825965e-05,14.538996897684425
numeric__w30m_path_to_route_ratio,0.0027953068098251505,0.00039893002051700094,7.007010400459482
numeric__same_grid_4,7.231204063414136e-09,1.1104792603401353e-08,0.6511200345303988
numeric__same_grid_2,2.5240731864319502e-05,5.9283819432314375e-06,4.257608205478256
numeric__same_grid_3,7.522107447596166e-05,1.0458621208287778e-05,7.1922546754154535
numeric__distance_to_target_m_sqrt,0.00039699446060217176,4.826580704232963e-05,8.225169674026867
numeric__required_speed_kmh_sqrt,0.0006023764558752181,8.70711713389481e-05,6.918207710932211
numeric__valid_age_s_sqrt,0.0003486519188565122,2.6827089132575272e-05,12.9962629988392
numeric__packet_age_s_sqrt,0.000277258821241701,2.3950832238165592e-05,11.57616599325195
numeric__route_proxy_m_sqrt,0.0033574738026833154,0.0003303994245027222,10.161863319146882
numeric__last_valid_speed_kmh_sq,0.0001626208706447405,2.278847326890454e-05,7.136101729576555
numeric__required_speed_kmh_sq,0.0005997538264357172,6.229024865742535e-05,9.62837409922346
numeric__w5m_speed_mean_sq,0.0002616220270536928,7.15596725069499e-06,36.55997593732812
numeric__w15m_speed_mean_sq,0.00044452312734202673,2.031724866468343e-05,21.87909951782113
numeric__planned_gap_prev_s_log1p,0.0013893500640490988,0.00034226056267277924,4.05933435374517
numeric__planned_gap_next_s_log1p,0.00017904871957251923,2.745262766317419e-05,6.522097456288431
numeric__prev_segment_m_log1p,0.0007153906947528604,3.025571598882308e-05,23.644810500347308
numeric__next_segment_m_log1p,0.0007361607405317478,3.7605051851344836e-05,19.576112376223428
numeric__cur_dev_abs_log1p,0.006226276474520014,0.0006599273133137438,9.434791286059584
numeric__last_speed_kmh_log1p,0.00013392396828158142,6.921738983249576e-06,19.348309616609956
numeric__last_alt_m_log1p,0.0009498669565982058,0.00020177127490220924,4.707642117793663
numeric__last_receive_lag_s_signed_log1p,0.0006407032319869181,3.707436667627797e-05,17.281568699467584
numeric__packet_age_s_log1p,0.0002900670881134897,3.712492241707013e-05,7.81327101620676
numeric__event_age_s_log1p,0.00035318016585461767,4.065179456414303e-05,8.687935205650318
numeric__receive_age_s_log1p,0.0002893937222740505,2.6800968653313475e-05,10.797882539980115
numeric__last_valid_speed_kmh_log1p,0.00016331618065495822,1.29251849888373e-05,12.635499465617324
numeric__last_valid_alt_m_log1p,0.0010496429290086,5.410621737731619e-05,19.399672726871973
numeric__valid_age_s_log1p,0.00034227147430227026,3.0823956128015045e-05,11.104073136384851
numeric__distance_to_target_m_log1p,0.0004098006400479528,4.514663457320311e-05,9.07710253144956
numeric__required_speed_kmh_log1p,0.0006344800066597916,0.00011751421547339813,5.39917659071845
numeric__eta_last_speed_s_log1p,0.0004068685425914633,4.6356544059038694e-05,8.776938446842497
numeric__eta_projected_speed_s_log1p,0.00036631838296795376,2.433436810781754e-05,15.05353935189025
numeric__distance_prev_stop_m_log1p,0.000846978670545602,5.8518367414362434e-05,14.473723268363102
numeric__distance_next_stop_m_log1p,0.0007512521742410255,5.2396124154709074e-05,14.337933807563383
numeric__future_gap_mean_s_log1p,0.0069989018518373455,0.0009193271400589299,7.6130699717791845
numeric__future_gap_max_s_log1p,0.0009649049246923325,0.00028991226542400507,3.328265259673874
numeric__distance_to_first_future_stop_m_log1p,0.0013562063794263612,0.00014811705937771205,9.156314444588023
numeric__route_proxy_m_log1p,0.0031714048103043922,0.0005395166083737452,5.878233876776592
numeric__route_proxy_required_speed_kmh_log1p,0.006824601497316939,0.0009302166373077578,7.3365721663850225
numeric__w1m_packets_per_min_log1p,0.00015148492728479148,1.1629536402742875e-05,13.02587730179733
numeric__w1m_speed_mean_log1p,0.00020265539289617308,1.4082689357269149e-05,14.39038903468947
numeric__w1m_speed_median_log1p,0.0002201631109819534,3.705047335658935e-05,5.942248103573816
numeric__w1m_speed_min_log1p,8.893750764084004e-05,1.4418095559759024e-05,6.168463865685645
numeric__w1m_speed_q10_log1p,0.0001571900678941374,1.272765421990196e-05,12.350277028901811
numeric__w1m_speed_q90_log1p,0.00023334841095410715,1.0546533857372584e-05,22.125599934938283
numeric__w1m_speed_first_log1p,0.0002714524627401411,2.8224127388127563e-05,9.617744753964738
numeric__w1m_speed_last_log1p,0.00011618297796807238,8.952926659188564e-06,12.977093347652767
numeric__w1m_speed_change_abs_mean_log1p,0.0003820979361694531,9.442180315262312e-06,40.46712548845374
numeric__w1m_valid_speed_mean_log1p,0.0004066594490085552,0.0001007757329765223,4.035291363923924
numeric__w1m_valid_speed_median_log1p,0.00027371115596992626,5.2897302417974044e-05,5.174387696234088
numeric__w1m_alt_median_log1p,0.002122109883768792,0.000542578015257169,3.911160828829016
numeric__w1m_alt_iqr_log1p,0.0003440196307210585,3.2476189794244135e-05,10.59297972784512
numeric__w1m_receive_lag_median_signed_log1p,0.0006990243882094135,5.63066042169176e-05,12.414607229764016
numeric__w1m_receive_lag_p95_signed_log1p,0.0005397590904791477,2.1439672143734224e-05,25.175714520484334
numeric__w1m_receive_lag_max_signed_log1p,0.0005805785912717873,3.9644134562927656e-05,14.644753455406468
numeric__w1m_event_gap_median_signed_log1p,0.00027068626089557323,9.60634996188201e-06,28.17784421677451
numeric__w1m_event_gap_p95_signed_log1p,0.00034887806408673354,1.3103464540472585e-05,26.62486981090279
numeric__w1m_event_gap_max_signed_log1p,0.00012839714467982618,2.2325494839305725e-05,5.751144144972283
numeric__w1m_target_distance_first_m_log1p,0.0010008909600203843,0.00013253012357293447,7.552177010665755
numeric__w1m_target_distance_last_m_log1p,0.00039457067116234853,3.4774948088327636e-05,11.346405429959
numeric__w1m_path_m_log1p,0.0003110782825819331,1.8488653986906577e-05,16.825360352185417
numeric__w1m_step_median_log1p,0.00041965926854588433,7.872148576404635e-05,5.330936772113291
numeric__w1m_step_p95_log1p,0.00039390146788237975,8.182062530651906e-05,4.814207439658717
numeric__w1m_trajectory_speed_kmh_log1p,0.0003258005680920889,3.288994781554153e-05,9.905779115659126
numeric__w3m_speed_mean_log1p,0.00034383662706785373,4.417360434700994e-05,7.783757390115942
numeric__w3m_speed_median_log1p,0.00024596726804025426,2.254671092855674e-05,10.909230082845127
numeric__w3m_speed_min_log1p,1.2053984018287002e-05,2.6103482361328405e-06,4.617766792057543
numeric__w3m_speed_q10_log1p,0.0001394974410971474,1.4923302764759611e-05,9.347624580728654
numeric__w3m_speed_first_log1p,0.00035053663102919735,1.443157865893217e-05,24.289553833577667
numeric__w3m_speed_last_log1p,0.00011573830190949386,6.003872100995601e-06,19.27727318059094
numeric__w3m_speed_change_abs_mean_log1p,0.0005880788888561276,7.172650883087617e-05,8.198905679960701
numeric__w3m_valid_speed_mean_log1p,0.0006624552745338258,9.396446277230352e-05,7.050061778026
numeric__w3m_valid_speed_median_log1p,0.0004899854323226121,8.252353022787868e-05,5.937523819352532
numeric__w3m_alt_median_log1p,0.0022997803299759354,0.00015936505967083762,14.430894201622042
numeric__w3m_alt_iqr_log1p,0.0006682333180012803,8.199609398825829e-05,8.149574904719186
numeric__w3m_receive_lag_median_signed_log1p,0.0010249194455093453,7.447844749779696e-05,13.761288885329856
numeric__w3m_receive_lag_p95_signed_log1p,0.0008364814563501372,0.00010263631851123316,8.149955691450797
numeric__w3m_receive_lag_max_signed_log1p,0.000745964175980665,6.738185658783129e-05,11.07069770239432
numeric__w3m_event_gap_median_log1p,0.00025715430040702434,1.926290008564734e-05,13.349718158425695
numeric__w3m_event_gap_p95_log1p,0.00030712796919429755,4.965217287750585e-05,6.185589576641621
numeric__w3m_event_gap_max_log1p,0.00026791796008061896,2.2962593345071645e-05,11.667582332138396
numeric__w3m_target_distance_first_m_log1p,0.0014059424661156624,0.00022744864261787373,6.181362279204106
numeric__w3m_target_distance_last_m_log1p,0.0003612166945289004,5.097136140261881e-05,7.08665959672959
numeric__w3m_path_m_log1p,0.00038849982225270684,7.941121177129857e-05,4.892253986493977
numeric__w3m_step_median_log1p,0.00036876948786969063,1.674885093102347e-05,22.017597945721185
numeric__w3m_step_p95_log1p,0.0006812573667873935,0.000139284345624422,4.891126557274903
numeric__w3m_trajectory_speed_kmh_log1p,0.000996194798971587,0.00047905461665546635,2.0795015062103945
numeric__w5m_speed_mean_log1p,0.00024435092301050424,9.599957758647795e-06,25.453330493778324
numeric__w5m_speed_median_log1p,0.0003179201075141604,3.899799672500199e-05,8.152216166481253
numeric__w5m_speed_min_log1p,1.5346899864765054e-05,6.197103738659861e-06,2.4764628825821426
numeric__w5m_speed_q10_log1p,8.766296140899723e-05,8.464218297096568e-06,10.35688683527703
numeric__w5m_speed_first_log1p,0.00031963074725961584,1.745824961280462e-05,18.30829184140507
numeric__w5m_speed_last_log1p,0.00011075958908196475,1.4729381815763208e-05,7.519635443477726
numeric__w5m_speed_change_abs_mean_log1p,0.0006121004103063945,7.277657103637068e-05,8.41067933236114
numeric__w5m_valid_speed_mean_log1p,0.0004830093515976624,2.4014928612905037e-05,20.112878088058395
numeric__w5m_valid_speed_median_log1p,0.000457906251534952,2.935832359201849e-05,15.5971520138939
numeric__w5m_alt_median_log1p,0.002788315412496041,0.0003228120357322092,8.637581921423537
numeric__w5m_alt_iqr_log1p,0.0006436227521557734,9.5450970976332e-05,6.742966979061941
numeric__w5m_receive_lag_p95_signed_log1p,0.0009598157151779832,4.301476723862509e-05,22.313632142649023
numeric__w5m_receive_lag_max_signed_log1p,0.0009490021370669556,5.8392598009552385e-05,16.252096210201387
numeric__w5m_event_gap_median_log1p,0.00025536658547315697,1.3918314465138216e-05,18.34752101378822
numeric__w5m_event_gap_p95_log1p,0.00024926566790468477,2.880493263893958e-05,8.653575496098979
numeric__w5m_event_gap_max_log1p,0.0004063845227237444,2.767450065885608e-05,14.684438684145116
numeric__w5m_target_distance_first_m_log1p,0.001512528939057546,0.00040284017611406757,3.7546625808112006
numeric__w5m_target_distance_last_m_log1p,0.00033989610190083295,2.007967763062475e-05,16.927367621433767
numeric__w5m_path_m_log1p,0.0005285868176892331,8.654152794929657e-05,6.107897839416779
numeric__w5m_step_median_log1p,0.0003486912167360404,1.1877672003469208e-05,29.35686279915227
numeric__w5m_step_p95_log1p,0.0006150060301871278,7.783721976230043e-05,7.901181776071314
numeric__w5m_trajectory_speed_kmh_log1p,0.0006874485262065111,6.131861098052973e-05,11.211090792870428
numeric__w10m_speed_mean_log1p,0.00035934346761993846,2.4545719235193944e-05,14.639760584605195
numeric__w10m_speed_median_log1p,0.0004606383688225852,5.218515694104094e-05,8.82699961056009
numeric__w10m_speed_min_log1p,1.670396498059518e-06,7.47221400119453e-07,2.235474335074114
numeric__w10m_speed_q10_log1p,4.737883434749702e-05,1.0727085491948875e-05,4.41674767729866
numeric__w10m_speed_iqr_log1p,0.0005093224703462939,4.697394905506814e-05,10.842657893347459
numeric__w10m_speed_first_log1p,0.0003250132839416049,1.9712557609692426e-05,16.487625496864716
numeric__w10m_speed_last_log1p,0.00010902332943081102,8.956217003748702e-06,12.172920465444049
numeric__w10m_speed_change_abs_mean_log1p,0.0009658931425501921,8.67102700293731e-05,11.13931638182743
numeric__w10m_valid_speed_mean_log1p,0.0005801534209051407,3.486875741472259e-05,16.638201280495934
numeric__w10m_valid_speed_median_log1p,0.0007265468495775576,6.948109663717279e-05,10.456755495883975
numeric__w10m_alt_median_log1p,0.0032877803676663745,0.00012874977912464923,25.536201805419058
numeric__w10m_alt_iqr_log1p,0.0007209212531065408,6.072309299053564e-05,11.87227471016059
numeric__w10m_receive_lag_median_signed_log1p,0.001399416874330386,6.702035233021904e-05,20.880475926995718
numeric__w10m_receive_lag_p95_signed_log1p,0.0013301507040647867,0.00011866621539909764,11.209177678600879
numeric__w10m_receive_lag_max_signed_log1p,0.0015795800883831475,0.00012543028905456582,12.59329056558814
numeric__w10m_event_gap_median_log1p,0.00031503382334400505,1.5198868934558163e-05,20.727450442068886
numeric__w10m_event_gap_p95_log1p,0.000333723738521022,3.297115227562183e-05,10.121688365925927
numeric__w10m_event_gap_max_log1p,0.000610224471364076,0.00011606510466474819,5.257604926727052
numeric__w10m_target_distance_first_m_log1p,0.0015385446807199307,0.00023496111832122343,6.548082019546959
numeric__w10m_target_distance_last_m_log1p,0.00044411192506995897,4.211854798799332e-05,10.544331078370277
numeric__w10m_path_m_log1p,0.000551674097475778,3.026100393082357e-05,18.230527992606355
numeric__w10m_step_median_log1p,0.0005499515680287196,4.701349002832194e-05,11.697739436057127
numeric__w10m_step_p95_log1p,0.0007885933044054665,0.00015485273522567356,5.092537100902212
numeric__w10m_trajectory_speed_kmh_log1p,0.0007682342304736497,0.0001712278122553973,4.486620577976891
numeric__w15m_speed_mean_log1p,0.00043363046238321685,5.3468880108949346e-05,8.10995953888846
numeric__w15m_speed_median_log1p,0.0005568306994721762,5.4865228484596475e-05,10.149063527174484
numeric__w15m_speed_q10_log1p,3.527102654456454e-05,1.285163665984685e-05,2.744477200346532
numeric__w15m_speed_iqr_log1p,0.0004987287826593243,5.174737713706502e-05,9.63775945011793
numeric__w15m_speed_first_log1p,0.00030847387483782954,1.8355314685568398e-05,16.805697059210083
numeric__w15m_speed_last_log1p,0.00010392169411967809,9.022191827350272e-06,11.518451900589545
numeric__w15m_speed_change_abs_mean_log1p,0.0013595945577519327,0.0001633184141742001,8.324808664728655
numeric__w15m_valid_speed_mean_log1p,0.000634927256643871,4.992939700204338e-05,12.716501340911146
numeric__w15m_valid_speed_median_log1p,0.0008310608498623047,0.00010040520532992449,8.277069289928022
numeric__w15m_alt_median_log1p,0.0018419305330365254,0.0002054613835364723,8.964850194074092
numeric__w15m_alt_iqr_log1p,0.0010398816451705679,0.00011002040781657061,9.451715880317172
numeric__w15m_receive_lag_median_signed_log1p,0.0018566296806724464,0.00012356928872075403,15.025008923075625
numeric__w15m_receive_lag_p95_signed_log1p,0.0014379180983529654,6.436230371745481e-05,22.340997648628445
numeric__w15m_receive_lag_max_signed_log1p,0.0016358152813074692,0.0001357963893661691,12.046088094805496
numeric__w15m_event_gap_median_log1p,0.00038453351477157465,7.722476350608105e-05,4.979406764539822
numeric__w15m_event_gap_p95_log1p,0.0003985340974943175,9.994757666840886e-05,3.987431279390426
numeric__w15m_event_gap_max_log1p,0.0007408047862604362,0.00016715467015790368,4.4318521350841005
numeric__w15m_target_distance_first_m_log1p,0.0014758579348930834,0.00016978567150434607,8.69247630335419
numeric__w15m_target_distance_last_m_log1p,0.0003914356411865357,4.337432907122716e-05,9.024592207965854
numeric__w15m_path_m_log1p,0.0005667795428125684,8.210366883983422e-05,6.903218137730357
numeric__w15m_step_median_log1p,0.0006828334940227563,5.0357359097656435e-05,13.559755568968644
numeric__w15m_step_p95_log1p,0.0007359012140588506,1.9780740646274102e-05,37.202913177801136
numeric__w15m_trajectory_speed_kmh_log1p,0.0006033303519373702,2.7534620190954945e-05,21.911699738057873
numeric__w30m_speed_mean_log1p,0.001173116485961919,0.00014012018090916583,8.37221640721536
numeric__w30m_speed_median_log1p,0.0007900743018059121,7.137348860364913e-05,11.069576479913598
numeric__w30m_speed_std_log1p,0.001831853210993988,0.00013434671329050544,13.635266189189183
numeric__w30m_speed_q10_log1p,6.0993120653070505e-05,3.2277898343001756e-05,1.8896248484117835
numeric__w30m_speed_q90_log1p,0.0010639663821070246,8.832205275061647e-05,12.046440689787497
numeric__w30m_speed_iqr_log1p,0.0008115272667998666,5.408917378801758e-05,15.00350615405663
numeric__w30m_speed_first_log1p,0.0004073653954560776,1.8143444095018564e-05,22.452483159767887
numeric__w30m_speed_last_log1p,0.00010608600979992555,6.631901250485798e-06,15.996316862504203
numeric__w30m_valid_speed_mean_log1p,0.0009321597085002935,0.00010157242355183371,9.177291106451834
numeric__w30m_valid_speed_median_log1p,0.001203359105003223,0.0001532087978213383,7.8543733405709855
numeric__w30m_alt_median_log1p,0.0027546559920647905,0.00023715133625368506,11.615603875419371
numeric__w30m_alt_iqr_log1p,0.0021989622765919334,0.0002906350238427142,7.5660608276031684
numeric__w30m_receive_lag_median_signed_log1p,0.002484401615629528,0.0001307585587249913,18.99991572907097
numeric__w30m_receive_lag_p95_log1p,0.0025668242240148203,0.00016884373955182284,15.202365309047336
numeric__w30m_receive_lag_max_log1p,0.0035638395120383345,0.0004498907085332373,7.921567252935334
numeric__w30m_event_gap_p95_log1p,0.0007350931331083245,0.00018978772789744766,3.873238472153983
numeric__w30m_event_gap_max_log1p,0.0026025454944426604,0.00046043903917022104,5.652312830555197
numeric__w30m_target_distance_first_m_log1p,0.0015897135599138433,0.00019188575924187435,8.284687503178922
numeric__w30m_target_distance_last_m_log1p,0.000814385309273374,0.00014581240934541877,5.585157719731508
numeric__w30m_path_m_log1p,0.0006840473696269431,3.0380944526808096e-05,22.51567085110438
numeric__w30m_step_median_log1p,0.0008074600418076572,6.582374139898418e-05,12.267002944216042
numeric__w30m_step_p95_log1p,0.0013034924550340895,0.00010363641382718054,12.577552564006922
numeric__w30m_trajectory_speed_kmh_log1p,0.000754430303375263,2.1821170663362508e-05,34.573317831596675
numeric__city_speed_median_log1p,0.00028316255027789443,1.3288661824995214e-05,21.308581157261504
numeric__local_speed_mean_300m_log1p,6.836944524104216e-05,4.29903571283086e-06,15.903433677825413
numeric__local_speed_median_300m_log1p,7.63869794728091e-05,4.585515667533626e-06,16.658314648302156
numeric__target_area_speed_mean_300m_log1p,4.637754105956479e-05,4.582276022554144e-06,10.121068811704912
numeric__target_area_speed_median_300m_log1p,5.499872734534429e-05,9.90395967846189e-06,5.553205341873968
numeric__local_speed_mean_500m_log1p,9.494428827508408e-05,3.6199826041222113e-06,26.22782273570727
numeric__local_speed_median_500m_log1p,9.045249348877031e-05,1.1031314044471638e-05,8.199611118358979
numeric__target_area_speed_mean_500m_log1p,5.954750488501525e-05,6.114443490106967e-06,9.73882500386777
numeric__target_area_speed_median_500m_log1p,6.184997235815712e-05,3.8635907887932665e-06,16.00841282910869
numeric__local_speed_mean_1000m_log1p,0.0001710691564292776,7.6286621309531695e-06,22.424526223365067
numeric__local_speed_median_1000m_log1p,0.0001666760925866256,1.589407728038277e-05,10.486678726903289
numeric__target_area_speed_mean_1000m_log1p,0.0001392386877154976,2.0918693687327915e-05,6.656184326828258
numeric__target_area_speed_median_1000m_log1p,0.00014115341316919768,1.5699209288184337e-05,8.991115513334684
numeric__local_speed_mean_2000m_log1p,0.00032965657165476877,3.59571301961744e-05,9.168044298535197
numeric__local_speed_median_2000m_log1p,0.00029976619246627797,8.987971224378758e-06,33.35192688437548
numeric__target_area_speed_mean_2000m_log1p,0.0003114716517014336,1.0596873383835643e-05,29.39278511940739
numeric__target_area_speed_median_2000m_log1p,0.00029243804395144514,9.284169030519304e-06,31.498566160478628
numeric__speed_recent_vs_required_signed_log1p,0.0007554320310729011,8.225150914049961e-05,9.18441533514089
numeric__speed_15m_vs_required_signed_log1p,0.0017713161576556283,0.00018259455045660283,9.700816062283305
numeric__cur_dev_x_required_speed_signed_log1p,0.013104839860976464,0.0022239926088998044,5.892483546322064
numeric__cur_dev_x_distance_km_signed_log1p,0.007353206073083723,0.0006160914088663368,11.935251742398142
numeric__planned_vs_straight_distance_m_log1p,0.0037590046561147097,0.00022419073355277807,16.766993799334646
numeric__cur_dev_x_w5_speed_signed_log1p,0.007149580840279943,0.0014362806058909,4.977844027119852
numeric__distance_x_valid_age_log1p,0.0004410407889961955,3.789980307264728e-05,11.637020290416213
numeric__missingindicator_planned_gap_prev_s,6.127716026652723e-07,3.7758050413627775e-07,1.622885644430584
numeric__missingindicator_planned_gap_next_s,9.767591056360253e-08,9.384549773881155e-08,1.0408050690975041
numeric__missingindicator_prev_segment_m,2.3209942150519902e-07,1.8268232360068369e-07,1.2705014170452196
numeric__missingindicator_next_segment_m,5.26360603718629e-08,3.477515932234316e-08,1.5135673805716958
numeric__missingindicator_planned_speed_prev_kmh,2.8742563021152588e-05,1.5734198838671672e-05,1.826757211415914
numeric__missingindicator_planned_speed_next_kmh,5.619317858167412e-06,2.0474022983729437e-06,2.7446072117950786
numeric__missingindicator_stop_headway_prev_s,1.3787576525483775e-05,2.955363765591139e-06,4.665270658299248
numeric__missingindicator_stop_headway_next_s,2.619145659437134e-05,1.0742970685015697e-05,2.438008528953232
numeric__missingindicator_prev_stop_lon,4.0306458885515994e-07,4.4250032579427006e-07,0.910877697669441
numeric__missingindicator_prev_stop_lat,4.772886673301587e-07,3.212789761062831e-07,1.4855848569045775
numeric__missingindicator_next_stop_lon,8.282488453397265e-08,4.841553541954632e-08,1.7106735088800937
numeric__missingindicator_next_stop_lat,2.9379803378290892e-08,2.4176657781785435e-08,1.215163339784905
numeric__missingindicator_last_lon_any,1.1976006657064953e-05,2.429197276370178e-06,4.930024351474539
numeric__missingindicator_last_lat_any,1.1403765531830873e-05,4.131971034300937e-06,2.759884490302511
numeric__missingindicator_last_speed_kmh,1.0832821541745356e-05,4.669018688465618e-06,2.3201490386744013
numeric__missingindicator_last_alt_m,1.1973856484189566e-05,2.6578771140704234e-06,4.50504348593026
numeric__missingindicator_last_heading_deg,1.0359234769396105e-05,2.4941198475205196e-06,4.153461441010179
numeric__missingindicator_last_receive_lag_s,6.774376557938688e-11,1.163435027781488e-10,0.5773116020531972
numeric__missingindicator_last_gps_event_lag_s,1.2103692451474963e-05,2.930200806757945e-06,4.130668551073899
numeric__missingindicator_packet_age_s,8.119665422617589e-12,1.8156123839527488e-11,0.42386787069433934
numeric__missingindicator_event_age_s,5.7869122725715554e-09,1.2457265111211037e-08,0.46450386317144476
numeric__missingindicator_receive_age_s,6.233999643630816e-09,1.0916411062759634e-08,0.5710144655902537
numeric__missingindicator_last_valid_lon,2.1382906656908862e-10,4.781363284138099e-10,0.4462802210739768
numeric__missingindicator_last_valid_lat,3.8723472317349807e-10,6.217042142814165e-10,0.6218598080636989
numeric__missingindicator_last_valid_speed_kmh,4.587545867199815e-08,9.326866725875167e-08,0.49185828598196873
numeric__missingindicator_last_valid_alt_m,6.5570415275100175e-09,1.4661990586801458e-08,0.44718309601945616
numeric__missingindicator_last_valid_heading_deg,1.255762258239686e-08,2.7227641871683253e-08,0.46119166139741646
numeric__missingindicator_valid_age_s,5.58650234414638e-09,1.0160658612802115e-08,0.5497628445329047
numeric__missingindicator_distance_to_target_m,6.226300061658546e-09,8.279338931543725e-09,0.75193782683697
numeric__missingindicator_bearing_to_target_deg,6.382409927550969e-09,1.2832669000948105e-08,0.49731763590594863
numeric__missingindicator_heading_error_deg,1.7340792697772307e-10,3.877519125595085e-10,0.44606321248947817
numeric__missingindicator_heading_error_abs_deg,3.686065672965619e-09,7.578301728969447e-09,0.4863331484583622
numeric__missingindicator_heading_alignment,0.0,0.0,0.0
numeric__missingindicator_last_heading_sin,8.258027047393165e-08,1.7986054982658436e-07,0.4591324302139751
numeric__missingindicator_last_heading_cos,2.833931612144335e-09,6.336863728340302e-09,0.44714303330192573
numeric__missingindicator_bearing_sin,2.489312889244355e-09,5.180898576424495e-09,0.48038626239612325
numeric__missingindicator_bearing_cos,3.1043528234686014e-08,4.9577611799570793e-08,0.6261475888067274
numeric__missingindicator_projected_speed_kmh,1.2415289002109236e-10,2.7761430169021786e-10,0.44560846039818125
numeric__missingindicator_required_speed_kmh,4.990008287240129e-10,4.722586187304218e-10,1.0543935365881933
numeric__missingindicator_speed_margin_kmh,2.2349601053776528e-10,4.997522722624525e-10,0.4463205119928589
numeric__missingindicator_projected_speed_margin_kmh,0.0,0.0,0.0
numeric__missingindicator_speed_to_required_ratio,5.412820981296455e-09,1.196870044565212e-08,0.4522102291425857
numeric__missingindicator_eta_last_speed_s,1.5942564208343007e-05,3.9773958197429025e-06,4.00829108355689
numeric__missingindicator_eta_projected_speed_s,2.8258254199701452e-05,6.430092235819239e-06,4.3946880960119
numeric__missingindicator_eta_margin_last_speed_s,1.6449073325660913e-05,4.0262238623809014e-06,4.085483023899907
numeric__missingindicator_eta_margin_projected_s,2.7589964835545144e-05,3.280095790928226e-06,8.411326431540312
numeric__missingindicator_distance_prev_stop_m,5.520463802132942e-07,2.707340508645833e-07,2.0390650506846186
numeric__missingindicator_distance_next_stop_m,5.961559912330069e-08,2.023864849514673e-08,2.945485893077438
numeric__missingindicator_future_gap_mean_s,2.7837507146074272e-05,4.92755089764578e-06,5.649358489633383
numeric__missingindicator_future_gap_max_s,2.8113986648882597e-05,2.1310425865684433e-05,1.3192596669264163
numeric__missingindicator_distance_to_first_future_stop_m,3.534137700326399e-10,7.902572139774608e-10,0.446648401796065
numeric__missingindicator_route_proxy_m,1.9952360047067865e-10,2.736859980972667e-10,0.7263697525638968
numeric__missingindicator_route_proxy_required_speed_kmh,5.450273883513088e-10,7.742868677859549e-10,0.7030009290725955
numeric__missingindicator_straight_to_route_ratio,7.034837343090268e-10,1.573037450980385e-09,0.4469294767229737
numeric__missingindicator_w1m_span_s,4.450736374778504e-06,3.5130457522391433e-06,1.2669163517228164
numeric__missingindicator_w1m_packets_per_min,3.7202226193833853e-06,2.483333476795786e-06,1.4980755327746023
numeric__missingindicator_w1m_valid_share,3.617600655135574e-06,1.5582625164307105e-06,2.321558977021993
numeric__missingindicator_w1m_hist_share,3.5468065396256153e-06,3.0080569658851694e-06,1.1791017925354077
numeric__missingindicator_w1m_speed_outlier_share,3.2311495158510797e-06,1.7681538966133017e-06,1.8274131537004912
numeric__missingindicator_w1m_alt_outlier_share,4.082025400102817e-06,1.5212356030704308e-06,2.6833599664008516
numeric__missingindicator_w1m_speed_mean,5.4066228414738245e-06,3.0200032296174117e-06,1.7902699567274318
numeric__missingindicator_w1m_speed_median,2.8019079405806722e-06,2.039959010387831e-06,1.3735112091966852
numeric__missingindicator_w1m_speed_std,3.2569587452507997e-06,2.37672451788483e-06,1.370355441022628
numeric__missingindicator_w1m_speed_min,2.6779337338821565e-06,1.4710168597838183e-06,1.820463100479084
numeric__missingindicator_w1m_speed_max,4.510066399801835e-06,3.470152303753654e-06,1.2996735316919026
numeric__missingindicator_w1m_speed_q10,4.536392607442895e-06,1.8492686015301424e-06,2.4530726096883573
numeric__missingindicator_w1m_speed_q90,3.4062336303231214e-06,2.3421432008541247e-06,1.4543227650462123
numeric__missingindicator_w1m_speed_iqr,3.765454378390988e-06,2.3225234327769317e-06,1.6212765408408703
numeric__missingindicator_w1m_stopped_share,3.258608350396499e-06,3.5050597502513753e-06,0.9296866966322336
numeric__missingindicator_w1m_slow_share,3.0543502023967895e-06,1.6331608473443172e-06,1.8702066836568985
numeric__missingindicator_w1m_fast_share,4.378539396384372e-06,2.365388985986201e-06,1.8510856232270851
numeric__missingindicator_w1m_speed_first,4.477162926296695e-06,2.0299238462622415e-06,2.2055806324754452
numeric__missingindicator_w1m_speed_last,3.8435202351513796e-06,2.979586172285589e-06,1.289950591444882
numeric__missingindicator_w1m_speed_delta,5.470971085873509e-06,3.537852861695149e-06,1.5464095747731408
numeric__missingindicator_w1m_speed_slope,2.7664992956046293e-06,1.9354130662138113e-06,1.4294095221787055
numeric__missingindicator_w1m_speed_change_abs_mean,3.5176100343420838e-06,2.0868432860788776e-06,1.6856121263132553
numeric__missingindicator_w1m_stop_transitions,2.0534231158935852e-06,7.545670101636724e-07,2.7213227810282863
numeric__missingindicator_w1m_valid_speed_mean,8.715760906642084e-06,7.625326839481874e-06,1.143001466968311
numeric__missingindicator_w1m_valid_speed_median,7.716561665458899e-06,4.174422780498581e-06,1.8485333716015904
numeric__missingindicator_w1m_alt_median,2.5580350482768578e-06,1.1183460795297854e-06,2.2873355643333877
numeric__missingindicator_w1m_alt_iqr,4.306779073143626e-06,3.892821095621404e-06,1.1063385295690331
numeric__missingindicator_w1m_receive_lag_median,4.435045853164666e-06,2.0780009342061048e-06,2.1342837945235424
numeric__missingindicator_w1m_receive_lag_p95,4.330795869479101e-06,1.4179233740143897e-06,3.0543207725655117
numeric__missingindicator_w1m_receive_lag_max,3.482387924309252e-06,3.1268576746209608e-06,1.1137017328521854
numeric__missingindicator_w1m_receive_lag_negative_share,3.882919215028399e-06,2.4314436398377924e-06,1.5969597462385319
numeric__missingindicator_w1m_gps_event_lag_median,3.367227020252604e-06,1.4041977340854056e-06,2.3979704143842393
numeric__missingindicator_w1m_gps_event_lag_abs_median,1.796240155136775e-06,8.257549739332638e-07,2.1752675267741317
numeric__missingindicator_w1m_event_gap_median,2.5687313388398997e-06,1.7850449817907456e-06,1.4390281063028787
numeric__missingindicator_w1m_event_gap_p95,3.5540399240086513e-06,4.277520841098712e-06,0.8308642377605653
numeric__missingindicator_w1m_event_gap_max,2.344584756678342e-06,2.1275748871436274e-06,1.1019981805800871
numeric__missingindicator_w1m_event_time_backwards_share,2.3084620368905784e-06,1.6390720103847063e-06,1.4083948806824413
numeric__missingindicator_w1m_heading_resultant,4.514814768427476e-06,4.933955313205292e-06,0.9150496035694476
numeric__missingindicator_w1m_valid_n,1.591890340755931e-05,9.188506270411435e-06,1.7324798184380725
numeric__missingindicator_w1m_target_distance_first_m,1.164638280484087e-05,5.314585935653146e-06,2.191399434396413
numeric__missingindicator_w1m_target_distance_last_m,6.14482690608286e-06,2.9490343211811506e-06,2.083673553161014
numeric__missingindicator_w1m_target_progress_m,9.89260881246637e-06,1.1119468724901374e-05,0.8896655197785626
numeric__missingindicator_w1m_path_m,1.1612131092159604e-05,3.630016592970091e-06,3.198918681454247
numeric__missingindicator_w1m_displacement_m,6.881921839294966e-06,3.6451352627978625e-06,1.8879738213168127
numeric__missingindicator_w1m_tortuosity,1.2520741349021775e-05,5.710524911602493e-06,2.192572372989757
numeric__missingindicator_w1m_step_median,9.833337417522674e-06,6.351959367700974e-06,1.5480791516779802
numeric__missingindicator_w1m_step_p95,1.3027794690600915e-05,9.14276348939326e-06,1.424929484480845
numeric__missingindicator_w1m_trajectory_speed_kmh,1.2087402576160292e-05,5.061925693174895e-06,2.3879054970230995
numeric__missingindicator_w1m_target_progress_kmh,1.0165114372927985e-05,5.962398807988444e-06,1.7048696330810842
numeric__missingindicator_w3m_span_s,1.3994874300688604e-06,1.5542960862139314e-06,0.9003989279024079
numeric__missingindicator_w3m_packets_per_min,1.10495417373009e-06,8.450770319114491e-07,1.3075173321342137
numeric__missingindicator_w3m_valid_share,2.8584575242173297e-07,1.847532170486031e-07,1.547167674914483
numeric__missingindicator_w3m_hist_share,5.852567375319586e-07,4.430460958622144e-07,1.3209808686207274
numeric__missingindicator_w3m_speed_outlier_share,3.698194880960172e-07,2.347102799643427e-07,1.5756357689847718
numeric__missingindicator_w3m_alt_outlier_share,4.02638674569824e-07,2.4994416985406735e-07,1.610908003562974
numeric__missingindicator_w3m_speed_mean,1.045595273155507e-06,8.223139300326461e-07,1.2715265587042142
numeric__missingindicator_w3m_speed_median,2.191676893339274e-06,2.833844194679648e-06,0.7733933023067028
numeric__missingindicator_w3m_speed_std,1.0823952287218987e-06,1.4750413599299065e-06,0.7338061998255655
numeric__missingindicator_w3m_speed_min,7.409900948067352e-07,6.939397432083444e-07,1.0678002438376284
numeric__missingindicator_w3m_speed_max,8.008211723401469e-07,1.0064289193071174e-06,0.7957048543344944
numeric__missingindicator_w3m_speed_q10,9.237024673289389e-07,3.873994400729338e-07,2.3843609138777397
numeric__missingindicator_w3m_speed_q90,1.5482236106573157e-06,1.5211652548095794e-06,1.0177872443345277
numeric__missingindicator_w3m_speed_iqr,7.549929547784947e-07,8.221543499824512e-07,0.9183093618433668
numeric__missingindicator_w3m_stopped_share,7.119623265261111e-07,5.413850885799149e-07,1.3150731826036144
numeric__missingindicator_w3m_slow_share,4.4474930992330307e-07,2.7694751439730264e-07,1.6058916614561727
numeric__missingindicator_w3m_fast_share,1.1495935950636123e-06,9.563180509584018e-07,1.202102576448221
numeric__missingindicator_w3m_speed_first,7.530536572467701e-07,7.397370826014177e-07,1.0180003908931197
numeric__missingindicator_w3m_speed_last,4.7221861833128945e-07,3.2524061487432517e-07,1.451900976797686
numeric__missingindicator_w3m_speed_delta,5.966634313466927e-07,7.232691616044271e-07,0.8249523663787217
numeric__missingindicator_w3m_speed_slope,4.426398307380314e-07,2.878938025263164e-07,1.5375054598200668
numeric__missingindicator_w3m_speed_change_abs_mean,7.973957711615108e-07,1.0808793488770128e-06,0.7377280676718473
numeric__missingindicator_w3m_stop_transitions,5.025510766853075e-07,6.381474266227819e-07,0.7875144021664605
numeric__missingindicator_w3m_valid_speed_mean,6.461068912266132e-06,5.143203371983573e-06,1.2562341382857203
numeric__missingindicator_w3m_valid_speed_median,2.268221588443008e-06,2.133377632754182e-06,1.0632062933501611
numeric__missingindicator_w3m_alt_median,3.012041617527863e-07,1.781205941340076e-07,1.6910030657269948
numeric__missingindicator_w3m_alt_iqr,5.019594618164095e-07,5.159051659504143e-07,0.9729665876190646
numeric__missingindicator_w3m_receive_lag_median,5.239952497803721e-07,3.69543686237746e-07,1.4179482733605338
numeric__missingindicator_w3m_receive_lag_p95,2.625636434031704e-07,2.71154548392222e-07,0.9683137408030332
numeric__missingindicator_w3m_receive_lag_max,5.070484906688902e-07,6.201881663343373e-07,0.817570699704138
numeric__missingindicator_w3m_receive_lag_negative_share,4.6860049701513315e-07,4.5906613754906773e-07,1.0207668087874107
numeric__missingindicator_w3m_gps_event_lag_median,6.393352922764043e-07,4.1045048858528896e-07,1.5576391121884186
numeric__missingindicator_w3m_gps_event_lag_abs_median,4.995401064580011e-07,3.2359195628846305e-07,1.5437298518101616
numeric__missingindicator_w3m_event_gap_median,1.0858151089208517e-06,1.8616063669527885e-06,0.5832675182727661
numeric__missingindicator_w3m_event_gap_p95,3.27830511267447e-06,5.501952186063794e-06,0.5958438761308025
numeric__missingindicator_w3m_event_gap_max,5.451254414005205e-07,3.5781908206428823e-07,1.5234624011476803
numeric__missingindicator_w3m_event_time_backwards_share,7.34531351390743e-07,3.496273127293116e-07,2.1008920749488333
numeric__missingindicator_w3m_heading_resultant,7.700090080322679e-07,7.205422067756243e-07,1.0686507079540717
numeric__missingindicator_w3m_valid_n,2.0780848502293824e-06,4.228735647662842e-07,4.914187381730811
numeric__missingindicator_w3m_target_distance_first_m,3.1240827230836796e-06,1.413956117309195e-06,2.209460728928546
numeric__missingindicator_w3m_target_distance_last_m,5.147276930207523e-06,3.466864517357973e-06,1.4847062582716382
numeric__missingindicator_w3m_target_progress_m,4.2805768283023894e-06,3.333011879871071e-06,1.2842965156702224
numeric__missingindicator_w3m_path_m,2.7345089313822394e-06,1.032324492612163e-06,2.648882499707458
numeric__missingindicator_w3m_displacement_m,3.8871556377236174e-06,3.078727140917504e-06,1.262584892138346
numeric__missingindicator_w3m_tortuosity,7.927840357650241e-06,4.230706675085971e-06,1.8738804395151554
numeric__missingindicator_w3m_step_median,3.5911558383664164e-06,3.4199554099322294e-06,1.0500589504407103
numeric__missingindicator_w3m_step_p95,4.442905310908321e-06,2.273186759383512e-06,1.9544823310650046
numeric__missingindicator_w3m_trajectory_speed_kmh,4.8729773018235425e-06,4.334469978283862e-06,1.124238073397573
numeric__missingindicator_w3m_target_progress_kmh,5.202253548629707e-06,3.8413620420002434e-06,1.3542728171614915
numeric__missingindicator_w5m_span_s,7.20506035259379e-08,1.411721289840333e-07,0.5103705219573821
numeric__missingindicator_w5m_packets_per_min,3.254607758571896e-08,5.4733181263381784e-08,0.5946207074717479
numeric__missingindicator_w5m_valid_share,1.0892951302163316e-06,2.414394755677677e-06,0.45116676818816986
numeric__missingindicator_w5m_hist_share,3.373342164793589e-07,6.766958322448776e-07,0.4985012496072792
numeric__missingindicator_w5m_speed_outlier_share,2.6393425481005846e-07,5.761528645479593e-07,0.4580968228289797
numeric__missingindicator_w5m_alt_outlier_share,1.155204017838522e-08,1.0726609525529166e-08,1.0768512920696922
numeric__missingindicator_w5m_speed_mean,1.9833549643766165e-08,3.105634515646655e-08,0.6386105941716836
numeric__missingindicator_w5m_speed_median,7.279737840804709e-08,1.4576747376789564e-07,0.49940413401021794
numeric__missingindicator_w5m_speed_std,4.368590896143102e-08,8.65632487190951e-08,0.5046645654280877
numeric__missingindicator_w5m_speed_min,9.207703601575698e-08,9.886487735477495e-08,0.9313328165322745
numeric__missingindicator_w5m_speed_max,4.77590509488526e-07,5.486827647032689e-07,0.8704294535611228
numeric__missingindicator_w5m_speed_q10,3.074921081983834e-07,6.469848803175145e-07,0.4752686535407522
numeric__missingindicator_w5m_speed_q90,1.5746612930475447e-08,2.280171553985844e-08,0.6905586706526622
numeric__missingindicator_w5m_speed_iqr,2.2594879656290282e-07,4.619918640123969e-07,0.4890742133991919
numeric__missingindicator_w5m_stopped_share,1.1811650289947623e-07,7.766129932624224e-08,1.520898865011642
numeric__missingindicator_w5m_slow_share,4.351953137366351e-07,8.40433988968308e-07,0.5178215084439397
numeric__missingindicator_w5m_fast_share,7.783517307802702e-08,8.3917620009807e-08,0.9275077815737551
numeric__missingindicator_w5m_speed_first,2.1199039948692337e-07,2.874883358668552e-07,0.7373852628227657
numeric__missingindicator_w5m_speed_last,2.0603494666516242e-07,3.5537670937157495e-07,0.5797632806781838
numeric__missingindicator_w5m_speed_delta,6.48946824215765e-09,3.820558331167844e-09,1.6981209443359482
numeric__missingindicator_w5m_speed_slope,1.5038762966483228e-07,1.330984702196889e-07,1.1298890177144072
numeric__missingindicator_w5m_speed_change_abs_mean,4.667435968572853e-08,7.573307476019444e-08,0.6162927299702142
numeric__missingindicator_w5m_stop_transitions,8.890349661222361e-07,1.8699022575363829e-06,0.47544436458897293
numeric__missingindicator_w5m_valid_speed_mean,5.19613262975546e-06,2.7615419921524524e-06,1.8816048290833942
numeric__missingindicator_w5m_valid_speed_median,3.819756801282248e-06,8.020282477629831e-07,4.762615343438283
numeric__missingindicator_w5m_alt_median,1.022424154110328e-06,1.5462286385087903e-06,0.6612369396154966
numeric__missingindicator_w5m_alt_iqr,3.1132537023712154e-07,6.899478939019781e-07,0.4512296098866591
numeric__missingindicator_w5m_receive_lag_median,1.0742215829561485e-08,6.373413074446655e-09,1.6852086151467343
numeric__missingindicator_w5m_receive_lag_p95,5.044042811482296e-08,7.676885320817101e-08,0.6570343175992204
numeric__missingindicator_w5m_receive_lag_max,1.298110418904976e-08,1.1100202343127472e-08,1.1693421836496924
numeric__missingindicator_w5m_receive_lag_negative_share,2.0304514242652181e-07,3.362738300905387e-07,0.6038071370725365
numeric__missingindicator_w5m_gps_event_lag_median,9.434960620566233e-08,1.02061773330448e-07,0.9244272238241773
numeric__missingindicator_w5m_gps_event_lag_abs_median,4.228979489128629e-08,7.408316075014271e-08,0.5708345004259877
numeric__missingindicator_w5m_event_gap_median,2.0096900142674646e-07,3.3825357760440915e-07,0.5941353487365986
numeric__missingindicator_w5m_event_gap_p95,1.323354486980465e-07,2.681147593962824e-07,0.493575793515558
numeric__missingindicator_w5m_event_gap_max,3.5006596302220595e-08,3.901171943135016e-08,0.8973123845883378
numeric__missingindicator_w5m_event_time_backwards_share,5.112383144261312e-09,5.718065249902507e-09,0.8939193593478345
numeric__missingindicator_w5m_heading_resultant,2.810173214546238e-07,5.771091986663461e-07,0.4869387546850351
numeric__missingindicator_w5m_valid_n,2.2778169246440652e-06,8.175341094587989e-07,2.7862007371793003
numeric__missingindicator_w5m_target_distance_first_m,2.5148062891226007e-06,1.076371130517058e-06,2.336372540521428
numeric__missingindicator_w5m_target_distance_last_m,1.8197637602036921e-06,1.0337623346594396e-06,1.76032917708693
numeric__missingindicator_w5m_target_progress_m,5.314969887129209e-06,4.183742524396577e-06,1.270386164002677
numeric__missingindicator_w5m_path_m,2.6208340769796105e-06,4.837505316674146e-07,5.417727708160452
numeric__missingindicator_w5m_displacement_m,4.373833821362386e-06,3.5994745385002595e-06,1.215130864088263
numeric__missingindicator_w5m_tortuosity,3.236424536291164e-06,1.565291849046032e-06,2.0676159980310413
numeric__missingindicator_w5m_step_median,1.5212936860482626e-06,5.14418606197637e-07,2.9573011365040984
numeric__missingindicator_w5m_step_p95,4.388302320090285e-06,1.929657201032033e-06,2.274134516539408
numeric__missingindicator_w5m_trajectory_speed_kmh,2.0066144298970605e-06,1.2360199158294606e-06,1.6234469855637315
numeric__missingindicator_w5m_target_progress_kmh,2.354770303811628e-06,1.5568344271914586e-06,1.5125364329996327
numeric__missingindicator_w10m_span_s,1.8594505915729195e-09,3.509822433174975e-09,0.5296339040113017
numeric__missingindicator_w10m_packets_per_min,0.0,0.0,0.0
numeric__missingindicator_w10m_valid_share,5.509487357431332e-09,1.2314268151582164e-08,0.4473704745700985
numeric__missingindicator_w10m_hist_share,2.492180118318338e-07,5.562464599249431e-07,0.44803442673780813
numeric__missingindicator_w10m_speed_outlier_share,4.528879485530602e-10,1.0126882391550703e-09,0.446772420809135
numeric__missingindicator_w10m_alt_outlier_share,3.4090396903345494e-08,5.759433100125297e-08,0.5918951468931374
numeric__missingindicator_w10m_speed_mean,3.0811706429239516e-07,6.849875510870761e-07,0.4498134513393161
numeric__missingindicator_w10m_speed_median,2.2124678114397365e-07,4.889603791413113e-07,0.45248314198662437
numeric__missingindicator_w10m_speed_std,1.0434122280794471e-08,1.4046893967116713e-08,0.7427534906811404
numeric__missingindicator_w10m_speed_min,7.423819251254407e-08,8.63966744979557e-08,0.8592614667458516
numeric__missingindicator_w10m_speed_max,3.182348994092485e-08,2.4676213568478828e-08,1.2895900849022208
numeric__missingindicator_w10m_speed_q10,4.510678981292393e-09,3.3570983396315067e-09,1.3432242075994005
numeric__missingindicator_w10m_speed_q90,3.7183945250739204e-09,4.382833221720041e-09,0.8482062015157983
numeric__missingindicator_w10m_speed_iqr,4.692497781882145e-09,7.541035082386212e-09,0.622179256742133
numeric__missingindicator_w10m_stopped_share,3.400516888664281e-09,3.987275878940468e-09,0.8526283015225286
numeric__missingindicator_w10m_slow_share,1.3896949577390243e-08,1.5399607024699235e-08,0.902363754565164
numeric__missingindicator_w10m_fast_share,2.151163617116483e-07,4.689262800478289e-07,0.45874141016002995
numeric__missingindicator_w10m_speed_first,2.2799087832820196e-10,4.977283158548909e-10,0.4571444433376383
numeric__missingindicator_w10m_speed_last,3.05801255535126e-10,4.3685763277639814e-10,0.6984033910659045
numeric__missingindicator_w10m_speed_delta,2.750072012998554e-07,5.820186031894559e-07,0.4725050493021565
numeric__missingindicator_w10m_speed_slope,3.6600046014598427e-09,5.464465000957736e-09,0.669660239488952
numeric__missingindicator_w10m_speed_change_abs_mean,3.966093196473196e-09,5.8875690572871554e-09,0.6735241037149969
numeric__missingindicator_w10m_stop_transitions,3.982631416764537e-09,4.085336550855483e-09,0.9746214897377371
numeric__missingindicator_w10m_valid_speed_mean,4.583635599810103e-06,4.302017294225126e-06,1.065461670854122
numeric__missingindicator_w10m_valid_speed_median,2.756198240082275e-06,8.28960480771295e-07,3.324880955286138
numeric__missingindicator_w10m_alt_median,5.229288090050713e-07,7.173968392937409e-07,0.7289244270931744
numeric__missingindicator_w10m_alt_iqr,3.203908096014443e-07,6.795551902127671e-07,0.4714706660256172
numeric__missingindicator_w10m_receive_lag_median,2.185897647482691e-07,4.831092522713483e-07,0.4524635188770407
numeric__missingindicator_w10m_receive_lag_p95,0.0,0.0,0.0
numeric__missingindicator_w10m_receive_lag_max,4.5357162117989445e-09,4.758508573826529e-09,0.952979943505457
numeric__missingindicator_w10m_receive_lag_negative_share,5.5592701768393825e-09,1.0087344782542279e-08,0.5510587015681315
numeric__missingindicator_w10m_gps_event_lag_median,2.3800066686540983e-09,4.0313958186325356e-09,0.5902214900771336
numeric__missingindicator_w10m_gps_event_lag_abs_median,3.1043081287956006e-07,6.849113952734568e-07,0.4532416335604761
numeric__missingindicator_w10m_event_gap_median,1.6116387992988676e-08,1.416873991428928e-08,1.137380649925432
numeric__missingindicator_w10m_event_gap_p95,3.2531122315549262e-09,6.759756493237917e-09,0.4811757729787601
numeric__missingindicator_w10m_event_gap_max,4.2645919709363485e-08,8.488571029161684e-08,0.5023862930116998
numeric__missingindicator_w10m_event_time_backwards_share,5.730052190066564e-09,5.1324547708498974e-09,1.1162175271523613
numeric__missingindicator_w10m_heading_resultant,2.4996524525521914e-07,5.41335396925483e-07,0.46175584474809994
numeric__missingindicator_w10m_valid_n,2.670355996072473e-06,2.815340093982578e-06,0.9485017647701759
numeric__missingindicator_w10m_target_distance_first_m,1.722627560691388e-06,1.2469017009887135e-06,1.381525245975853
numeric__missingindicator_w10m_target_distance_last_m,3.4175305876474372e-06,2.0932401032855357e-06,1.6326502390399782
numeric__missingindicator_w10m_target_progress_m,2.458056373392137e-06,1.3549466084421627e-06,1.8141338883340756
numeric__missingindicator_w10m_path_m,3.868466382240137e-06,4.004383487606717e-06,0.9660576785802569
numeric__missingindicator_w10m_displacement_m,3.8801983354840515e-06,3.7345732891030456e-06,1.0389934796064753
numeric__missingindicator_w10m_tortuosity,2.282729926481913e-06,1.855798854498731e-06,1.2300517865373473
numeric__missingindicator_w10m_step_median,2.09534582464206e-06,1.2962608974798528e-06,1.616452530708307
numeric__missingindicator_w10m_step_p95,3.459773702627024e-06,5.494259772643662e-06,0.6297068606305506
numeric__missingindicator_w10m_trajectory_speed_kmh,1.8063879893807779e-06,1.9747297450501267e-06,0.9147515396256843
numeric__missingindicator_w10m_target_progress_kmh,2.17491462418552e-06,1.3458481534686108e-06,1.6160166379569265
numeric__missingindicator_w15m_span_s,7.522008649043478e-08,1.6701188914142166e-07,0.4503849186558326
numeric__missingindicator_w15m_packets_per_min,2.621231955762351e-07,5.857744679529256e-07,0.44748066437855666
numeric__missingindicator_w15m_valid_share,3.6094515261870077e-09,5.2597719464259856e-09,0.6861068229044148
numeric__missingindicator_w15m_hist_share,8.240356025337929e-09,1.774806296731269e-08,0.4642699189536746
numeric__missingindicator_w15m_speed_outlier_share,3.169529249275872e-10,3.7764996136170494e-10,0.837060497214255
numeric__missingindicator_w15m_alt_outlier_share,2.9662063666104058e-09,6.462497512801153e-09,0.4589166098905034
numeric__missingindicator_w15m_speed_mean,2.438826638785798e-10,3.351037777247646e-10,0.7256171457801802
numeric__missingindicator_w15m_speed_median,3.0365334758586613e-07,6.61120782355898e-07,0.4593001708456826
numeric__missingindicator_w15m_speed_std,1.4470764449362068e-08,3.23576129951609e-08,0.44719977495716867
numeric__missingindicator_w15m_speed_min,2.9836348316839106e-07,6.637643676092081e-07,0.44950143187351793
numeric__missingindicator_w15m_speed_max,3.0681941411799045e-07,6.857473287905199e-07,0.4474227661030387
numeric__missingindicator_w15m_speed_q10,2.662768310324737e-07,5.885962704413232e-07,0.4523922287862846
numeric__missingindicator_w15m_speed_q90,7.35509807395413e-10,1.6387325038272883e-09,0.4485547524847282
numeric__missingindicator_w15m_speed_iqr,2.433584662238298e-07,5.4416607337657e-07,0.4472127736685437
numeric__missingindicator_w15m_stopped_share,7.310977706772052e-09,1.5557866475519505e-08,0.4698914100378216
numeric__missingindicator_w15m_slow_share,9.59138595536118e-09,1.3145997236916493e-08,0.7295495528384816
numeric__missingindicator_w15m_fast_share,1.6172647022372336e-10,3.6163138118134106e-10,0.4459803497890019
numeric__missingindicator_w15m_speed_first,1.1765123875708867e-10,2.5182852800250514e-10,0.46534004562935605
numeric__missingindicator_w15m_speed_last,1.1649219661422454e-10,2.604844704776769e-10,0.44550330809863353
numeric__missingindicator_w15m_speed_delta,7.340491232174075e-09,1.4236364226243964e-08,0.5155793667653195
numeric__missingindicator_w15m_speed_slope,4.497830828532545e-08,9.87683435698597e-08,0.45538733639059
numeric__missingindicator_w15m_speed_change_abs_mean,6.1097033753912895e-09,8.922668983788364e-09,0.6846627084096006
numeric__missingindicator_w15m_stop_transitions,8.567579814169465e-07,1.914477802657271e-06,0.4475150000239114
numeric__missingindicator_w15m_valid_speed_mean,2.183424002617524e-06,2.0332530685407243e-06,1.0738569450814268
numeric__missingindicator_w15m_valid_speed_median,1.236374031070858e-06,7.867842997720986e-07,1.5714249254898227
numeric__missingindicator_w15m_alt_median,0.0,0.0,0.0
numeric__missingindicator_w15m_alt_iqr,8.914461669856218e-09,1.5461396988855706e-08,0.5765252099193406
numeric__missingindicator_w15m_receive_lag_median,3.267466479074426e-07,7.306277161412311e-07,0.4472129834057634
numeric__missingindicator_w15m_receive_lag_p95,0.0,0.0,0.0
numeric__missingindicator_w15m_receive_lag_max,3.081610985465969e-07,6.846690074830393e-07,0.45008704219343315
numeric__missingindicator_w15m_receive_lag_negative_share,1.007157225031579e-09,1.6128256846309768e-09,0.6240805525795552
numeric__missingindicator_w15m_gps_event_lag_median,7.330131327276968e-09,1.6356815952827445e-08,0.4481118597015365
numeric__missingindicator_w15m_gps_event_lag_abs_median,4.667796669726642e-10,1.0437510658655907e-09,0.44678553793666703
numeric__missingindicator_w15m_event_gap_median,2.632710728285473e-07,5.84840538211457e-07,0.4501579583995935
numeric__missingindicator_w15m_event_gap_p95,7.635481064050294e-09,1.6619118149050015e-08,0.4594119605874599
numeric__missingindicator_w15m_event_gap_max,3.7470396648046376e-10,8.378635404891196e-10,0.4466804770916418
numeric__missingindicator_w15m_event_time_backwards_share,7.07648962483477e-12,1.122465643753627e-11,0.5788702251873632
numeric__missingindicator_w15m_heading_resultant,1.3576627549127037e-09,3.035826210504442e-09,0.4470663320200943
numeric__missingindicator_w15m_valid_n,1.7393771125465817e-06,1.431392334499755e-06,1.21516362457735
numeric__missingindicator_w15m_target_distance_first_m,1.18212615309945e-06,1.1659657859063287e-06,1.0138592002692086
numeric__missingindicator_w15m_target_distance_last_m,5.201295111890354e-07,4.2711099226280205e-07,1.2177825034446697
numeric__missingindicator_w15m_target_progress_m,2.5130760833741525e-06,1.922219978997057e-06,1.3073814669764876
numeric__missingindicator_w15m_path_m,8.87780059296699e-07,9.133207194016616e-07,0.9720343231061059
numeric__missingindicator_w15m_displacement_m,7.250032049548952e-07,3.6532394229570365e-07,1.9845434051093576
numeric__missingindicator_w15m_tortuosity,5.450594962984155e-07,4.3642895492258105e-07,1.2489048704163868
numeric__missingindicator_w15m_step_median,3.269764001186525e-06,2.742651021186039e-06,1.192190615480465
numeric__missingindicator_w15m_step_p95,8.109463937578301e-07,4.301774069950772e-07,1.8851397015078681
numeric__missingindicator_w15m_trajectory_speed_kmh,6.181875281580187e-07,4.94958298652704e-07,1.2489663894399927
numeric__missingindicator_w15m_target_progress_kmh,1.4724847802176044e-06,1.6383359442358714e-06,0.8987679765131457
numeric__missingindicator_w30m_span_s,0.0,0.0,0.0
numeric__missingindicator_w30m_packets_per_min,2.6216179872792923e-07,5.855446231852654e-07,0.4477222411838979
numeric__missingindicator_w30m_valid_share,1.3322374359728548e-09,2.485264091087424e-09,0.5358390690468327
numeric__missingindicator_w30m_hist_share,3.4791814480075225e-09,7.3416612434297756e-09,0.4738311264353506
numeric__missingindicator_w30m_speed_outlier_share,4.772561861443166e-09,1.0149992905055433e-08,0.4701571468015034
numeric__missingindicator_w30m_alt_outlier_share,6.633730115578939e-09,1.4433213719818203e-08,0.4595837531815686
numeric__missingindicator_w30m_speed_mean,2.623095381132976e-10,3.199115954189502e-10,0.8173887820128545
numeric__missingindicator_w30m_speed_median,1.3516841842240129e-08,1.651076242381523e-08,0.8186189635786262
numeric__missingindicator_w30m_speed_std,2.6933944049982025e-07,5.954282935411836e-07,0.4523449608902909
numeric__missingindicator_w30m_speed_min,8.813416732336969e-10,1.9515338663708036e-09,0.45138355263043733
numeric__missingindicator_w30m_speed_max,4.990529033815478e-09,1.0480017530197792e-08,0.4761492879328577
numeric__missingindicator_w30m_speed_q10,3.9773943296507496e-09,8.893724094421284e-09,0.4471633169763351
numeric__missingindicator_w30m_speed_q90,1.5808332367420415e-08,2.2870595184292876e-08,0.6911775169174393
numeric__missingindicator_w30m_speed_iqr,7.502785600881729e-10,1.6541352469380944e-09,0.4533034756381059
numeric__missingindicator_w30m_stopped_share,1.9220498572694377e-08,3.7561290938118e-08,0.511696653549678
numeric__missingindicator_w30m_slow_share,0.0,0.0,0.0
numeric__missingindicator_w30m_fast_share,9.673958251047009e-11,2.1631628260836089e-10,0.44515570278187794
numeric__missingindicator_w30m_speed_first,3.3495095206659357e-10,4.6479166809212674e-10,0.7191003511044882
numeric__missingindicator_w30m_speed_last,1.4412816060555147e-11,2.0657969007334446e-11,0.6654740366317019
numeric__missingindicator_w30m_speed_delta,2.4940458939366064e-08,5.5616453210100675e-08,0.4484286406490226
numeric__missingindicator_w30m_speed_slope,1.0875753294871694e-08,1.6905394636504574e-08,0.6432922884331933
numeric__missingindicator_w30m_speed_change_abs_mean,1.3393913222707002e-08,2.994970045070614e-08,0.44719866384264195
numeric__missingindicator_w30m_stop_transitions,7.261322806920365e-10,1.6236811402843518e-09,0.44693833312113707
numeric__missingindicator_w30m_valid_speed_mean,2.7223522490358395e-06,3.920419615674316e-06,0.6944031051544689
numeric__missingindicator_w30m_valid_speed_median,3.554149304701973e-06,4.68709618614047e-06,0.7582836804006173
numeric__missingindicator_w30m_alt_median,1.3038581287025e-09,2.463586564309692e-09,0.5290372623076028
numeric__missingindicator_w30m_alt_iqr,1.1701161812857143e-10,2.616459322927324e-10,0.4455108712597763
numeric__missingindicator_w30m_receive_lag_median,1.7070209862844687e-08,3.2308048523001475e-08,0.5283414598449736
numeric__missingindicator_w30m_receive_lag_p95,3.2569958894048885e-09,6.589206238372015e-09,0.49421759677880234
numeric__missingindicator_w30m_receive_lag_max,4.375451870312027e-09,9.53443417582519e-09,0.4588623642754451
numeric__missingindicator_w30m_receive_lag_negative_share,1.6609431625549893e-09,3.7017948768972986e-09,0.4485647241541913
numeric__missingindicator_w30m_gps_event_lag_median,0.0,0.0,0.0
numeric__missingindicator_w30m_gps_event_lag_abs_median,8.582768653311343e-09,1.3198535642636094e-08,0.6502326207285629
numeric__missingindicator_w30m_event_gap_median,7.735673825827806e-09,1.6915847443796055e-08,0.4572763247720084
numeric__missingindicator_w30m_event_gap_p95,5.2130962557012185e-09,1.165683760099755e-08,0.44717523387486025
numeric__missingindicator_w30m_event_gap_max,3.153937396776988e-10,7.05241841597207e-10,0.4465803653949722
numeric__missingindicator_w30m_event_time_backwards_share,4.973887286952598e-09,3.2995831752912988e-09,1.5069722599896667
numeric__missingindicator_w30m_heading_resultant,3.408684129499848e-09,6.032923384952336e-09,0.5649200216894656
numeric__missingindicator_w30m_valid_n,1.4827118789449513e-06,1.405228927070769e-06,1.0551382733754433
numeric__missingindicator_w30m_target_distance_first_m,4.361470564599592e-06,4.937131670505592e-06,0.8834015319569994
numeric__missingindicator_w30m_target_distance_last_m,5.8509274098357055e-06,5.170138129421412e-06,1.1316769749077293
numeric__missingindicator_w30m_target_progress_m,1.0556653198283292e-06,1.6878346064563423e-06,0.6254550595983265
numeric__missingindicator_w30m_path_m,4.390060305569907e-06,4.707437167465654e-06,0.9325794942800886
numeric__missingindicator_w30m_displacement_m,1.8193529839057987e-06,2.8058417156874114e-06,0.6484158836608453
numeric__missingindicator_w30m_tortuosity,5.47488300502686e-06,4.286277657481256e-06,1.277304497100537
numeric__missingindicator_w30m_step_median,3.179541802391733e-06,5.211840166911757e-06,0.6100611474074813
numeric__missingindicator_w30m_step_p95,1.842750336460907e-06,1.6049504241392353e-06,1.1481658003756765
numeric__missingindicator_w30m_trajectory_speed_kmh,4.975156829973584e-07,3.5856829053556507e-07,1.3875022098358192
numeric__missingindicator_w30m_target_progress_kmh,1.9651222474427564e-06,2.344085530690345e-06,0.8383317858424016
numeric__missingindicator_local_speed_mean_300m,2.491435969077301e-05,3.997478993693619e-06,6.232516417862662
numeric__missingindicator_local_speed_median_300m,2.267814214870002e-05,2.1477335383088245e-06,10.55909924815816
numeric__missingindicator_local_slow_share_300m,2.1340638707108353e-05,3.865937804455824e-06,5.520169818133553
numeric__missingindicator_target_area_speed_mean_300m,2.016934389483969e-05,3.985608534300581e-06,5.060541862232154
numeric__missingindicator_target_area_speed_median_300m,1.794927512235443e-05,3.689927640363963e-06,4.864396272060148
numeric__missingindicator_target_area_slow_share_300m,1.9962328298395074e-05,2.4167778664731e-06,8.259890292539211
numeric__missingindicator_local_speed_mean_500m,2.2066363964623853e-05,5.080324809215455e-06,4.343493861082016
numeric__missingindicator_local_speed_median_500m,2.10349062540466e-05,4.16385476109177e-06,5.051785523072781
numeric__missingindicator_local_slow_share_500m,1.8594045107645645e-05,3.1751810506469813e-06,5.856056380722134
numeric__missingindicator_target_area_speed_mean_500m,1.850626096705479e-05,3.932786619278654e-06,4.705634465572585
numeric__missingindicator_target_area_speed_median_500m,1.9768275325057713e-05,2.60534144288153e-06,7.587591941731023
numeric__missingindicator_target_area_slow_share_500m,1.8125791403177394e-05,2.564950139140289e-06,7.06671995679915
numeric__missingindicator_local_speed_mean_1000m,2.7477041456719782e-05,3.656900650580868e-06,7.513749092036775
numeric__missingindicator_local_speed_median_1000m,2.567006158347854e-05,2.953465289101855e-06,8.691503159592445
numeric__missingindicator_local_slow_share_1000m,2.9303934332860152e-05,3.46466476293048e-06,8.457939766193876
numeric__missingindicator_target_area_speed_mean_1000m,2.5034553211312925e-05,3.6569686227505735e-06,6.845709916639477
numeric__missingindicator_target_area_speed_median_1000m,2.5402361573356683e-05,7.0101609836456685e-06,3.623648302652496
numeric__missingindicator_target_area_slow_share_1000m,2.5248380142326274e-05,2.2886358110502142e-06,11.032060666165835
numeric__missingindicator_local_speed_mean_2000m,2.421783462443637e-05,7.182702607516613e-06,3.3716878696056307
numeric__missingindicator_local_speed_median_2000m,2.7144250356040545e-05,6.207924516379635e-06,4.37251546984904
numeric__missingindicator_local_slow_share_2000m,2.8001225315678318e-05,1.0966971761097737e-05,2.5532319561333114
numeric__missingindicator_target_area_speed_mean_2000m,2.7217349470095817e-05,3.296661189381758e-06,8.25603228555245
numeric__missingindicator_target_area_speed_median_2000m,2.6233966866732006e-05,2.487303036602159e-06,10.547149234948192
numeric__missingindicator_target_area_slow_share_2000m,2.7821627159997018e-05,7.230462414686979e-06,3.8478345804895366
numeric__missingindicator_speed_mean_1m_minus_5m,3.188984854559145e-06,2.2337089957367666e-06,1.4276628840116243
numeric__missingindicator_slow_share_1m_minus_5m,3.6753256499811263e-06,2.314675891488616e-06,1.5878352885864124
numeric__missingindicator_valid_share_1m_minus_5m,3.866961388754974e-06,1.950503724877688e-06,1.982543974097506
numeric__missingindicator_progress_1m_minus_5m,8.712455842052085e-06,4.4758379493424155e-06,1.9465525772173076
numeric__missingindicator_speed_mean_3m_minus_15m,3.8976473146725315e-07,2.4127600911590733e-07,1.615424249892014
numeric__missingindicator_slow_share_3m_minus_15m,6.964804387765829e-07,4.6996201138343995e-07,1.4819899053892325
numeric__missingindicator_valid_share_3m_minus_15m,2.485203367417385e-07,1.7512043450358322e-07,1.4191314583861145
numeric__missingindicator_progress_3m_minus_15m,3.879692322642059e-06,1.7187527142403398e-06,2.257270655183321
numeric__missingindicator_speed_mean_5m_minus_15m,7.60321310913759e-08,1.0699175035258843e-07,0.7106288121467708
numeric__missingindicator_slow_share_5m_minus_15m,1.0906421570655631e-07,1.671629113345889e-07,0.6524387640598905
numeric__missingindicator_valid_share_5m_minus_15m,7.750427734638419e-08,1.0001262324933442e-07,0.7749372018366505
numeric__missingindicator_progress_5m_minus_15m,3.7760303229891655e-06,2.6096105129385015e-06,1.4469702882086235
numeric__missingindicator_speed_mean_5m_minus_30m,4.2217635573715414e-07,5.059371811792764e-07,0.8344425691556144
numeric__missingindicator_slow_share_5m_minus_30m,4.4705074772479316e-07,5.599022336460069e-07,0.7984428752333951
numeric__missingindicator_valid_share_5m_minus_30m,3.728516519533791e-07,6.212569537320341e-07,0.6001559412053827
numeric__missingindicator_progress_5m_minus_30m,2.9209541564036923e-06,1.3384581892380148e-06,2.1823259012227276
numeric__missingindicator_speed_mean_10m_minus_30m,2.657478566141388e-09,2.4575299716873587e-09,1.080921769002265
numeric__missingindicator_slow_share_10m_minus_30m,1.504411244238281e-08,2.3662840348025562e-08,0.6357426445212662
numeric__missingindicator_valid_share_10m_minus_30m,0.0,0.0,0.0
numeric__missingindicator_progress_10m_minus_30m,4.672772793533951e-06,4.622043472320191e-06,1.0109752992463734
numeric__missingindicator_speed_recent_vs_required,1.092971281420778e-07,1.4981674142202928e-07,0.7295339464115476
numeric__missingindicator_progress_recent_vs_required,3.00588472737677e-06,2.2711916245401187e-06,1.3234829555619112
numeric__missingindicator_speed_15m_vs_required,3.55198600637313e-08,6.831245704346399e-08,0.5199540705593632
numeric__missingindicator_cur_dev_x_required_speed,5.446458338116951e-10,7.739806540505238e-10,0.7027863611369423
numeric__missingindicator_cur_dev_x_distance_km,3.5095763242239113e-09,7.2614901418129985e-09,0.48324696566786457
numeric__missingindicator_cur_dev_per_km,8.197597048130734e-10,1.2216791052391645e-09,0.6704618581444742
numeric__missingindicator_route_m_per_stop,5.34451356458425e-08,1.1874715931002881e-07,0.45007127652654755
numeric__missingindicator_cur_dev_plus_eta_margin,2.0964015580778493e-05,4.8006838190867805e-06,4.366880220386227
numeric__missingindicator_route_speed_margin_kmh,1.2291007208452508e-08,1.7982999128705673e-08,0.6834412702363772
numeric__missingindicator_planned_vs_straight_distance_m,1.9749522371068197e-07,4.416127454486132e-07,0.44721258281953274
numeric__missingindicator_route_straightness,1.3564503990856081e-08,2.0074736708302144e-08,0.6756665614789916
numeric__missingindicator_required_vs_w5_speed_ratio,5.063521754627046e-06,1.8724618691918779e-06,2.7042040928760165
numeric__missingindicator_route_required_vs_w5_speed_ratio,5.479209702239238e-06,1.6687649078666804e-06,3.28339024449736
numeric__missingindicator_cur_dev_x_w5_speed,1.0450949729351362e-07,1.199501433037757e-07,0.8712672044220856
numeric__missingindicator_cur_dev_x_w15_valid_share,5.971271505589653e-10,9.170956068985627e-10,0.6503975686978098
numeric__missingindicator_cur_dev_x_route_speed_margin,1.1158025092581233e-08,1.4274926040101784e-08,0.7815972891172025
numeric__missingindicator_distance_x_valid_age,4.736268364374752e-09,9.890503695705774e-09,0.47882187684274147
numeric__missingindicator_w1m_progress_fraction,1.334371909322993e-05,6.331852054585981e-06,2.1073955725434046
numeric__missingindicator_w1m_path_to_route_ratio,7.428208516568107e-06,4.324234794275626e-06,1.717808387415294
numeric__missingindicator_w3m_progress_fraction,2.22662680430657e-06,1.3741691458392234e-06,1.620342874605779
numeric__missingindicator_w3m_path_to_route_ratio,4.373165898937569e-06,3.4746388783353297e-06,1.2585954378192183
numeric__missingindicator_w5m_progress_fraction,3.3653767800688477e-06,2.2056517801561013e-06,1.5257962678199373
numeric__missingindicator_w5m_path_to_route_ratio,2.349639349524445e-06,1.1642450760109668e-06,2.018163855509797
numeric__missingindicator_w10m_progress_fraction,1.6720177523920395e-06,1.7379151396230117e-06,0.9620819522136052
numeric__missingindicator_w10m_path_to_route_ratio,4.6954683192109385e-06,5.197023006211304e-06,0.9034917509711473
numeric__missingindicator_w15m_progress_fraction,8.254336200354813e-07,4.5347234633273327e-07,1.8202472685788782
numeric__missingindicator_w15m_path_to_route_ratio,3.3227348385335066e-06,3.3533454211950904e-06,0.9908713330456702
numeric__missingindicator_w30m_progress_fraction,7.151064120045107e-07,8.41247821446417e-07,0.8500533894062151
numeric__missingindicator_w30m_path_to_route_ratio,8.239704693484855e-07,9.177996206105895e-07,0.8977663022283846
numeric__missingindicator_distance_to_target_m_sqrt,2.6027763607330813e-09,4.555110266635547e-09,0.5712715909869972
numeric__missingindicator_required_speed_kmh_sqrt,1.0158091533008934e-10,2.2714183189473023e-10,0.44525335177005615
numeric__missingindicator_valid_age_s_sqrt,4.7611505822556975e-09,9.315925646761175e-09,0.5110216355446399
numeric__missingindicator_packet_age_s_sqrt,1.7128181350496688e-11,3.8299777830654745e-11,0.4358340503679974
numeric__missingindicator_route_proxy_m_sqrt,4.349159422685072e-08,9.657817566775622e-08,0.450320619596785
numeric__missingindicator_last_valid_speed_kmh_sq,2.2203476409888974e-08,4.9648482589324725e-08,0.447204588082918
numeric__missingindicator_required_speed_kmh_sq,1.1349442434792182e-10,2.537812479091604e-10,0.4454583109208535
numeric__missingindicator_w5m_speed_mean_sq,2.9444321203340442e-08,3.500504303986029e-08,0.8411210935727043
numeric__missingindicator_w15m_speed_mean_sq,2.152931530749312e-09,4.778748607601263e-09,0.450427775077018
numeric__missingindicator_planned_gap_prev_s_log1p,5.980917087563935e-07,6.213594742678944e-07,0.9625519058982357
numeric__missingindicator_planned_gap_next_s_log1p,1.1511571526904401e-07,8.399738040373367e-08,1.3704516053255615
numeric__missingindicator_prev_segment_m_log1p,5.730168625384082e-07,2.4825294067492796e-07,2.3081883855722385
numeric__missingindicator_next_segment_m_log1p,3.524936172167632e-08,3.798092303553607e-08,0.9280562674169195
numeric__missingindicator_last_speed_kmh_log1p,1.1980325162269676e-05,4.97997313385937e-06,2.405700278805502
numeric__missingindicator_last_alt_m_log1p,1.2151848536429871e-05,3.4528588372028086e-06,3.5193576077140127
numeric__missingindicator_last_receive_lag_s_signed_log1p,1.082364062772171e-10,2.420239620761424e-10,0.44537339179461366
numeric__missingindicator_packet_age_s_log1p,1.5674959109004733e-10,3.505027411226412e-10,0.44594130500779383
numeric__missingindicator_event_age_s_log1p,0.0,0.0,0.0
numeric__missingindicator_receive_age_s_log1p,8.589902753474033e-11,1.9207606476880555e-10,0.4448973394894811
numeric__missingindicator_last_valid_speed_kmh_log1p,1.1644343135951152e-09,2.603754280531985e-09,0.44704190422034573
numeric__missingindicator_last_valid_alt_m_log1p,4.797158680014182e-09,7.492215359241239e-09,0.6402002945368358
numeric__missingindicator_valid_age_s_log1p,2.572266706316849e-08,5.7175380062471336e-08,0.4498827493986802
numeric__missingindicator_distance_to_target_m_log1p,5.4050468407641135e-09,1.208605215751904e-08,0.4471765961067501
numeric__missingindicator_required_speed_kmh_log1p,6.179120407737564e-10,9.702425262255141e-10,0.6362077690060727
numeric__missingindicator_eta_last_speed_s_log1p,1.9707048947945716e-05,3.931987254214352e-06,5.011980625024366
numeric__missingindicator_eta_projected_speed_s_log1p,2.841525230367109e-05,3.3156643694273147e-06,8.570000026443864
numeric__missingindicator_distance_prev_stop_m_log1p,5.978893327159894e-07,2.703362362787328e-07,2.2116425430181295
numeric__missingindicator_distance_next_stop_m_log1p,5.408201832547924e-08,7.700174486675054e-08,0.7023388376487814
numeric__missingindicator_future_gap_mean_s_log1p,1.8553191607641303e-05,1.4128482578473082e-05,1.3131764286373908
numeric__missingindicator_future_gap_max_s_log1p,1.8035432083416385e-05,1.3085539425092162e-05,1.378271855614963
numeric__missingindicator_distance_to_first_future_stop_m_log1p,4.200389082194513e-09,8.83435003173665e-09,0.4754072070836675
numeric__missingindicator_route_proxy_m_log1p,6.205146713723329e-10,1.3875129862244792e-09,0.4468915145400124
numeric__missingindicator_route_proxy_required_speed_kmh_log1p,2.3507416146538227e-10,5.256418047903564e-10,0.44636441567520396
numeric__missingindicator_w1m_packets_per_min_log1p,4.555557089527994e-06,3.2052039154304725e-06,1.4212997950916233
numeric__missingindicator_w1m_speed_mean_log1p,3.5205152023842983e-06,1.3100186183649754e-06,2.6873759392841947
numeric__missingindicator_w1m_speed_median_log1p,2.0236422749192855e-06,3.187007670499339e-06,0.6349660399895374
numeric__missingindicator_w1m_speed_min_log1p,5.3340037008611195e-06,3.8666972939896665e-06,1.3794724323726546
numeric__missingindicator_w1m_speed_q10_log1p,2.733065438395174e-06,2.2482613469174746e-06,1.2156345731370712
numeric__missingindicator_w1m_speed_q90_log1p,4.643568317169745e-06,3.1581994708335004e-06,1.4703209501910535
numeric__missingindicator_w1m_speed_first_log1p,4.8495744780936514e-06,2.1048114108381864e-06,2.304041183490759
numeric__missingindicator_w1m_speed_last_log1p,3.188881662726778e-06,5.687816511657722e-07,5.606503039765493
numeric__missingindicator_w1m_speed_change_abs_mean_log1p,2.0661465826402944e-06,1.32664074194757e-06,1.5574261816962716
numeric__missingindicator_w1m_valid_speed_mean_log1p,9.883452584256581e-06,3.757901334816031e-06,2.6300450899665084
numeric__missingindicator_w1m_valid_speed_median_log1p,1.0432125540590965e-05,6.459376591622524e-06,1.6150357201785026
numeric__missingindicator_w1m_alt_median_log1p,4.021684210377184e-06,2.825878431490613e-06,1.4231619953636168
numeric__missingindicator_w1m_alt_iqr_log1p,5.704977988368941e-06,4.221431604595676e-06,1.3514317348471225
numeric__missingindicator_w1m_receive_lag_median_signed_log1p,3.0781012363202242e-06,1.9756280567282704e-06,1.5580360219127862
numeric__missingindicator_w1m_receive_lag_p95_signed_log1p,5.918507015898407e-06,3.5883842945692195e-06,1.649351039548532
numeric__missingindicator_w1m_receive_lag_max_signed_log1p,5.231826179824974e-06,5.107359132918759e-06,1.0243699374367568
numeric__missingindicator_w1m_event_gap_median_signed_log1p,2.27530503121026e-06,1.491178262721571e-06,1.5258427260164353
numeric__missingindicator_w1m_event_gap_p95_signed_log1p,3.1431446957892264e-06,3.337197615250865e-06,0.9418512525521198
numeric__missingindicator_w1m_event_gap_max_signed_log1p,2.857789746753542e-06,1.9762321261424537e-06,1.4460792651178052
numeric__missingindicator_w1m_target_distance_first_m_log1p,1.3857706822105927e-05,1.422812799763327e-05,0.9739655034341509
numeric__missingindicator_w1m_target_distance_last_m_log1p,7.683669211405465e-06,4.879367113666733e-06,1.574726282668467
numeric__missingindicator_w1m_path_m_log1p,6.227456969940974e-06,3.3954468406247963e-06,1.8340605605636575
numeric__missingindicator_w1m_step_median_log1p,8.797388476559497e-06,6.097417251544206e-06,1.4428054815382736
numeric__missingindicator_w1m_step_p95_log1p,9.42168690437198e-06,6.779921074397392e-06,1.3896453087492737
numeric__missingindicator_w1m_trajectory_speed_kmh_log1p,1.0284727008125889e-05,3.586497466468694e-06,2.8676234227564987
numeric__missingindicator_w3m_speed_mean_log1p,9.36885930081683e-07,1.2523802859987963e-06,0.7480836232190261
numeric__missingindicator_w3m_speed_median_log1p,7.681549379668485e-07,5.438801394600276e-07,1.4123581095852724
numeric__missingindicator_w3m_speed_min_log1p,3.983646867715062e-07,4.103215132010048e-07,0.9708574936914544
numeric__missingindicator_w3m_speed_q10_log1p,6.170510050115159e-07,6.425208920621398e-07,0.9603579467636869
numeric__missingindicator_w3m_speed_first_log1p,3.8382868873872943e-07,2.996655714995132e-07,1.2808525382663611
numeric__missingindicator_w3m_speed_last_log1p,4.503590491614957e-07,5.452783014805732e-07,0.8259236100447153
numeric__missingindicator_w3m_speed_change_abs_mean_log1p,2.237986847416186e-06,1.9119002619995563e-06,1.1705556619987763
numeric__missingindicator_w3m_valid_speed_mean_log1p,2.9373809472500548e-06,1.6252941416008256e-06,1.8072907941857854
numeric__missingindicator_w3m_valid_speed_median_log1p,4.667527049694729e-06,3.496907289899255e-06,1.334758210038502
numeric__missingindicator_w3m_alt_median_log1p,8.389692618700859e-07,1.6075055571352873e-06,0.521907209738043
numeric__missingindicator_w3m_alt_iqr_log1p,7.283805364019836e-07,7.383418105485636e-07,0.9865072510976597
numeric__missingindicator_w3m_receive_lag_median_signed_log1p,5.47760787041667e-07,6.399310646478171e-07,0.855967089792764
numeric__missingindicator_w3m_receive_lag_p95_signed_log1p,5.042895371883687e-07,5.217288810453767e-07,0.9665720816640534
numeric__missingindicator_w3m_receive_lag_max_signed_log1p,5.209051739197345e-07,5.664300181894417e-07,0.9196268516240027
numeric__missingindicator_w3m_event_gap_median_log1p,2.205125628661593e-06,2.126232571163152e-06,1.0371041350152719
numeric__missingindicator_w3m_event_gap_p95_log1p,2.919494421286733e-07,3.3400922496289313e-07,0.8740733675476775
numeric__missingindicator_w3m_event_gap_max_log1p,1.355873202149842e-06,1.5254990716061319e-06,0.8888057282896767
numeric__missingindicator_w3m_target_distance_first_m_log1p,4.300581909435359e-06,1.9343080269447432e-06,2.2233168793241704
numeric__missingindicator_w3m_target_distance_last_m_log1p,3.530522358647145e-06,3.5927816476690677e-06,0.9826707332094481
numeric__missingindicator_w3m_path_m_log1p,3.160016399528445e-06,2.065149895074451e-06,1.5301624724204588
numeric__missingindicator_w3m_step_median_log1p,3.481162519084315e-06,2.0441452316747146e-06,1.7029909431833021
numeric__missingindicator_w3m_step_p95_log1p,6.219584529511157e-06,2.4300636627681517e-06,2.559431699412584
numeric__missingindicator_w3m_trajectory_speed_kmh_log1p,3.028687240648246e-06,1.8318153887418356e-06,1.6533792683929796
numeric__missingindicator_w5m_speed_mean_log1p,5.2378093030010835e-08,9.739187295087407e-08,0.5378021147033096
numeric__missingindicator_w5m_speed_median_log1p,4.594940803898888e-08,9.271215092744935e-08,0.49560830992515387
numeric__missingindicator_w5m_speed_min_log1p,1.0108542442373911e-07,1.8364587414162658e-07,0.5504336782001695
numeric__missingindicator_w5m_speed_q10_log1p,7.225269805653685e-08,9.119068840482065e-08,0.792316704739479
numeric__missingindicator_w5m_speed_first_log1p,3.0029348373603074e-08,5.85036130553448e-08,0.5132817192585412
numeric__missingindicator_w5m_speed_last_log1p,1.125487994762186e-08,1.7907677920585126e-08,0.6284595656659244
numeric__missingindicator_w5m_speed_change_abs_mean_log1p,3.742845289922942e-07,6.339594925310116e-07,0.5903909366623271
numeric__missingindicator_w5m_valid_speed_mean_log1p,3.423914453400213e-06,2.0255058198123774e-06,1.6903988769178129
numeric__missingindicator_w5m_valid_speed_median_log1p,3.2315192578606013e-06,2.266411991832447e-06,1.4258298330913837
numeric__missingindicator_w5m_alt_median_log1p,5.8555270674710085e-09,8.952916615860095e-09,0.6539626532928728
numeric__missingindicator_w5m_alt_iqr_log1p,1.5171204617388992e-07,2.850107088759457e-07,0.5323011000924323
numeric__missingindicator_w5m_receive_lag_p95_signed_log1p,4.0127893343429216e-07,6.012613002824515e-07,0.6673941360464238
numeric__missingindicator_w5m_receive_lag_max_signed_log1p,8.594852304057e-08,9.55125158469662e-08,0.8998571801950894
numeric__missingindicator_w5m_event_gap_median_log1p,6.100746178425165e-09,4.5559609851000704e-09,1.3387751614228913
numeric__missingindicator_w5m_event_gap_p95_log1p,4.368567410994823e-08,8.188336702480687e-08,0.533504448983695
numeric__missingindicator_w5m_event_gap_max_log1p,8.684619821015109e-07,1.7191089719908918e-06,0.5051811671453165
numeric__missingindicator_w5m_target_distance_first_m_log1p,4.366765228832869e-06,4.007197347502711e-06,1.0897302429649482
numeric__missingindicator_w5m_target_distance_last_m_log1p,2.270229340520197e-06,8.666684114428232e-07,2.619487096862851
numeric__missingindicator_w5m_path_m_log1p,2.0626416332491764e-06,2.1131917278832767e-06,0.9760783321052142
numeric__missingindicator_w5m_step_median_log1p,4.260896330468493e-06,3.7098050284168152e-06,1.1485496270776345
numeric__missingindicator_w5m_step_p95_log1p,2.2952688414664274e-06,1.2420266074302377e-06,1.8480014677092016
numeric__missingindicator_w5m_trajectory_speed_kmh_log1p,2.454750409156898e-06,1.5997569877533757e-06,1.5344511031973236
numeric__missingindicator_w10m_speed_mean_log1p,2.1712573495221276e-09,2.64812881270457e-09,0.819611843376325
numeric__missingindicator_w10m_speed_median_log1p,1.1083669784552735e-08,2.3490861562411157e-08,0.47180891795682495
numeric__missingindicator_w10m_speed_min_log1p,7.056502113369144e-09,9.721093494311664e-09,0.7258212562446411
numeric__missingindicator_w10m_speed_q10_log1p,2.008882785597144e-09,2.8124729654382202e-09,0.7140224236290982
numeric__missingindicator_w10m_speed_iqr_log1p,7.543474912805963e-09,1.2501129470078979e-08,0.6033752034691022
numeric__missingindicator_w10m_speed_first_log1p,1.6106233108663998e-09,2.1034249562659925e-09,0.7653507938454719
numeric__missingindicator_w10m_speed_last_log1p,2.768645452837368e-07,6.00281092221558e-07,0.46122406260546733
numeric__missingindicator_w10m_speed_change_abs_mean_log1p,1.4764848138535393e-08,2.8700171773077882e-08,0.5144336355070017
numeric__missingindicator_w10m_valid_speed_mean_log1p,2.2257423983844018e-06,1.6059324538570907e-06,1.3859493324824073
numeric__missingindicator_w10m_valid_speed_median_log1p,3.092419334077246e-06,4.768477949639868e-06,0.6485127368153311
numeric__missingindicator_w10m_alt_median_log1p,1.1306433471551553e-08,1.5602150485618515e-08,0.7246250353076281
numeric__missingindicator_w10m_alt_iqr_log1p,6.048763528011463e-08,1.25913806224272e-07,0.48038540576695676
numeric__missingindicator_w10m_receive_lag_median_signed_log1p,5.019047180400519e-07,6.875816306945392e-07,0.7299554928155605
numeric__missingindicator_w10m_receive_lag_p95_signed_log1p,2.872283262694458e-07,6.295532236949411e-07,0.4562408057302243
numeric__missingindicator_w10m_receive_lag_max_signed_log1p,3.32572712442878e-08,7.400149570759797e-08,0.4494074277669694
numeric__missingindicator_w10m_event_gap_median_log1p,7.058575573234013e-09,1.1698960103490085e-08,0.6032991147660792
numeric__missingindicator_w10m_event_gap_p95_log1p,6.1530769363738425e-09,5.20468462357868e-09,1.1819918764390824
numeric__missingindicator_w10m_event_gap_max_log1p,8.31240619495217e-09,1.0702804569679348e-08,0.7765842641128475
numeric__missingindicator_w10m_target_distance_first_m_log1p,2.280937427085979e-06,1.6881118228156896e-06,1.3511759381588528
numeric__missingindicator_w10m_target_distance_last_m_log1p,1.7491741940232247e-06,1.0412522914682724e-06,1.679873867727911
numeric__missingindicator_w10m_path_m_log1p,2.1965755033603838e-06,1.2505815047534464e-06,1.7564418940863409
numeric__missingindicator_w10m_step_median_log1p,1.7940584879119866e-06,1.4831774454651715e-06,1.209603937676773
numeric__missingindicator_w10m_step_p95_log1p,1.9833058172413662e-06,1.0543839073999507e-06,1.8810074037687794
numeric__missingindicator_w10m_trajectory_speed_kmh_log1p,3.4023748961266833e-06,4.345090907216425e-06,0.7830386488432945
numeric__missingindicator_w15m_speed_mean_log1p,8.484704498365529e-09,1.146159237228559e-08,0.7402081678207421
numeric__missingindicator_w15m_speed_median_log1p,2.014332664957811e-09,4.070383971996959e-09,0.494753793504229
numeric__missingindicator_w15m_speed_q10_log1p,1.808956141766545e-08,2.161743999281524e-08,0.8367653458657242
numeric__missingindicator_w15m_speed_iqr_log1p,1.8047077793155523e-07,4.012832854220516e-07,0.4497329810504409
numeric__missingindicator_w15m_speed_first_log1p,7.738384430298038e-12,1.7303553622172396e-11,0.4227804387080322
numeric__missingindicator_w15m_speed_last_log1p,2.4371737608304805e-10,3.8235452497348387e-10,0.6357493135105309
numeric__missingindicator_w15m_speed_change_abs_mean_log1p,5.983438194597276e-09,1.2923156951683689e-08,0.46296545430127933
numeric__missingindicator_w15m_valid_speed_mean_log1p,2.977837917315753e-06,4.163618976122417e-06,0.7152040614640859
numeric__missingindicator_w15m_valid_speed_median_log1p,1.0208920695395744e-06,9.694847180213014e-07,1.0530243515326787
numeric__missingindicator_w15m_alt_median_log1p,5.117284037589338e-10,1.1442594968224347e-09,0.4468231044394247
numeric__missingindicator_w15m_alt_iqr_log1p,1.0566231237171638e-09,1.7630014637696257e-09,0.59899220347538
numeric__missingindicator_w15m_receive_lag_median_signed_log1p,1.9310442089892737e-10,2.8663586681594143e-10,0.6713502840815577
numeric__missingindicator_w15m_receive_lag_p95_signed_log1p,1.7417502849518084e-11,3.8946720369818725e-11,0.4360183436404875
numeric__missingindicator_w15m_receive_lag_max_signed_log1p,2.13055037300635e-10,2.918513506367754e-10,0.7275193945234282
numeric__missingindicator_w15m_event_gap_median_log1p,5.551354364775937e-08,9.339200482747863e-08,0.5944079404052524
numeric__missingindicator_w15m_event_gap_p95_log1p,5.448577086785984e-09,8.590229864718957e-09,0.6342022239634514
numeric__missingindicator_w15m_event_gap_max_log1p,1.9673490980080205e-08,3.072720688476676e-08,0.6402420764041773
numeric__missingindicator_w15m_target_distance_first_m_log1p,1.1906182780254528e-06,1.3144191128496424e-06,0.9058125833484173
numeric__missingindicator_w15m_target_distance_last_m_log1p,9.645568265886669e-07,4.3396420801834104e-07,2.222659348645067
numeric__missingindicator_w15m_path_m_log1p,2.1773006981313224e-06,2.6643777203944187e-06,0.8171888934051418
numeric__missingindicator_w15m_step_median_log1p,7.421502099741677e-07,5.915204198317893e-07,1.254646383194733
numeric__missingindicator_w15m_step_p95_log1p,1.3580393171222334e-06,6.15849160781151e-07,2.2051456727715744
numeric__missingindicator_w15m_trajectory_speed_kmh_log1p,1.4327140486751056e-06,1.346423403992899e-06,1.064087998127715
numeric__missingindicator_w30m_speed_mean_log1p,1.5459156240337664e-09,3.45677242281851e-09,0.4470842597482616
numeric__missingindicator_w30m_speed_median_log1p,3.1049850729912744e-11,6.942957692330635e-11,0.4408637973748472
numeric__missingindicator_w30m_speed_std_log1p,3.308593489274358e-07,7.367106859757153e-07,0.4491028922518573
numeric__missingindicator_w30m_speed_q10_log1p,1.0998489600521887e-08,2.458068532914992e-08,0.44742618145385865
numeric__missingindicator_w30m_speed_q90_log1p,4.262707738837815e-08,9.48170289283653e-08,0.44956721701716407
numeric__missingindicator_w30m_speed_iqr_log1p,1.5507858729383684e-09,3.137109645775131e-09,0.4941783583075905
numeric__missingindicator_w30m_speed_first_log1p,2.43396633782463e-07,5.434126198382384e-07,0.4479030795270028
numeric__missingindicator_w30m_speed_last_log1p,1.0076411896624907e-08,2.18155475632081e-08,0.4618701408841602
numeric__missingindicator_w30m_valid_speed_mean_log1p,1.392894198133622e-06,1.7922663126761082e-06,0.7771687784975748
numeric__missingindicator_w30m_valid_speed_median_log1p,3.4293461299742068e-06,2.5098908995403765e-06,1.3663322036308438
numeric__missingindicator_w30m_alt_median_log1p,6.159408310296842e-09,9.235457912682998e-09,0.6668582662883226
numeric__missingindicator_w30m_alt_iqr_log1p,9.016083657274653e-10,1.7406951750954938e-09,0.5176614017306627
numeric__missingindicator_w30m_receive_lag_median_signed_log1p,5.894509449218906e-09,9.588940726458053e-09,0.6146554621507012
numeric__missingindicator_w30m_receive_lag_p95_log1p,3.849569693998755e-08,8.329381821056528e-08,0.4621619659781511
numeric__missingindicator_w30m_receive_lag_max_log1p,2.8233472124393997e-07,6.297912025183509e-07,0.44829821664188246
numeric__missingindicator_w30m_event_gap_p95_log1p,3.048751531642942e-07,6.604178604825332e-07,0.4616390769663029
numeric__missingindicator_w30m_event_gap_max_log1p,1.0888993804790862e-08,2.434853035408644e-08,0.4471952290843024
numeric__missingindicator_w30m_target_distance_first_m_log1p,3.858539470767767e-06,3.910369424870442e-06,0.986745257233682
numeric__missingindicator_w30m_target_distance_last_m_log1p,3.5849097510983033e-06,4.218186304572792e-06,0.8498697407798904
numeric__missingindicator_w30m_path_m_log1p,7.192165232051631e-07,6.112127640948577e-07,1.1767021056376992
numeric__missingindicator_w30m_step_median_log1p,3.3115304340501736e-06,3.7900971702768998e-06,0.8737321001393052
numeric__missingindicator_w30m_step_p95_log1p,1.9324813820595665e-06,1.945198738035137e-06,0.9934616709395524
numeric__missingindicator_w30m_trajectory_speed_kmh_log1p,3.5772617203875312e-06,1.9178936818147306e-06,1.865202377537588
numeric__missingindicator_local_speed_mean_300m_log1p,2.448843277224422e-05,4.596365336362908e-06,5.327780899122555
numeric__missingindicator_local_speed_median_300m_log1p,2.1427453618653114e-05,2.293963744827655e-06,9.340794651254745
numeric__missingindicator_target_area_speed_mean_300m_log1p,1.7465734949060154e-05,6.0583946613035574e-06,2.8828977051825846
numeric__missingindicator_target_area_speed_median_300m_log1p,1.779591131356508e-05,4.802719367186429e-06,3.705381524011241
numeric__missingindicator_local_speed_mean_500m_log1p,2.0272165480988326e-05,3.2607898482535527e-06,6.216947490467197
numeric__missingindicator_local_speed_median_500m_log1p,2.0169745493634573e-05,4.455365782613807e-06,4.527067349952655
numeric__missingindicator_target_area_speed_mean_500m_log1p,2.0979678141529358e-05,4.589195722792598e-06,4.571536024448935
numeric__missingindicator_target_area_speed_median_500m_log1p,2.3689867479672435e-05,2.5146539080972147e-06,9.420723059609818
numeric__missingindicator_local_speed_mean_1000m_log1p,3.00476226149467e-05,4.32614795357042e-06,6.945582072514645
numeric__missingindicator_local_speed_median_1000m_log1p,2.7545610335665557e-05,3.2036746679754847e-06,8.598127023598677
numeric__missingindicator_target_area_speed_mean_1000m_log1p,2.542558713331026e-05,4.794908566113948e-06,5.302620786217772
numeric__missingindicator_target_area_speed_median_1000m_log1p,2.52778166501096e-05,3.1689877382732997e-06,7.976619274413336
numeric__missingindicator_local_speed_mean_2000m_log1p,2.7395686243696994e-05,3.1912521992530847e-06,8.584616930461355
numeric__missingindicator_local_speed_median_2000m_log1p,2.8088132032168686e-05,3.6949812963922962e-06,7.601695970125041
numeric__missingindicator_target_area_speed_mean_2000m_log1p,2.8050628462620077e-05,5.487007305445608e-06,5.112189904065043
numeric__missingindicator_target_area_speed_median_2000m_log1p,2.856437857238399e-05,3.72430993602711e-06,7.6697083200187635
numeric__missingindicator_speed_recent_vs_required_signed_log1p,9.329401544169919e-08,1.9493513607829891e-07,0.4785875893437546
numeric__missingindicator_speed_15m_vs_required_signed_log1p,1.8160022362460166e-10,3.282175934381673e-10,0.551611539735981
numeric__missingindicator_cur_dev_x_required_speed_signed_log1p,0.0,0.0,0.0
numeric__missingindicator_cur_dev_x_distance_km_signed_log1p,1.3323089148784799e-09,2.532242206343976e-09,0.5259303321024695
numeric__missingindicator_planned_vs_straight_distance_m_log1p,1.4155605732327712e-10,3.053112258239372e-10,0.46213147083496464
numeric__missingindicator_cur_dev_x_w5_speed_signed_log1p,1.681346143378562e-08,1.9264801645711268e-08,0.8727101909890389
numeric__missingindicator_distance_x_valid_age_log1p,7.233313950437261e-10,1.2871960320776338e-09,0.5615072372774815
categorical__stop_key,0.0028549080689026693,0.00035771014418270214,7.9810654166504325
categorical__target_address,0.002029435665954248,0.00017421444558870884,11.649066456270448
categorical__target_grid_4,0.00304792274955592,0.00048212257442416137,6.3218834896383385
categorical__target_grid_3,0.0034224659126853296,0.0007767067295644685,4.4063811706615015
categorical__target_grid_2,0.00343748183871547,0.0010190600560592386,3.37318867019007
categorical__last_location_valid,1.8417623091295794e-05,9.362955610334998e-06,1.9670734211206422
categorical__last_is_hist,1.3368075016274295e-06,6.272867347358721e-07,2.1310914076620837
categorical__last_speed_outlier,1.552693655392073e-08,3.171665179104463e-08,0.48953613136974744
categorical__last_alt_outlier,5.157102760083641e-08,4.052613243202055e-08,1.2725062077199931
categorical__current_grid_4,0.004433032451760697,0.0001960185162809395,22.615375900467328
categorical__current_grid_3,0.003665213371745627,0.0002463720987108811,14.876738786765113
categorical__current_grid_2,0.0037388100066675736,0.00028891582394032747,12.940828033354647
