sample_id,tr_id,T,fold,target,prediction,error,abs_error
122048_1767665400,122048,2026-01-06 02:10:00,0,-25.0,15.51277777777778,-40.51277777777778,40.51277777777778
122048_1767665700,122048,2026-01-06 02:15:00,0,0.0,15.301031746031743,-15.301031746031743,15.301031746031743
122048_1767666000,122048,2026-01-06 02:20:00,0,0.0,12.601428571428569,-12.601428571428569,12.601428571428569
122048_1767666300,122048,2026-01-06 02:25:00,0,0.0,2.8401587301587323,-2.8401587301587323,2.8401587301587323
122048_1767666600,122048,2026-01-06 02:30:00,0,0.0,8.082777777777773,-8.082777777777773,8.082777777777773
133957_1767666600,133957,2026-01-06 02:30:00,0,-32.0,-0.7353174603174586,-31.264682539682543,31.264682539682543
129964_1767666600,129964,2026-01-06 02:30:00,0,44.0,26.72134920634921,17.27865079365079,17.27865079365079
133957_1767666900,133957,2026-01-06 02:35:00,0,-32.0,21.56531746031746,-53.56531746031746,53.56531746031746
132430_1767666900,132430,2026-01-06 02:35:00,0,46.0,22.67626984126982,23.32373015873018,23.32373015873018
122048_1767666900,122048,2026-01-06 02:35:00,0,0.0,-0.06023809523809477,0.06023809523809477,0.06023809523809477
129964_1767666900,129964,2026-01-06 02:35:00,0,16.0,-6.892301587301589,22.89230158730159,22.89230158730159
133957_1767667200,133957,2026-01-06 02:40:00,0,17.0,20.188095238095233,-3.188095238095233,3.188095238095233
132430_1767667200,132430,2026-01-06 02:40:00,0,102.0,53.66809523809524,48.33190476190476,48.33190476190476
122048_1767667200,122048,2026-01-06 02:40:00,0,0.0,20.40634920634921,-20.40634920634921,20.40634920634921
129964_1767667200,129964,2026-01-06 02:40:00,0,-27.0,-8.707460317460315,-18.292539682539683,18.292539682539683
132430_1767667500,132430,2026-01-06 02:45:00,0,-23.0,29.88857142857142,-52.888571428571424,52.888571428571424
122048_1767667500,122048,2026-01-06 02:45:00,0,0.0,17.34214285714286,-17.34214285714286,17.34214285714286
129964_1767667500,129964,2026-01-06 02:45:00,0,2.0,86.87912698412696,-84.87912698412696,84.87912698412696
133957_1767667500,133957,2026-01-06 02:45:00,0,-66.0,8.844126984126987,-74.84412698412699,74.84412698412699
122048_1767667800,122048,2026-01-06 02:50:00,0,0.0,7.3951587301587285,-7.3951587301587285,7.3951587301587285
133957_1767667800,133957,2026-01-06 02:50:00,0,-74.0,-13.433174603174598,-60.5668253968254,60.5668253968254
132430_1767667800,132430,2026-01-06 02:50:00,0,-2.0,59.359047619047615,-61.359047619047615,61.359047619047615
129964_1767667800,129964,2026-01-06 02:50:00,0,-70.0,-15.838253968253973,-54.16174603174603,54.16174603174603
134040_1767667800,134040,2026-01-06 02:50:00,0,20.0,36.79984126984129,-16.799841269841288,16.799841269841288
129964_1767668100,129964,2026-01-06 02:55:00,0,-76.0,5.9620634920634945,-81.96206349206349,81.96206349206349
132430_1767668100,132430,2026-01-06 02:55:00,0,27.0,26.08880952380952,0.9111904761904803,0.9111904761904803
122048_1767668100,122048,2026-01-06 02:55:00,0,0.0,7.586825396825397,-7.586825396825397,7.586825396825397
133957_1767668100,133957,2026-01-06 02:55:00,0,-61.0,-11.097380952380947,-49.902619047619055,49.902619047619055
134040_1767668100,134040,2026-01-06 02:55:00,0,93.0,68.83269841269846,24.167301587301537,24.167301587301537
132430_1767668400,132430,2026-01-06 03:00:00,0,22.0,90.2795238095238,-68.2795238095238,68.2795238095238
122048_1767668400,122048,2026-01-06 03:00:00,0,0.0,8.87373015873016,-8.87373015873016,8.87373015873016
133957_1767668400,133957,2026-01-06 03:00:00,0,-34.0,9.08103174603174,-43.08103174603174,43.08103174603174
122048_1767668700,122048,2026-01-06 03:05:00,0,0.0,7.056269841269841,-7.056269841269841,7.056269841269841
132430_1767668700,132430,2026-01-06 03:05:00,0,74.0,103.00404761904768,-29.004047619047682,29.004047619047682
122048_1767669000,122048,2026-01-06 03:10:00,0,0.0,3.8421428571428557,-3.8421428571428557,3.8421428571428557
132430_1767669000,132430,2026-01-06 03:10:00,0,1.0,48.454285714285724,-47.454285714285724,47.454285714285724
133957_1767669300,133957,2026-01-06 03:15:00,0,46.0,34.16095238095237,11.839047619047633,11.839047619047633
132430_1767669300,132430,2026-01-06 03:15:00,0,4.0,57.98253968253969,-53.98253968253969,53.98253968253969
122048_1767669300,122048,2026-01-06 03:15:00,0,0.0,-10.511825396825394,10.511825396825394,10.511825396825394
122048_1767669600,122048,2026-01-06 03:20:00,0,0.0,-1.8659523809523808,1.8659523809523808,1.8659523809523808
133957_1767669600,133957,2026-01-06 03:20:00,0,58.0,50.85277777777779,7.1472222222222115,7.1472222222222115
132430_1767669600,132430,2026-01-06 03:20:00,0,84.0,45.713174603174586,38.286825396825414,38.286825396825414
133957_1767669900,133957,2026-01-06 03:25:00,0,40.0,50.58817460317463,-10.588174603174629,10.588174603174629
122048_1767669900,122048,2026-01-06 03:25:00,0,0.0,-22.941507936507936,22.941507936507936,22.941507936507936
132430_1767669900,132430,2026-01-06 03:25:00,0,58.0,2.7446825396825374,55.255317460317464,55.255317460317464
133957_1767670200,133957,2026-01-06 03:30:00,0,133.0,70.38730158730155,62.61269841269845,62.61269841269845
134040_1767670200,134040,2026-01-06 03:30:00,0,110.0,116.61730158730158,-6.617301587301583,6.617301587301583
129964_1767670200,129964,2026-01-06 03:30:00,0,74.0,84.24920634920635,-10.249206349206347,10.249206349206347
135081_1767670200,135081,2026-01-06 03:30:00,0,14.0,31.913888888888902,-17.913888888888902,17.913888888888902
122048_1767670200,122048,2026-01-06 03:30:00,0,0.0,3.261428571428572,-3.261428571428572,3.261428571428572
122048_1767670500,122048,2026-01-06 03:35:00,0,0.0,6.453571428571429,-6.453571428571429,6.453571428571429
129964_1767670500,129964,2026-01-06 03:35:00,0,61.0,28.289682539682545,32.710317460317455,32.710317460317455
133957_1767670500,133957,2026-01-06 03:35:00,0,55.0,56.929761904761875,-1.9297619047618753,1.9297619047618753
134040_1767670500,134040,2026-01-06 03:35:00,0,129.0,125.88341269841276,3.116587301587245,3.116587301587245
135081_1767670500,135081,2026-01-06 03:35:00,0,63.0,46.25714285714286,16.74285714285714,16.74285714285714
132430_1767670500,132430,2026-01-06 03:35:00,0,215.0,159.89166666666668,55.10833333333332,55.10833333333332
135081_1767670800,135081,2026-01-06 03:40:00,0,54.0,55.46460317460319,-1.464603174603191,1.464603174603191
129964_1767670800,129964,2026-01-06 03:40:00,0,-16.0,38.493809523809524,-54.493809523809524,54.493809523809524
133957_1767670800,133957,2026-01-06 03:40:00,0,-10.0,38.19230158730159,-48.19230158730159,48.19230158730159
122048_1767670800,122048,2026-01-06 03:40:00,0,0.0,7.8190476190476215,-7.8190476190476215,7.8190476190476215
134040_1767670800,134040,2026-01-06 03:40:00,0,132.0,162.51706349206358,-30.517063492063585,30.517063492063585
132430_1767670800,132430,2026-01-06 03:40:00,0,162.0,132.58468253968263,29.415317460317368,29.415317460317368
134040_1767671100,134040,2026-01-06 03:45:00,0,60.0,152.5398412698414,-92.53984126984139,92.53984126984139
133957_1767671100,133957,2026-01-06 03:45:00,0,-86.0,52.557936507936525,-138.55793650793652,138.55793650793652
129964_1767671100,129964,2026-01-06 03:45:00,0,-55.0,12.40452380952381,-67.40452380952381,67.40452380952381
132430_1767671100,132430,2026-01-06 03:45:00,0,137.0,90.74174603174603,46.25825396825397,46.25825396825397
122048_1767671100,122048,2026-01-06 03:45:00,0,0.0,-5.0376190476190486,5.0376190476190486,5.0376190476190486
135081_1767671100,135081,2026-01-06 03:45:00,0,45.0,75.45492063492063,-30.454920634920626,30.454920634920626
122048_1767671400,122048,2026-01-06 03:50:00,0,0.0,5.8946031746031755,-5.8946031746031755,5.8946031746031755
129964_1767671400,129964,2026-01-06 03:50:00,0,22.0,29.442142857142866,-7.442142857142866,7.442142857142866
132430_1767671400,132430,2026-01-06 03:50:00,0,244.0,207.0510317460318,36.94896825396819,36.94896825396819
134040_1767671400,134040,2026-01-06 03:50:00,0,43.0,132.34285714285718,-89.34285714285718,89.34285714285718
133957_1767671400,133957,2026-01-06 03:50:00,0,-86.0,-38.559603174603204,-47.440396825396796,47.440396825396796
135081_1767671400,135081,2026-01-06 03:50:00,0,84.0,83.03000000000006,0.969999999999942,0.969999999999942
135081_1767671700,135081,2026-01-06 03:55:00,0,104.0,51.09611111111114,52.90388888888886,52.90388888888886
132430_1767671700,132430,2026-01-06 03:55:00,0,324.0,179.0342857142856,144.9657142857144,144.9657142857144
133957_1767671700,133957,2026-01-06 03:55:00,0,-40.0,-14.868412698412698,-25.131587301587302,25.131587301587302
134040_1767671700,134040,2026-01-06 03:55:00,0,-29.0,57.67531746031743,-86.67531746031743,86.67531746031743
122048_1767671700,122048,2026-01-06 03:55:00,0,0.0,-3.2221428571428556,3.2221428571428556,3.2221428571428556
129964_1767671700,129964,2026-01-06 03:55:00,0,-50.0,-23.775634920634918,-26.224365079365082,26.224365079365082
135081_1767672000,135081,2026-01-06 04:00:00,0,-33.0,-8.27333333333333,-24.72666666666667,24.72666666666667
132430_1767672000,132430,2026-01-06 04:00:00,0,364.0,275.92230158730166,88.07769841269834,88.07769841269834
129964_1767672000,129964,2026-01-06 04:00:00,0,-7.0,34.29293650793651,-41.29293650793651,41.29293650793651
133957_1767672000,133957,2026-01-06 04:00:00,0,-29.0,-28.477460317460338,-0.5225396825396622,0.5225396825396622
135081_1767672300,135081,2026-01-06 04:05:00,0,-40.0,-19.701507936507937,-20.298492063492063,20.298492063492063
133957_1767672300,133957,2026-01-06 04:05:00,0,-51.0,-68.76476190476191,17.76476190476191,17.76476190476191
122048_1767672300,122048,2026-01-06 04:05:00,0,66.0,39.92476190476187,26.075238095238127,26.075238095238127
132430_1767672300,132430,2026-01-06 04:05:00,0,275.0,224.8365873015871,50.16341269841291,50.16341269841291
129964_1767672300,129964,2026-01-06 04:05:00,0,-9.0,-16.95825396825397,7.95825396825397,7.95825396825397
133957_1767672600,133957,2026-01-06 04:10:00,0,-8.0,-36.87198412698413,28.87198412698413,28.87198412698413
135081_1767672600,135081,2026-01-06 04:10:00,0,-145.0,-43.298492063492056,-101.70150793650794,101.70150793650794
122048_1767672600,122048,2026-01-06 04:10:00,0,66.0,42.2763492063492,23.723650793650798,23.723650793650798
132430_1767672600,132430,2026-01-06 04:10:00,0,322.0,269.0905555555555,52.90944444444449,52.90944444444449
133957_1767672900,133957,2026-01-06 04:15:00,0,-34.0,-46.76738095238095,12.767380952380947,12.767380952380947
122048_1767672900,122048,2026-01-06 04:15:00,0,170.0,74.5742857142857,95.4257142857143,95.4257142857143
132430_1767672900,132430,2026-01-06 04:15:00,0,130.0,162.959365079365,-32.959365079365,32.959365079365
130238_1767672900,130238,2026-01-06 04:15:00,0,-23.0,19.846428571428568,-42.84642857142857,42.84642857142857
135081_1767672900,135081,2026-01-06 04:15:00,0,-98.0,-25.803333333333335,-72.19666666666666,72.19666666666666
129964_1767672900,129964,2026-01-06 04:15:00,0,-29.0,-44.9688888888889,15.968888888888898,15.968888888888898
129964_1767673200,129964,2026-01-06 04:20:00,0,-57.0,-21.856587301587286,-35.14341269841272,35.14341269841272
130238_1767673200,130238,2026-01-06 04:20:00,0,39.0,53.25373015873017,-14.253730158730171,14.253730158730171
122048_1767673200,122048,2026-01-06 04:20:00,0,41.0,61.81547619047617,-20.81547619047617,20.81547619047617
132430_1767673200,132430,2026-01-06 04:20:00,0,129.0,197.4556349206349,-68.4556349206349,68.4556349206349
135081_1767673200,135081,2026-01-06 04:20:00,0,71.0,-19.4434126984127,90.4434126984127,90.4434126984127
129964_1767673500,129964,2026-01-06 04:25:00,0,19.0,15.629682539682543,3.370317460317457,3.370317460317457
122048_1767673500,122048,2026-01-06 04:25:00,0,25.0,120.41579365079366,-95.41579365079366,95.41579365079366
132430_1767673500,132430,2026-01-06 04:25:00,0,265.0,236.65674603174605,28.343253968253947,28.343253968253947
130238_1767673500,130238,2026-01-06 04:25:00,0,26.0,20.583888888888914,5.416111111111086,5.416111111111086
135081_1767673500,135081,2026-01-06 04:25:00,0,64.0,20.687698412698413,43.31230158730159,43.31230158730159
130238_1767673800,130238,2026-01-06 04:30:00,0,10.0,69.76285714285713,-59.76285714285713,59.76285714285713
131672_1767673800,131672,2026-01-06 04:30:00,0,-73.0,4.730396825396824,-77.73039682539682,77.73039682539682
133957_1767673800,133957,2026-01-06 04:30:00,0,32.0,47.113968253968274,-15.113968253968274,15.113968253968274
129964_1767673800,129964,2026-01-06 04:30:00,0,-15.0,33.643333333333324,-48.643333333333324,48.643333333333324
135081_1767673800,135081,2026-01-06 04:30:00,0,111.0,32.016587301587286,78.9834126984127,78.9834126984127
129964_1767674100,129964,2026-01-06 04:35:00,0,72.0,90.16079365079369,-18.160793650793693,18.160793650793693
130238_1767674100,130238,2026-01-06 04:35:00,0,131.0,62.63134920634922,68.36865079365077,68.36865079365077
135081_1767674100,135081,2026-01-06 04:35:00,0,80.0,89.80309523809522,-9.803095238095224,9.803095238095224
131672_1767674100,131672,2026-01-06 04:35:00,0,121.0,-8.975873015873018,129.97587301587302,129.97587301587302
133957_1767674100,133957,2026-01-06 04:35:00,0,43.0,51.50523809523811,-8.505238095238113,8.505238095238113
133957_1767674400,133957,2026-01-06 04:40:00,0,74.0,58.17539682539685,15.824603174603148,15.824603174603148
135081_1767674400,135081,2026-01-06 04:40:00,0,122.0,125.20269841269837,-3.2026984126983677,3.2026984126983677
129964_1767674400,129964,2026-01-06 04:40:00,0,95.0,79.77523809523802,15.224761904761976,15.224761904761976
131672_1767674400,131672,2026-01-06 04:40:00,0,145.0,51.011190476190485,93.98880952380952,93.98880952380952
130238_1767674400,130238,2026-01-06 04:40:00,0,168.0,15.7281746031746,152.2718253968254,152.2718253968254
130238_1767674700,130238,2026-01-06 04:45:00,0,240.0,124.92587301587307,115.07412698412693,115.07412698412693
131672_1767674700,131672,2026-01-06 04:45:00,0,125.0,60.57357142857143,64.42642857142857,64.42642857142857
133957_1767674700,133957,2026-01-06 04:45:00,0,171.0,84.16769841269844,86.83230158730156,86.83230158730156
135081_1767674700,135081,2026-01-06 04:45:00,0,94.0,76.94261904761899,17.05738095238101,17.05738095238101
129964_1767674700,129964,2026-01-06 04:45:00,0,46.0,28.187539682539676,17.812460317460324,17.812460317460324
130238_1767675000,130238,2026-01-06 04:50:00,0,233.0,186.16738095238105,46.83261904761895,46.83261904761895
135081_1767675000,135081,2026-01-06 04:50:00,0,53.0,44.98738095238093,8.012619047619069,8.012619047619069
129964_1767675000,129964,2026-01-06 04:50:00,0,38.0,19.167857142857137,18.832142857142863,18.832142857142863
131672_1767675000,131672,2026-01-06 04:50:00,0,166.0,144.71388888888893,21.28611111111107,21.28611111111107
133300_1767675000,133300,2026-01-06 04:50:00,0,99.0,32.04325396825397,66.95674603174604,66.95674603174604
133957_1767675000,133957,2026-01-06 04:50:00,0,92.0,89.27746031746032,2.7225396825396757,2.7225396825396757
135081_1767675300,135081,2026-01-06 04:55:00,0,208.0,186.29984126984132,21.700158730158677,21.700158730158677
133300_1767675300,133300,2026-01-06 04:55:00,0,99.0,88.76380952380948,10.236190476190515,10.236190476190515
131672_1767675300,131672,2026-01-06 04:55:00,0,88.0,94.79873015873018,-6.79873015873018,6.79873015873018
129964_1767675300,129964,2026-01-06 04:55:00,0,105.0,66.96698412698412,38.033015873015884,38.033015873015884
133957_1767675300,133957,2026-01-06 04:55:00,0,5.0,5.758253968253969,-0.7582539682539693,0.7582539682539693
133957_1767675600,133957,2026-01-06 05:00:00,0,-10.0,-12.43365079365079,2.4336507936507896,2.4336507936507896
122048_1767675600,122048,2026-01-06 05:00:00,0,-68.0,-24.878888888888874,-43.12111111111113,43.12111111111113
133300_1767675600,133300,2026-01-06 05:00:00,0,180.0,144.34579365079375,35.65420634920625,35.65420634920625
129964_1767675600,129964,2026-01-06 05:00:00,0,46.0,67.09404761904766,-21.094047619047657,21.094047619047657
135081_1767675600,135081,2026-01-06 05:00:00,0,299.0,161.21484126984126,137.78515873015874,137.78515873015874
133300_1767675900,133300,2026-01-06 05:05:00,0,135.0,141.66857142857145,-6.668571428571454,6.668571428571454
122048_1767675900,122048,2026-01-06 05:05:00,0,-86.0,9.981984126984127,-95.98198412698413,95.98198412698413
129964_1767675900,129964,2026-01-06 05:05:00,0,20.0,60.96333333333335,-40.96333333333335,40.96333333333335
133957_1767675900,133957,2026-01-06 05:05:00,0,-32.0,34.245396825396824,-66.24539682539682,66.24539682539682
135081_1767675900,135081,2026-01-06 05:05:00,0,224.0,180.75119047619057,43.24880952380943,43.24880952380943
133300_1767676200,133300,2026-01-06 05:10:00,0,170.0,200.7093650793651,-30.709365079365114,30.709365079365114
133957_1767676200,133957,2026-01-06 05:10:00,0,95.0,-3.3291269841269844,98.32912698412699,98.32912698412699
133300_1767676500,133300,2026-01-06 05:15:00,0,169.0,143.0914285714286,25.908571428571406,25.908571428571406
133300_1767676800,133300,2026-01-06 05:20:00,0,289.0,215.2196825396825,73.78031746031749,73.78031746031749
133300_1767677400,133300,2026-01-06 05:30:00,0,87.0,97.465,-10.465000000000003,10.465000000000003
130238_1767677400,130238,2026-01-06 05:30:00,0,-50.0,-1.3013492063492056,-48.69865079365079,48.69865079365079
134040_1767677400,134040,2026-01-06 05:30:00,0,71.0,106.42817460317451,-35.42817460317451,35.42817460317451
134040_1767677700,134040,2026-01-06 05:35:00,0,174.0,168.98523809523806,5.01476190476194,5.01476190476194
133300_1767677700,133300,2026-01-06 05:35:00,0,87.0,83.65468253968251,3.3453174603174887,3.3453174603174887
130238_1767677700,130238,2026-01-06 05:35:00,0,-47.0,-9.453095238095239,-37.54690476190476,37.54690476190476
130238_1767678000,130238,2026-01-06 05:40:00,0,-45.0,45.24134920634925,-90.24134920634924,90.24134920634924
133300_1767678000,133300,2026-01-06 05:40:00,0,108.0,142.60460317460294,-34.60460317460294,34.60460317460294
134040_1767678000,134040,2026-01-06 05:40:00,0,-25.0,56.92492063492064,-81.92492063492064,81.92492063492064
133300_1767678300,133300,2026-01-06 05:45:00,0,59.0,96.15690476190477,-37.15690476190477,37.15690476190477
130238_1767678300,130238,2026-01-06 05:45:00,0,-142.0,-81.71841269841269,-60.28158730158731,60.28158730158731
133300_1767678600,133300,2026-01-06 05:50:00,0,40.0,129.59531746031743,-89.59531746031743,89.59531746031743
133300_1767678900,133300,2026-01-06 05:55:00,0,-2.0,92.12595238095238,-94.12595238095238,94.12595238095238
130238_1767679500,130238,2026-01-06 06:05:00,0,0.0,-1.232301587301588,1.232301587301588,1.232301587301588
130238_1767679800,130238,2026-01-06 06:10:00,0,0.0,-13.728095238095241,13.728095238095241,13.728095238095241
132430_1767679800,132430,2026-01-06 06:10:00,0,73.0,56.69571428571432,16.304285714285683,16.304285714285683
134040_1767679800,134040,2026-01-06 06:10:00,0,23.0,16.133253968253964,6.866746031746036,6.866746031746036
132430_1767680100,132430,2026-01-06 06:15:00,0,73.0,70.38801587301589,2.6119841269841118,2.6119841269841118
134040_1767680100,134040,2026-01-06 06:15:00,0,26.0,43.30857142857145,-17.308571428571447,17.308571428571447
130238_1767680100,130238,2026-01-06 06:15:00,0,0.0,0.3583333333333327,-0.3583333333333327,0.3583333333333327
134040_1767680400,134040,2026-01-06 06:20:00,0,-52.0,-14.60341269841269,-37.39658730158731,37.39658730158731
130238_1767680400,130238,2026-01-06 06:20:00,0,0.0,6.6519047619047615,-6.6519047619047615,6.6519047619047615
132430_1767680400,132430,2026-01-06 06:20:00,0,-15.0,10.038730158730159,-25.03873015873016,25.03873015873016
134040_1767680700,134040,2026-01-06 06:25:00,0,-87.0,60.34801587301589,-147.3480158730159,147.3480158730159
132430_1767680700,132430,2026-01-06 06:25:00,0,-42.0,27.798730158730137,-69.79873015873014,69.79873015873014
132430_1767681000,132430,2026-01-06 06:30:00,0,32.0,104.50753968253983,-72.50753968253983,72.50753968253983
122658_1767681000,122658,2026-01-06 06:30:00,0,181.0,194.69015873015869,-13.690158730158686,13.690158730158686
133300_1767681000,133300,2026-01-06 06:30:00,0,12.0,43.53222222222223,-31.53222222222223,31.53222222222223
134040_1767681000,134040,2026-01-06 06:30:00,0,-111.0,-28.78738095238095,-82.21261904761906,82.21261904761906
134040_1767681300,134040,2026-01-06 06:35:00,0,-75.0,-9.827301587301584,-65.17269841269842,65.17269841269842
132430_1767681300,132430,2026-01-06 06:35:00,0,126.0,57.94976190476189,68.05023809523811,68.05023809523811
133300_1767681300,133300,2026-01-06 06:35:00,0,-61.0,87.80642857142861,-148.80642857142863,148.80642857142863
122658_1767681300,122658,2026-01-06 06:35:00,0,0.0,20.570079365079366,-20.570079365079366,20.570079365079366
132430_1767681600,132430,2026-01-06 06:40:00,0,65.0,69.59833333333337,-4.598333333333372,4.598333333333372
122658_1767681600,122658,2026-01-06 06:40:00,0,0.0,29.52992063492064,-29.52992063492064,29.52992063492064
131672_1767681900,131672,2026-01-06 06:45:00,0,37.0,28.977063492063486,8.022936507936514,8.022936507936514
122658_1767681900,122658,2026-01-06 06:45:00,0,0.0,30.528333333333325,-30.528333333333325,30.528333333333325
132430_1767681900,132430,2026-01-06 06:45:00,0,-62.0,-31.371428571428595,-30.628571428571405,30.628571428571405
131672_1767682200,131672,2026-01-06 06:50:00,0,13.0,29.488333333333326,-16.488333333333326,16.488333333333326
132430_1767682200,132430,2026-01-06 06:50:00,0,-16.0,60.313174603174595,-76.31317460317459,76.31317460317459
122658_1767682200,122658,2026-01-06 06:50:00,0,0.0,13.925238095238093,-13.925238095238093,13.925238095238093
131672_1767682500,131672,2026-01-06 06:55:00,0,16.0,42.966587301587296,-26.966587301587296,26.966587301587296
122658_1767682500,122658,2026-01-06 06:55:00,0,0.0,4.665396825396826,-4.665396825396826,4.665396825396826
122658_1767682800,122658,2026-01-06 07:00:00,0,0.0,10.33,-10.33,10.33
131672_1767682800,131672,2026-01-06 07:00:00,0,-48.0,57.389920634920585,-105.38992063492059,105.38992063492059
131672_1767683100,131672,2026-01-06 07:05:00,0,-52.0,-29.097539682539683,-22.902460317460317,22.902460317460317
122658_1767683100,122658,2026-01-06 07:05:00,0,0.0,7.3769841269841265,-7.3769841269841265,7.3769841269841265
131672_1767683400,131672,2026-01-06 07:10:00,0,-178.0,-145.0330952380951,-32.966904761904914,32.966904761904914
122658_1767683400,122658,2026-01-06 07:10:00,0,-11.0,22.985793650793642,-33.98579365079364,33.98579365079364
122658_1767683700,122658,2026-01-06 07:15:00,0,96.0,79.78166666666664,16.218333333333362,16.218333333333362
131672_1767683700,131672,2026-01-06 07:15:00,0,-200.0,-105.85460317460311,-94.14539682539689,94.14539682539689
122658_1767684000,122658,2026-01-06 07:20:00,0,58.0,89.5918253968254,-31.5918253968254,31.5918253968254
131672_1767684000,131672,2026-01-06 07:20:00,0,-74.0,-60.06087301587302,-13.939126984126979,13.939126984126979
122658_1767684300,122658,2026-01-06 07:25:00,0,118.0,137.8538888888888,-19.853888888888804,19.853888888888804
131672_1767684300,131672,2026-01-06 07:25:00,0,24.0,-6.5960317460317475,30.59603174603175,30.59603174603175
131672_1767684600,131672,2026-01-06 07:30:00,0,-63.0,-14.415793650793649,-48.584206349206355,48.584206349206355
122658_1767684600,122658,2026-01-06 07:30:00,0,97.0,133.35142857142858,-36.351428571428585,36.351428571428585
122658_1767684900,122658,2026-01-06 07:35:00,0,97.0,106.97626984126984,-9.97626984126984,9.97626984126984
122658_1767685200,122658,2026-01-06 07:40:00,0,0.0,12.041984126984124,-12.041984126984124,12.041984126984124
122613_1767689700,122613,2026-01-06 08:55:00,0,49.0,47.03888888888886,1.961111111111137,1.961111111111137
122613_1767693600,122613,2026-01-06 10:00:00,0,-180.0,-146.64134920634913,-33.35865079365087,33.35865079365087
122613_1767693900,122613,2026-01-06 10:05:00,0,-108.0,-92.16269841269838,-15.837301587301624,15.837301587301624
122613_1767694200,122613,2026-01-06 10:10:00,0,-140.0,-85.13357142857137,-54.86642857142863,54.86642857142863
122613_1767694500,122613,2026-01-06 10:15:00,0,-70.0,-64.81896825396825,-5.181031746031749,5.181031746031749
122613_1767694800,122613,2026-01-06 10:20:00,0,-38.0,-39.098650793650805,1.0986507936508048,1.0986507936508048
122613_1767695100,122613,2026-01-06 10:25:00,0,30.0,25.9423015873016,4.0576984126984,4.0576984126984
122613_1767695400,122613,2026-01-06 10:30:00,0,123.0,61.0579365079365,61.9420634920635,61.9420634920635
122613_1767695700,122613,2026-01-06 10:35:00,0,61.0,75.39706349206348,-14.39706349206348,14.39706349206348
122613_1767696900,122613,2026-01-06 10:55:00,0,0.0,18.862936507936492,-18.862936507936492,18.862936507936492
122613_1767699000,122613,2026-01-06 11:30:00,0,0.0,33.23896825396822,-33.23896825396822,33.23896825396822
130072_1767730200,130072,2026-01-06 20:10:00,0,60.0,57.17460317460317,2.8253968253968296,2.8253968253968296
130072_1767730500,130072,2026-01-06 20:15:00,0,60.0,53.25738095238093,6.742619047619073,6.742619047619073
130072_1767730800,130072,2026-01-06 20:20:00,0,106.0,56.569126984126996,49.430873015873004,49.430873015873004
130072_1767731100,130072,2026-01-06 20:25:00,0,22.0,55.27166666666666,-33.27166666666666,33.27166666666666
130072_1767731400,130072,2026-01-06 20:30:00,0,49.0,100.24452380952386,-51.244523809523855,51.244523809523855
130072_1767731700,130072,2026-01-06 20:35:00,0,78.0,58.630873015873014,19.369126984126986,19.369126984126986
134494_1767738000,134494,2026-01-06 22:20:00,0,0.0,7.010634920634918,-7.010634920634918,7.010634920634918
134494_1767738300,134494,2026-01-06 22:25:00,0,0.0,4.778333333333334,-4.778333333333334,4.778333333333334
134494_1767738600,134494,2026-01-06 22:30:00,0,0.0,2.4519841269841276,-2.4519841269841276,2.4519841269841276
129964_1767676200,129964,2026-01-06 05:10:00,1,91.0,92.72301587301588,-1.723015873015882,1.723015873015882
135081_1767676200,135081,2026-01-06 05:10:00,1,126.0,166.8212698412699,-40.821269841269896,40.821269841269896
122048_1767676200,122048,2026-01-06 05:10:00,1,25.0,8.20253968253968,16.79746031746032,16.79746031746032
135081_1767676500,135081,2026-01-06 05:15:00,1,-30.0,79.23206349206349,-109.23206349206349,109.23206349206349
122048_1767676500,122048,2026-01-06 05:15:00,1,-41.0,20.2826984126984,-61.2826984126984,61.2826984126984
133957_1767676500,133957,2026-01-06 05:15:00,1,61.0,13.79047619047619,47.20952380952381,47.20952380952381
122048_1767676800,122048,2026-01-06 05:20:00,1,-163.0,-20.73722222222223,-142.26277777777779,142.26277777777779
133957_1767676800,133957,2026-01-06 05:20:00,1,7.0,-3.274285714285713,10.274285714285714,10.274285714285714
122048_1767677100,122048,2026-01-06 05:25:00,1,-177.0,-27.44468253968254,-149.55531746031747,149.55531746031747
133957_1767677100,133957,2026-01-06 05:25:00,1,-94.0,39.49349206349206,-133.49349206349206,133.49349206349206
122048_1767677400,122048,2026-01-06 05:30:00,1,-65.0,-32.486746031746044,-32.513253968253956,32.513253968253956
133957_1767677400,133957,2026-01-06 05:30:00,1,-91.0,-8.501587301587303,-82.4984126984127,82.4984126984127
122048_1767677700,122048,2026-01-06 05:35:00,1,12.0,7.855555555555557,4.144444444444443,4.144444444444443
122048_1767678000,122048,2026-01-06 05:40:00,1,47.0,16.3802380952381,30.6197619047619,30.6197619047619
122048_1767678300,122048,2026-01-06 05:45:00,1,124.0,-4.079285714285714,128.0792857142857,128.0792857142857
122048_1767678600,122048,2026-01-06 05:50:00,1,172.0,39.02174603174605,132.97825396825397,132.97825396825397
122048_1767678900,122048,2026-01-06 05:55:00,1,140.0,136.73,3.2700000000000102,3.2700000000000102
133957_1767679500,133957,2026-01-06 06:05:00,1,49.0,40.47142857142854,8.52857142857146,8.52857142857146
133957_1767679800,133957,2026-01-06 06:10:00,1,71.0,66.66880952380953,4.331190476190471,4.331190476190471
133957_1767680100,133957,2026-01-06 06:15:00,1,111.0,69.87738095238095,41.122619047619054,41.122619047619054
133957_1767680400,133957,2026-01-06 06:20:00,1,18.0,70.3578571428571,-52.3578571428571,52.3578571428571
129964_1767680400,129964,2026-01-06 06:20:00,1,-51.0,-27.965238095238096,-23.034761904761904,23.034761904761904
133957_1767680700,133957,2026-01-06 06:25:00,1,39.0,80.21936507936509,-41.21936507936509,41.21936507936509
130238_1767680700,130238,2026-01-06 06:25:00,1,0.0,9.992619047619048,-9.992619047619048,9.992619047619048
129964_1767680700,129964,2026-01-06 06:25:00,1,-106.0,-37.838968253968225,-68.16103174603177,68.16103174603177
133957_1767681000,133957,2026-01-06 06:30:00,1,-30.0,26.939285714285706,-56.9392857142857,56.9392857142857
129964_1767681000,129964,2026-01-06 06:30:00,1,7.0,14.609682539682533,-7.609682539682533,7.609682539682533
130238_1767681000,130238,2026-01-06 06:30:00,1,0.0,15.18587301587302,-15.18587301587302,15.18587301587302
129964_1767681300,129964,2026-01-06 06:35:00,1,47.0,39.02626984126983,7.97373015873017,7.97373015873017
130238_1767681300,130238,2026-01-06 06:35:00,1,0.0,5.1322222222222225,-5.1322222222222225,5.1322222222222225
133957_1767681300,133957,2026-01-06 06:35:00,1,-59.0,-20.062380952380956,-38.937619047619044,38.937619047619044
130238_1767681600,130238,2026-01-06 06:40:00,1,0.0,7.422380952380951,-7.422380952380951,7.422380952380951
133300_1767681600,133300,2026-01-06 06:40:00,1,159.0,129.045,29.955000000000013,29.955000000000013
134040_1767681600,134040,2026-01-06 06:40:00,1,1.0,-5.498333333333337,6.498333333333337,6.498333333333337
133957_1767681600,133957,2026-01-06 06:40:00,1,-30.0,-6.2769047619047615,-23.72309523809524,23.72309523809524
129964_1767681600,129964,2026-01-06 06:40:00,1,39.0,11.470634920634927,27.52936507936507,27.52936507936507
133300_1767681900,133300,2026-01-06 06:45:00,1,79.0,57.432936507936546,21.567063492063454,21.567063492063454
130238_1767681900,130238,2026-01-06 06:45:00,1,0.0,4.114920634920635,-4.114920634920635,4.114920634920635
134040_1767681900,134040,2026-01-06 06:45:00,1,-38.0,-11.408650793650795,-26.591349206349207,26.591349206349207
129964_1767681900,129964,2026-01-06 06:45:00,1,148.0,84.42785714285708,63.57214285714292,63.57214285714292
133957_1767681900,133957,2026-01-06 06:45:00,1,-58.0,-29.81285714285715,-28.18714285714285,28.18714285714285
133957_1767682200,133957,2026-01-06 06:50:00,1,-19.0,-55.3453174603175,36.3453174603175,36.3453174603175
133300_1767682200,133300,2026-01-06 06:50:00,1,79.0,61.029444444444444,17.970555555555556,17.970555555555556
134040_1767682200,134040,2026-01-06 06:50:00,1,-71.0,-24.268888888888906,-46.73111111111109,46.73111111111109
129964_1767682200,129964,2026-01-06 06:50:00,1,188.0,124.73912698412694,63.26087301587306,63.26087301587306
129964_1767682500,129964,2026-01-06 06:55:00,1,84.0,96.81301587301593,-12.813015873015928,12.813015873015928
132430_1767682500,132430,2026-01-06 06:55:00,1,248.0,157.73714285714283,90.26285714285717,90.26285714285717
133300_1767682500,133300,2026-01-06 06:55:00,1,173.0,111.56071428571421,61.43928571428579,61.43928571428579
133957_1767682500,133957,2026-01-06 06:55:00,1,-45.0,-17.73484126984127,-27.26515873015873,27.26515873015873
134040_1767682500,134040,2026-01-06 06:55:00,1,46.0,4.745396825396827,41.254603174603176,41.254603174603176
133957_1767682800,133957,2026-01-06 07:00:00,1,-74.0,-37.1002380952381,-36.8997619047619,36.8997619047619
132430_1767682800,132430,2026-01-06 07:00:00,1,267.0,255.8542857142856,11.145714285714405,11.145714285714405
133300_1767682800,133300,2026-01-06 07:00:00,1,135.0,93.10507936507938,41.894920634920624,41.894920634920624
129964_1767682800,129964,2026-01-06 07:00:00,1,70.0,109.42555555555552,-39.42555555555552,39.42555555555552
133957_1767683100,133957,2026-01-06 07:05:00,1,-8.0,-16.769047619047612,8.769047619047612,8.769047619047612
133300_1767683100,133300,2026-01-06 07:05:00,1,169.0,179.01976190476196,-10.019761904761964,10.019761904761964
132430_1767683100,132430,2026-01-06 07:05:00,1,408.0,213.7203968253967,194.2796031746033,194.2796031746033
129964_1767683100,129964,2026-01-06 07:05:00,1,154.0,136.65952380952376,17.340476190476238,17.340476190476238
129964_1767683400,129964,2026-01-06 07:10:00,1,81.0,124.47642857142861,-43.47642857142861,43.47642857142861
132430_1767683400,132430,2026-01-06 07:10:00,1,270.0,251.95484126984135,18.045158730158647,18.045158730158647
133300_1767683400,133300,2026-01-06 07:10:00,1,166.0,165.5149206349206,0.4850793650794003,0.4850793650794003
129964_1767683700,129964,2026-01-06 07:15:00,1,145.0,100.8180952380953,44.181904761904704,44.181904761904704
133300_1767683700,133300,2026-01-06 07:15:00,1,240.0,236.8652380952382,3.1347619047618025,3.1347619047618025
133957_1767683700,133957,2026-01-06 07:15:00,1,10.0,24.712063492063486,-14.712063492063486,14.712063492063486
132430_1767683700,132430,2026-01-06 07:15:00,1,163.0,163.0748412698412,-0.07484126984118689,0.07484126984118689
133957_1767684000,133957,2026-01-06 07:20:00,1,33.0,59.322619047619064,-26.322619047619064,26.322619047619064
133300_1767684000,133300,2026-01-06 07:20:00,1,116.0,109.91166666666673,6.088333333333267,6.088333333333267
129964_1767684000,129964,2026-01-06 07:20:00,1,134.0,114.81031746031748,19.189682539682522,19.189682539682522
132430_1767684000,132430,2026-01-06 07:20:00,1,246.0,202.38134920634906,43.61865079365094,43.61865079365094
133300_1767684300,133300,2026-01-06 07:25:00,1,116.0,94.6316666666667,21.368333333333297,21.368333333333297
132430_1767684300,132430,2026-01-06 07:25:00,1,230.0,201.52531746031755,28.474682539682448,28.474682539682448
130238_1767684300,130238,2026-01-06 07:25:00,1,16.0,22.746984126984128,-6.7469841269841275,6.7469841269841275
133957_1767684300,133957,2026-01-06 07:25:00,1,71.0,87.93285714285713,-16.93285714285713,16.93285714285713
129964_1767684600,129964,2026-01-06 07:30:00,1,-29.0,55.73579365079368,-84.73579365079368,84.73579365079368
135081_1767684600,135081,2026-01-06 07:30:00,1,-78.0,-82.30626984126984,4.306269841269838,4.306269841269838
132430_1767684600,132430,2026-01-06 07:30:00,1,215.0,173.30650793650798,41.693492063492016,41.693492063492016
122048_1767684600,122048,2026-01-06 07:30:00,1,350.0,355.4657936507936,-5.465793650793614,5.465793650793614
133300_1767684600,133300,2026-01-06 07:30:00,1,214.0,161.69095238095235,52.30904761904765,52.30904761904765
131672_1767684900,131672,2026-01-06 07:35:00,1,-96.0,-17.06301587301588,-78.93698412698413,78.93698412698413
135081_1767684900,135081,2026-01-06 07:35:00,1,-28.0,-76.98015873015873,48.980158730158735,48.980158730158735
122048_1767684900,122048,2026-01-06 07:35:00,1,304.0,310.3814285714286,-6.381428571428614,6.381428571428614
129964_1767684900,129964,2026-01-06 07:35:00,1,-70.0,-23.715952380952384,-46.28404761904761,46.28404761904761
132430_1767684900,132430,2026-01-06 07:35:00,1,183.0,184.50920634920627,-1.5092063492062664,1.5092063492062664
133300_1767684900,133300,2026-01-06 07:35:00,1,244.0,139.12444444444435,104.87555555555565,104.87555555555565
135081_1767685200,135081,2026-01-06 07:40:00,1,59.0,2.432698412698413,56.567301587301586,56.567301587301586
122048_1767685200,122048,2026-01-06 07:40:00,1,183.0,237.09214285714253,-54.092142857142534,54.092142857142534
133300_1767685200,133300,2026-01-06 07:40:00,1,255.0,204.98896825396832,50.01103174603168,50.01103174603168
131672_1767685200,131672,2026-01-06 07:40:00,1,-126.0,-38.62182539682542,-87.37817460317459,87.37817460317459
129964_1767685200,129964,2026-01-06 07:40:00,1,-34.0,32.58436507936509,-66.58436507936509,66.58436507936509
122048_1767685500,122048,2026-01-06 07:45:00,1,141.0,180.47912698412694,-39.479126984126935,39.479126984126935
129964_1767685500,129964,2026-01-06 07:45:00,1,-4.0,-15.54150793650793,11.54150793650793,11.54150793650793
132430_1767685500,132430,2026-01-06 07:45:00,1,167.0,96.92499999999994,70.07500000000006,70.07500000000006
135081_1767685500,135081,2026-01-06 07:45:00,1,275.0,66.81484126984124,208.18515873015878,208.18515873015878
122658_1767685500,122658,2026-01-06 07:45:00,1,0.0,-0.15769841269841264,0.15769841269841264,0.15769841269841264
133300_1767685500,133300,2026-01-06 07:45:00,1,286.0,287.2307936507936,-1.2307936507936006,1.2307936507936006
135081_1767685800,135081,2026-01-06 07:50:00,1,288.0,87.58357142857142,200.41642857142858,200.41642857142858
133300_1767685800,133300,2026-01-06 07:50:00,1,404.0,325.3069047619049,78.69309523809511,78.69309523809511
132430_1767685800,132430,2026-01-06 07:50:00,1,64.0,70.06944444444443,-6.069444444444429,6.069444444444429
129964_1767685800,129964,2026-01-06 07:50:00,1,17.0,-12.488095238095235,29.488095238095234,29.488095238095234
122048_1767685800,122048,2026-01-06 07:50:00,1,45.0,105.8835714285714,-60.8835714285714,60.8835714285714
122658_1767685800,122658,2026-01-06 07:50:00,1,0.0,28.538650793650792,-28.538650793650792,28.538650793650792
135081_1767686100,135081,2026-01-06 07:55:00,1,247.0,180.55968253968248,66.44031746031752,66.44031746031752
132430_1767686100,132430,2026-01-06 07:55:00,1,53.0,46.35063492063494,6.649365079365062,6.649365079365062
122048_1767686100,122048,2026-01-06 07:55:00,1,-35.0,68.73603174603171,-103.73603174603171,103.73603174603171
122658_1767686100,122658,2026-01-06 07:55:00,1,0.0,4.189126984126985,-4.189126984126985,4.189126984126985
129964_1767686100,129964,2026-01-06 07:55:00,1,162.0,66.6061111111111,95.3938888888889,95.3938888888889
132430_1767686400,132430,2026-01-06 08:00:00,1,30.0,114.54674603174597,-84.54674603174597,84.54674603174597
130238_1767686400,130238,2026-01-06 08:00:00,1,107.0,149.8444444444444,-42.844444444444406,42.844444444444406
129964_1767686400,129964,2026-01-06 08:00:00,1,97.0,17.630476190476184,79.36952380952381,79.36952380952381
122048_1767686400,122048,2026-01-06 08:00:00,1,-43.0,78.88396825396826,-121.88396825396826,121.88396825396826
130238_1767686700,130238,2026-01-06 08:05:00,1,1.0,125.09174603174603,-124.09174603174603,124.09174603174603
122048_1767686700,122048,2026-01-06 08:05:00,1,-49.0,-4.024047619047621,-44.97595238095238,44.97595238095238
132430_1767686700,132430,2026-01-06 08:05:00,1,53.0,100.29206349206348,-47.29206349206348,47.29206349206348
129964_1767686700,129964,2026-01-06 08:05:00,1,64.0,87.28285714285714,-23.28285714285714,23.28285714285714
122048_1767687000,122048,2026-01-06 08:10:00,1,104.0,40.63674603174602,63.36325396825398,63.36325396825398
132430_1767687000,132430,2026-01-06 08:10:00,1,42.0,32.33126984126984,9.668730158730163,9.668730158730163
129964_1767687000,129964,2026-01-06 08:10:00,1,42.0,75.97873015873016,-33.97873015873016,33.97873015873016
132430_1767687300,132430,2026-01-06 08:15:00,1,-108.0,-38.02404761904761,-69.97595238095239,69.97595238095239
122048_1767687300,122048,2026-01-06 08:15:00,1,99.0,38.39412698412697,60.60587301587303,60.60587301587303
129964_1767687300,129964,2026-01-06 08:15:00,1,108.0,69.13746031746034,38.86253968253966,38.86253968253966
132430_1767687600,132430,2026-01-06 08:20:00,1,-132.0,-74.14785714285713,-57.852142857142866,57.852142857142866
122048_1767687600,122048,2026-01-06 08:20:00,1,49.0,98.93904761904761,-49.939047619047614,49.939047619047614
129964_1767687600,129964,2026-01-06 08:20:00,1,8.0,-22.43007936507937,30.43007936507937,30.43007936507937
132430_1767687900,132430,2026-01-06 08:25:00,1,-101.0,77.17579365079365,-178.17579365079365,178.17579365079365
122048_1767687900,122048,2026-01-06 08:25:00,1,80.0,139.91825396825396,-59.918253968253964,59.918253968253964
122658_1767688200,122658,2026-01-06 08:30:00,1,137.0,131.94944444444445,5.0505555555555475,5.0505555555555475
131672_1767688200,131672,2026-01-06 08:30:00,1,16.0,4.535079365079363,11.464920634920638,11.464920634920638
130238_1767688200,130238,2026-01-06 08:30:00,1,27.0,34.5968253968254,-7.596825396825402,7.596825396825402
132430_1767688200,132430,2026-01-06 08:30:00,1,194.0,231.2091269841269,-37.2091269841269,37.2091269841269
122048_1767688200,122048,2026-01-06 08:30:00,1,68.0,65.01682539682538,2.983174603174618,2.983174603174618
134040_1767688200,134040,2026-01-06 08:30:00,1,154.0,67.04769841269842,86.95230158730158,86.95230158730158
122048_1767688500,122048,2026-01-06 08:35:00,1,49.0,90.36206349206353,-41.36206349206353,41.36206349206353
122658_1767688500,122658,2026-01-06 08:35:00,1,-33.0,18.535952380952384,-51.53595238095238,51.53595238095238
134040_1767688500,134040,2026-01-06 08:35:00,1,141.0,162.5679365079366,-21.567936507936594,21.567936507936594
131672_1767688500,131672,2026-01-06 08:35:00,1,20.0,27.689920634920625,-7.689920634920625,7.689920634920625
130238_1767688500,130238,2026-01-06 08:35:00,1,-8.0,-11.245714285714296,3.245714285714296,3.245714285714296
132430_1767688500,132430,2026-01-06 08:35:00,1,268.0,247.27380952380943,20.726190476190567,20.726190476190567
122048_1767688800,122048,2026-01-06 08:40:00,1,76.0,99.54587301587303,-23.545873015873028,23.545873015873028
134040_1767688800,134040,2026-01-06 08:40:00,1,128.0,107.57230158730164,20.427698412698362,20.427698412698362
132430_1767688800,132430,2026-01-06 08:40:00,1,284.0,259.1154761904762,24.884523809523785,24.884523809523785
131672_1767688800,131672,2026-01-06 08:40:00,1,-17.0,2.050238095238096,-19.050238095238097,19.050238095238097
122658_1767688800,122658,2026-01-06 08:40:00,1,-34.0,110.44817460317462,-144.4481746031746,144.4481746031746
130238_1767688800,130238,2026-01-06 08:40:00,1,-92.0,-14.805,-77.195,77.195
131672_1767689100,131672,2026-01-06 08:45:00,1,17.0,38.03960317460317,-21.039603174603172,21.039603174603172
122658_1767689100,122658,2026-01-06 08:45:00,1,-34.0,-17.46730158730159,-16.53269841269841,16.53269841269841
134040_1767689100,134040,2026-01-06 08:45:00,1,26.0,94.95190476190483,-68.95190476190483,68.95190476190483
122048_1767689100,122048,2026-01-06 08:45:00,1,94.0,52.12587301587299,41.87412698412701,41.87412698412701
132430_1767689100,132430,2026-01-06 08:45:00,1,163.0,139.1078571428571,23.892142857142886,23.892142857142886
130238_1767689100,130238,2026-01-06 08:45:00,1,-120.0,-1.1210317460317476,-118.87896825396825,118.87896825396825
122658_1767689400,122658,2026-01-06 08:50:00,1,-34.0,-40.414682539682545,6.414682539682545,6.414682539682545
131672_1767689400,131672,2026-01-06 08:50:00,1,-72.0,-31.4031746031746,-40.596825396825395,40.596825396825395
130238_1767689400,130238,2026-01-06 08:50:00,1,37.0,12.621507936507935,24.378492063492065,24.378492063492065
134040_1767689400,134040,2026-01-06 08:50:00,1,94.0,110.01261904761901,-16.012619047619012,16.012619047619012
132430_1767689400,132430,2026-01-06 08:50:00,1,85.0,190.0156349206349,-105.01563492063491,105.01563492063491
122048_1767689400,122048,2026-01-06 08:50:00,1,121.0,108.13992063492063,12.860079365079372,12.860079365079372
130238_1767689700,130238,2026-01-06 08:55:00,1,57.0,4.7054761904761895,52.29452380952381,52.29452380952381
122658_1767689700,122658,2026-01-06 08:55:00,1,-34.0,-19.711587301587304,-14.288412698412696,14.288412698412696
122048_1767689700,122048,2026-01-06 08:55:00,1,116.0,103.74015873015871,12.259841269841289,12.259841269841289
132430_1767689700,132430,2026-01-06 08:55:00,1,7.0,175.3336507936507,-168.3336507936507,168.3336507936507
134040_1767689700,134040,2026-01-06 08:55:00,1,46.0,134.5994444444444,-88.5994444444444,88.5994444444444
131672_1767689700,131672,2026-01-06 08:55:00,1,-222.0,-42.386587301587355,-179.61341269841265,179.61341269841265
122048_1767690000,122048,2026-01-06 09:00:00,1,73.0,73.27166666666669,-0.2716666666666896,0.2716666666666896
134040_1767690000,134040,2026-01-06 09:00:00,1,159.0,69.72984126984127,89.27015873015873,89.27015873015873
122658_1767690000,122658,2026-01-06 09:00:00,1,-34.0,-27.496111111111112,-6.503888888888888,6.503888888888888
131672_1767690000,131672,2026-01-06 09:00:00,1,-208.0,-63.575634920634904,-144.4243650793651,144.4243650793651
130238_1767690000,130238,2026-01-06 09:00:00,1,40.0,-0.006428571428572746,40.00642857142857,40.00642857142857
133957_1767690000,133957,2026-01-06 09:00:00,1,-116.0,-67.2652380952381,-48.734761904761896,48.734761904761896
130238_1767690300,130238,2026-01-06 09:05:00,1,49.0,77.81722222222224,-28.81722222222224,28.81722222222224
122658_1767690300,122658,2026-01-06 09:05:00,1,-34.0,-36.09698412698413,2.0969841269841325,2.0969841269841325
134040_1767690300,134040,2026-01-06 09:05:00,1,-28.0,80.4874603174604,-108.4874603174604,108.4874603174604
131672_1767690300,131672,2026-01-06 09:05:00,1,-157.0,-133.82190476190476,-23.17809523809524,23.17809523809524
133957_1767690300,133957,2026-01-06 09:05:00,1,-68.0,-79.22595238095239,11.225952380952393,11.225952380952393
131672_1767690600,131672,2026-01-06 09:10:00,1,-39.0,-34.10238095238097,-4.897619047619031,4.897619047619031
122658_1767690600,122658,2026-01-06 09:10:00,1,-34.0,-37.28111111111111,3.281111111111109,3.281111111111109
133957_1767690600,133957,2026-01-06 09:10:00,1,-88.0,-92.59174603174606,4.591746031746055,4.591746031746055
122658_1767690900,122658,2026-01-06 09:15:00,1,-34.0,-0.34515873015873055,-33.65484126984127,33.65484126984127
133957_1767690900,133957,2026-01-06 09:15:00,1,-111.0,-94.47174603174604,-16.528253968253964,16.528253968253964
131672_1767690900,131672,2026-01-06 09:15:00,1,-68.0,-34.106031746031746,-33.893968253968254,33.893968253968254
131672_1767691200,131672,2026-01-06 09:20:00,1,-65.0,-73.57579365079368,8.575793650793685,8.575793650793685
133957_1767691200,133957,2026-01-06 09:20:00,1,9.0,-46.69888888888889,55.69888888888889,55.69888888888889
131672_1767691500,131672,2026-01-06 09:25:00,1,-10.0,-25.82317460317461,15.82317460317461,15.82317460317461
133957_1767691800,133957,2026-01-06 09:30:00,1,48.0,42.17587301587297,5.824126984127027,5.824126984127027
133957_1767692100,133957,2026-01-06 09:35:00,1,50.0,47.71666666666665,2.2833333333333528,2.2833333333333528
133957_1767692400,133957,2026-01-06 09:40:00,1,223.0,69.23603174603173,153.76396825396827,153.76396825396827
133957_1767692700,133957,2026-01-06 09:45:00,1,191.0,104.94777777777773,86.05222222222227,86.05222222222227
132430_1767693300,132430,2026-01-06 09:55:00,1,132.0,100.67666666666668,31.323333333333323,31.323333333333323
132430_1767693600,132430,2026-01-06 10:00:00,1,132.0,80.79301587301586,51.20698412698414,51.20698412698414
132430_1767693900,132430,2026-01-06 10:05:00,1,33.0,23.28301587301587,9.71698412698413,9.71698412698413
132430_1767694200,132430,2026-01-06 10:10:00,1,90.0,96.88936507936516,-6.889365079365163,6.889365079365163
132430_1767694500,132430,2026-01-06 10:15:00,1,144.0,129.26634920634925,14.733650793650753,14.733650793650753
132430_1767694800,132430,2026-01-06 10:20:00,1,233.0,148.0650793650794,84.93492063492059,84.93492063492059
132430_1767695100,132430,2026-01-06 10:25:00,1,116.0,120.80761904761901,-4.8076190476190135,4.8076190476190135
135081_1767697800,135081,2026-01-06 11:10:00,1,77.0,80.24293650793655,-3.242936507936548,3.242936507936548
135081_1767698100,135081,2026-01-06 11:15:00,1,95.0,84.979126984127,10.020873015872994,10.020873015872994
131672_1767698100,131672,2026-01-06 11:15:00,1,27.0,25.978095238095246,1.0219047619047537,1.0219047619047537
135081_1767698400,135081,2026-01-06 11:20:00,1,135.0,145.68563492063495,-10.685634920634953,10.685634920634953
135081_1767698700,135081,2026-01-06 11:25:00,1,126.0,84.10873015873018,41.89126984126982,41.89126984126982
135081_1767699000,135081,2026-01-06 11:30:00,1,28.0,96.37301587301597,-68.37301587301597,68.37301587301597
122613_1767699300,122613,2026-01-06 11:35:00,1,0.0,-8.893492063492062,8.893492063492062,8.893492063492062
135081_1767699300,135081,2026-01-06 11:35:00,1,45.0,116.25214285714289,-71.25214285714289,71.25214285714289
135081_1767699600,135081,2026-01-06 11:40:00,1,55.0,74.89531746031747,-19.89531746031747,19.89531746031747
122613_1767699600,122613,2026-01-06 11:40:00,1,-145.0,-70.22547619047621,-74.77452380952379,74.77452380952379
135081_1767699900,135081,2026-01-06 11:45:00,1,36.0,-34.143888888888924,70.14388888888892,70.14388888888892
122613_1767699900,122613,2026-01-06 11:45:00,1,-230.0,-62.86976190476191,-167.1302380952381,167.1302380952381
135081_1767700200,135081,2026-01-06 11:50:00,1,-24.0,-15.588095238095235,-8.411904761904765,8.411904761904765
122613_1767700200,122613,2026-01-06 11:50:00,1,-116.0,-80.88047619047617,-35.11952380952383,35.11952380952383
122613_1767700500,122613,2026-01-06 11:55:00,1,-79.0,-73.68539682539686,-5.3146031746031355,5.3146031746031355
135081_1767700500,135081,2026-01-06 11:55:00,1,-98.0,-67.69277777777778,-30.307222222222222,30.307222222222222
122613_1767700800,122613,2026-01-06 12:00:00,1,-50.0,-49.84238095238094,-0.15761904761905754,0.15761904761905754
122658_1767700800,122658,2026-01-06 12:00:00,1,143.0,171.68031746031755,-28.680317460317553,28.680317460317553
122613_1767701100,122613,2026-01-06 12:05:00,1,-155.0,-84.77214285714291,-70.22785714285709,70.22785714285709
122613_1767701400,122613,2026-01-06 12:10:00,1,-175.0,-114.99452380952386,-60.005476190476145,60.005476190476145
122613_1767701700,122613,2026-01-06 12:15:00,1,-47.0,-51.87658730158728,4.8765873015872785,4.8765873015872785
122613_1767702000,122613,2026-01-06 12:20:00,1,-61.0,-20.772777777777787,-40.22722222222221,40.22722222222221
122613_1767702300,122613,2026-01-06 12:25:00,1,66.0,21.118095238095236,44.881904761904764,44.881904761904764
135081_1767702600,135081,2026-01-06 12:30:00,1,-131.0,-96.53468253968246,-34.465317460317536,34.465317460317536
135081_1767702900,135081,2026-01-06 12:35:00,1,-144.0,-126.93769841269835,-17.062301587301647,17.062301587301647
134040_1767703200,134040,2026-01-06 12:40:00,1,-35.0,35.81492063492064,-70.81492063492064,70.81492063492064
134040_1767703500,134040,2026-01-06 12:45:00,1,-35.0,2.2064285714285705,-37.20642857142857,37.20642857142857
134040_1767703800,134040,2026-01-06 12:50:00,1,52.0,51.352142857142816,0.647857142857184,0.647857142857184
134040_1767704100,134040,2026-01-06 12:55:00,1,87.0,45.510079365079356,41.489920634920644,41.489920634920644
134040_1767704400,134040,2026-01-06 13:00:00,1,91.0,116.78349206349215,-25.783492063492147,25.783492063492147
130072_1767732000,130072,2026-01-06 20:40:00,1,158.0,154.69007936507927,3.3099206349207293,3.3099206349207293
130072_1767732300,130072,2026-01-06 20:45:00,1,161.0,133.6239682539682,27.3760317460318,27.3760317460318
130072_1767732600,130072,2026-01-06 20:50:00,1,226.0,195.18023809523817,30.819761904761833,30.819761904761833
130072_1767732900,130072,2026-01-06 20:55:00,1,187.0,202.97000000000008,-15.970000000000084,15.970000000000084
130072_1767733200,130072,2026-01-06 21:00:00,1,125.0,150.4330952380953,-25.43309523809529,25.43309523809529
130072_1767733500,130072,2026-01-06 21:05:00,1,125.0,129.07388888888897,-4.073888888888973,4.073888888888973
134494_1767738900,134494,2026-01-06 22:35:00,1,0.0,-0.1947619047619048,0.1947619047619048,0.1947619047619048
134494_1767739200,134494,2026-01-06 22:40:00,1,0.0,0.10753968253968259,-0.10753968253968259,0.10753968253968259
134494_1767739500,134494,2026-01-06 22:45:00,1,0.0,-0.8103968253968252,0.8103968253968252,0.8103968253968252
133300_1767686400,133300,2026-01-06 08:00:00,2,-26.0,13.641111111111112,-39.641111111111115,39.641111111111115
129964_1767687900,129964,2026-01-06 08:25:00,2,95.0,66.74436507936512,28.255634920634876,28.255634920634876
133300_1767689400,133300,2026-01-06 08:50:00,2,9.0,35.315714285714286,-26.315714285714286,26.315714285714286
133300_1767689700,133300,2026-01-06 08:55:00,2,9.0,27.28555555555556,-18.28555555555556,18.28555555555556
129964_1767690000,129964,2026-01-06 09:00:00,2,65.0,62.74182539682535,2.258174603174652,2.258174603174652
133300_1767690000,133300,2026-01-06 09:00:00,2,68.0,33.04777777777776,34.95222222222224,34.95222222222224
122048_1767690300,122048,2026-01-06 09:05:00,2,-33.0,15.239285714285714,-48.239285714285714,48.239285714285714
129964_1767690300,129964,2026-01-06 09:05:00,2,66.0,57.477698412698395,8.522301587301605,8.522301587301605
133300_1767690300,133300,2026-01-06 09:05:00,2,69.0,29.113333333333326,39.88666666666667,39.88666666666667
130238_1767690600,130238,2026-01-06 09:10:00,2,57.0,65.69111111111111,-8.691111111111113,8.691111111111113
133300_1767690600,133300,2026-01-06 09:10:00,2,59.0,72.89253968253969,-13.892539682539692,13.892539682539692
129964_1767690600,129964,2026-01-06 09:10:00,2,79.0,85.64285714285711,-6.64285714285711,6.64285714285711
133300_1767690900,133300,2026-01-06 09:15:00,2,62.0,66.95190476190481,-4.951904761904814,4.951904761904814
129964_1767690900,129964,2026-01-06 09:15:00,2,58.0,88.7161904761905,-30.716190476190505,30.716190476190505
129964_1767691200,129964,2026-01-06 09:20:00,2,64.0,33.89007936507937,30.109920634920627,30.109920634920627
130238_1767691200,130238,2026-01-06 09:20:00,2,0.0,35.536984126984116,-35.536984126984116,35.536984126984116
133300_1767691200,133300,2026-01-06 09:20:00,2,135.0,184.74896825396812,-49.748968253968116,49.748968253968116
129964_1767691500,129964,2026-01-06 09:25:00,2,94.0,101.66484126984133,-7.664841269841332,7.664841269841332
130238_1767691500,130238,2026-01-06 09:25:00,2,0.0,-10.518809523809525,10.518809523809525,10.518809523809525
129964_1767691800,129964,2026-01-06 09:30:00,2,42.0,65.24166666666665,-23.241666666666646,23.241666666666646
122048_1767691800,122048,2026-01-06 09:30:00,2,233.0,111.27111111111114,121.72888888888886,121.72888888888886
130238_1767691800,130238,2026-01-06 09:30:00,2,0.0,29.638809523809513,-29.638809523809513,29.638809523809513
130238_1767692100,130238,2026-01-06 09:35:00,2,0.0,1.90952380952381,-1.90952380952381,1.90952380952381
129964_1767692100,129964,2026-01-06 09:35:00,2,16.0,64.74301587301589,-48.74301587301589,48.74301587301589
122048_1767692100,122048,2026-01-06 09:35:00,2,200.0,101.41746031746032,98.58253968253968,98.58253968253968
129964_1767692400,129964,2026-01-06 09:40:00,2,106.0,72.16746031746032,33.832539682539675,33.832539682539675
130238_1767692400,130238,2026-01-06 09:40:00,2,0.0,10.897777777777781,-10.897777777777781,10.897777777777781
122048_1767692400,122048,2026-01-06 09:40:00,2,91.0,61.111507936507955,29.888492063492045,29.888492063492045
130238_1767692700,130238,2026-01-06 09:45:00,2,0.0,-14.250000000000002,14.250000000000002,14.250000000000002
122048_1767692700,122048,2026-01-06 09:45:00,2,-63.0,-36.79166666666669,-26.208333333333307,26.208333333333307
130238_1767693000,130238,2026-01-06 09:50:00,2,0.0,2.0959523809523812,-2.0959523809523812,2.0959523809523812
122048_1767693000,122048,2026-01-06 09:50:00,2,-67.0,-7.896984126984131,-59.10301587301587,59.10301587301587
133957_1767693000,133957,2026-01-06 09:50:00,2,80.0,80.52007936507935,-0.5200793650793543,0.5200793650793543
130238_1767693300,130238,2026-01-06 09:55:00,2,0.0,21.738095238095244,-21.738095238095244,21.738095238095244
133957_1767693300,133957,2026-01-06 09:55:00,2,23.0,65.73460317460317,-42.734603174603166,42.734603174603166
122048_1767693300,122048,2026-01-06 09:55:00,2,-115.0,-68.92650793650792,-46.07349206349208,46.07349206349208
122048_1767693600,122048,2026-01-06 10:00:00,2,-142.0,-75.79841269841268,-66.20158730158732,66.20158730158732
133300_1767693600,133300,2026-01-06 10:00:00,2,168.0,167.58587301587306,0.4141269841269377,0.4141269841269377
133957_1767693600,133957,2026-01-06 10:00:00,2,-24.0,43.633650793650816,-67.63365079365082,67.63365079365082
122048_1767693900,122048,2026-01-06 10:05:00,2,-110.0,-97.75055555555547,-12.249444444444535,12.249444444444535
133957_1767693900,133957,2026-01-06 10:05:00,2,13.0,31.282380952380933,-18.282380952380933,18.282380952380933
133300_1767694200,133300,2026-01-06 10:10:00,2,-63.0,25.740158730158733,-88.74015873015873,88.74015873015873
122048_1767694200,122048,2026-01-06 10:10:00,2,-50.0,-114.19547619047624,64.19547619047624,64.19547619047624
133957_1767694200,133957,2026-01-06 10:10:00,2,21.0,42.4423015873016,-21.4423015873016,21.4423015873016
133957_1767694500,133957,2026-01-06 10:15:00,2,-22.0,-45.51912698412697,23.51912698412697,23.51912698412697
122048_1767694500,122048,2026-01-06 10:15:00,2,-184.0,-116.86238095238099,-67.13761904761901,67.13761904761901
133300_1767694500,133300,2026-01-06 10:15:00,2,-63.0,-25.141984126984124,-37.85801587301587,37.85801587301587
133957_1767694800,133957,2026-01-06 10:20:00,2,24.0,28.061984126984115,-4.061984126984115,4.061984126984115
122048_1767694800,122048,2026-01-06 10:20:00,2,-250.0,-176.4797619047619,-73.52023809523811,73.52023809523811
133300_1767694800,133300,2026-01-06 10:20:00,2,54.0,66.04031746031745,-12.040317460317453,12.040317460317453
122048_1767695100,122048,2026-01-06 10:25:00,2,-359.0,-223.01134920634917,-135.98865079365083,135.98865079365083
133300_1767695100,133300,2026-01-06 10:25:00,2,90.0,46.166666666666686,43.833333333333314,43.833333333333314
133957_1767695100,133957,2026-01-06 10:25:00,2,-17.0,-44.638333333333364,27.638333333333364,27.638333333333364
132430_1767695400,132430,2026-01-06 10:30:00,2,26.0,192.41603174603188,-166.41603174603188,166.41603174603188
129964_1767695400,129964,2026-01-06 10:30:00,2,-51.0,-18.459841269841267,-32.54015873015874,32.54015873015874
130238_1767695400,130238,2026-01-06 10:30:00,2,-12.0,9.949523809523807,-21.949523809523807,21.949523809523807
133957_1767695400,133957,2026-01-06 10:30:00,2,28.0,2.4337301587301616,25.56626984126984,25.56626984126984
129964_1767695700,129964,2026-01-06 10:35:00,2,-51.0,-2.924206349206348,-48.07579365079365,48.07579365079365
132430_1767695700,132430,2026-01-06 10:35:00,2,30.0,200.92444444444436,-170.92444444444436,170.92444444444436
130238_1767695700,130238,2026-01-06 10:35:00,2,2.0,-3.453333333333334,5.453333333333334,5.453333333333334
129964_1767696000,129964,2026-01-06 10:40:00,2,-11.0,35.751507936507934,-46.751507936507934,46.751507936507934
133957_1767696000,133957,2026-01-06 10:40:00,2,138.0,29.685714285714287,108.31428571428572,108.31428571428572
132430_1767696000,132430,2026-01-06 10:40:00,2,-71.0,169.42182539682528,-240.42182539682528,240.42182539682528
130238_1767696000,130238,2026-01-06 10:40:00,2,-34.0,-39.551666666666684,5.551666666666684,5.551666666666684
132430_1767696300,132430,2026-01-06 10:45:00,2,221.0,196.6904761904758,24.309523809524194,24.309523809524194
129964_1767696300,129964,2026-01-06 10:45:00,2,73.0,52.06261904761902,20.937380952380977,20.937380952380977
133957_1767696300,133957,2026-01-06 10:45:00,2,156.0,114.08253968253973,41.91746031746027,41.91746031746027
130238_1767696300,130238,2026-01-06 10:45:00,2,10.0,2.868015873015869,7.131984126984131,7.131984126984131
132430_1767696600,132430,2026-01-06 10:50:00,2,264.0,142.7949206349206,121.2050793650794,121.2050793650794
129964_1767696600,129964,2026-01-06 10:50:00,2,111.0,71.16936507936505,39.83063492063495,39.83063492063495
133957_1767696600,133957,2026-01-06 10:50:00,2,185.0,135.48714285714277,49.51285714285723,49.51285714285723
130238_1767696600,130238,2026-01-06 10:50:00,2,46.0,0.2322222222222221,45.76777777777778,45.76777777777778
129964_1767696900,129964,2026-01-06 10:55:00,2,140.0,134.98896825396824,5.011031746031762,5.011031746031762
133957_1767696900,133957,2026-01-06 10:55:00,2,111.0,132.31928571428563,-21.319285714285627,21.319285714285627
132430_1767696900,132430,2026-01-06 10:55:00,2,113.0,167.67261904761915,-54.67261904761915,54.67261904761915
130238_1767696900,130238,2026-01-06 10:55:00,2,29.0,-67.05103174603181,96.05103174603181,96.05103174603181
132430_1767697200,132430,2026-01-06 11:00:00,2,17.0,101.9515873015873,-84.9515873015873,84.9515873015873
133300_1767697200,133300,2026-01-06 11:00:00,2,49.0,71.24047619047612,-22.240476190476116,22.240476190476116
133957_1767697200,133957,2026-01-06 11:00:00,2,64.0,91.18738095238096,-27.187380952380963,27.187380952380963
129964_1767697200,129964,2026-01-06 11:00:00,2,133.0,92.21634920634921,40.78365079365079,40.78365079365079
129964_1767697500,129964,2026-01-06 11:05:00,2,75.0,46.012619047619026,28.987380952380974,28.987380952380974
133957_1767697500,133957,2026-01-06 11:05:00,2,3.0,74.91023809523809,-71.91023809523809,71.91023809523809
132430_1767697500,132430,2026-01-06 11:05:00,2,86.0,35.282301587301575,50.717698412698425,50.717698412698425
133300_1767697500,133300,2026-01-06 11:05:00,2,77.0,57.80857142857143,19.191428571428567,19.191428571428567
133957_1767697800,133957,2026-01-06 11:10:00,2,18.0,31.20515873015873,-13.205158730158729,13.205158730158729
132430_1767697800,132430,2026-01-06 11:10:00,2,70.0,80.37357142857144,-10.373571428571438,10.373571428571438
129964_1767697800,129964,2026-01-06 11:10:00,2,26.0,69.90571428571432,-43.905714285714325,43.905714285714325
132430_1767698100,132430,2026-01-06 11:15:00,2,49.0,65.91158730158736,-16.91158730158736,16.91158730158736
133957_1767698100,133957,2026-01-06 11:15:00,2,-47.0,-34.132380952380956,-12.867619047619044,12.867619047619044
129964_1767698100,129964,2026-01-06 11:15:00,2,10.0,71.06571428571424,-61.065714285714236,61.065714285714236
129964_1767698400,129964,2026-01-06 11:20:00,2,14.0,16.981111111111126,-2.981111111111126,2.981111111111126
132430_1767698400,132430,2026-01-06 11:20:00,2,49.0,101.2830158730159,-52.2830158730159,52.2830158730159
131672_1767698400,131672,2026-01-06 11:20:00,2,60.0,67.23666666666662,-7.236666666666622,7.236666666666622
133957_1767698400,133957,2026-01-06 11:20:00,2,-69.0,31.57976190476191,-100.57976190476191,100.57976190476191
131672_1767698700,131672,2026-01-06 11:25:00,2,82.0,76.56547619047628,5.434523809523725,5.434523809523725
129964_1767698700,129964,2026-01-06 11:25:00,2,0.0,-62.70896825396828,62.70896825396828,62.70896825396828
133957_1767698700,133957,2026-01-06 11:25:00,2,-145.0,-88.27960317460318,-56.72039682539682,56.72039682539682
133957_1767699000,133957,2026-01-06 11:30:00,2,-96.0,-119.25523809523808,23.255238095238084,23.255238095238084
129964_1767699000,129964,2026-01-06 11:30:00,2,80.0,-23.04158730158731,103.04158730158731,103.04158730158731
132430_1767699000,132430,2026-01-06 11:30:00,2,14.0,93.81944444444446,-79.81944444444446,79.81944444444446
131672_1767699000,131672,2026-01-06 11:30:00,2,4.0,53.43428571428571,-49.43428571428571,49.43428571428571
132430_1767699300,132430,2026-01-06 11:35:00,2,14.0,41.45960317460318,-27.45960317460318,27.45960317460318
129964_1767699300,129964,2026-01-06 11:35:00,2,49.0,-48.767777777777745,97.76777777777775,97.76777777777775
133957_1767699300,133957,2026-01-06 11:35:00,2,-249.0,-143.04412698412702,-105.95587301587298,105.95587301587298
131672_1767699300,131672,2026-01-06 11:35:00,2,40.0,74.6902380952381,-34.6902380952381,34.6902380952381
131672_1767699600,131672,2026-01-06 11:40:00,2,-28.0,-4.151428571428576,-23.848571428571425,23.848571428571425
133957_1767699600,133957,2026-01-06 11:40:00,2,-254.0,-159.37317460317453,-94.62682539682547,94.62682539682547
132430_1767699600,132430,2026-01-06 11:40:00,2,-87.0,-40.596111111111135,-46.403888888888865,46.403888888888865
129964_1767699900,129964,2026-01-06 11:45:00,2,-53.0,2.5065873015873024,-55.5065873015873,55.5065873015873
132430_1767699900,132430,2026-01-06 11:45:00,2,-110.0,18.117857142857147,-128.11785714285713,128.11785714285713
131672_1767699900,131672,2026-01-06 11:45:00,2,-29.0,-95.03658730158726,66.03658730158726,66.03658730158726
133957_1767699900,133957,2026-01-06 11:45:00,2,-158.0,-38.89166666666666,-119.10833333333335,119.10833333333335
131672_1767700200,131672,2026-01-06 11:50:00,2,-23.0,-50.18666666666662,27.186666666666618,27.186666666666618
133957_1767700200,133957,2026-01-06 11:50:00,2,80.0,53.56690476190476,26.43309523809524,26.43309523809524
132430_1767700200,132430,2026-01-06 11:50:00,2,-136.0,-46.70809523809522,-89.29190476190479,89.29190476190479
132430_1767700500,132430,2026-01-06 11:55:00,2,-6.0,-69.12277777777778,63.122777777777785,63.122777777777785
133957_1767700500,133957,2026-01-06 11:55:00,2,42.0,31.266587301587307,10.733412698412693,10.733412698412693
131672_1767700500,131672,2026-01-06 11:55:00,2,-47.0,-33.23317460317461,-13.76682539682539,13.76682539682539
122048_1767700800,122048,2026-01-06 12:00:00,2,374.0,286.950873015873,87.04912698412699,87.04912698412699
131672_1767700800,131672,2026-01-06 12:00:00,2,-105.0,-79.90404761904766,-25.09595238095234,25.09595238095234
122048_1767701100,122048,2026-01-06 12:05:00,2,312.0,152.7755555555556,159.2244444444444,159.2244444444444
122658_1767701100,122658,2026-01-06 12:05:00,2,121.0,186.57539682539675,-65.57539682539675,65.57539682539675
131672_1767701100,131672,2026-01-06 12:05:00,2,-83.0,-117.4772222222222,34.477222222222196,34.477222222222196
122048_1767701400,122048,2026-01-06 12:10:00,2,354.0,320.84769841269815,33.15230158730185,33.15230158730185
131672_1767701400,131672,2026-01-06 12:10:00,2,-207.0,-140.74412698412698,-66.25587301587302,66.25587301587302
122658_1767701700,122658,2026-01-06 12:15:00,2,0.0,36.50865079365078,-36.50865079365078,36.50865079365078
122048_1767701700,122048,2026-01-06 12:15:00,2,273.0,290.69801587301595,-17.698015873015947,17.698015873015947
122658_1767702000,122658,2026-01-06 12:20:00,2,0.0,43.90499999999999,-43.90499999999999,43.90499999999999
122048_1767702000,122048,2026-01-06 12:20:00,2,252.0,242.75023809523805,9.249761904761954,9.249761904761954
122658_1767702300,122658,2026-01-06 12:25:00,2,0.0,33.925793650793665,-33.925793650793665,33.925793650793665
122048_1767702300,122048,2026-01-06 12:25:00,2,158.0,215.71095238095242,-57.71095238095242,57.71095238095242
133957_1767702600,133957,2026-01-06 12:30:00,2,172.0,90.45761904761906,81.54238095238094,81.54238095238094
132430_1767702600,132430,2026-01-06 12:30:00,2,-64.0,-34.155158730158746,-29.844841269841254,29.844841269841254
122658_1767702600,122658,2026-01-06 12:30:00,2,0.0,-4.152380952380952,4.152380952380952,4.152380952380952
122048_1767702600,122048,2026-01-06 12:30:00,2,144.0,158.209761904762,-14.20976190476199,14.20976190476199
122658_1767702900,122658,2026-01-06 12:35:00,2,0.0,0.23452380952380894,-0.23452380952380894,0.23452380952380894
122048_1767702900,122048,2026-01-06 12:35:00,2,138.0,186.8392857142857,-48.839285714285694,48.839285714285694
133957_1767702900,133957,2026-01-06 12:35:00,2,97.0,90.10666666666668,6.893333333333317,6.893333333333317
132430_1767702900,132430,2026-01-06 12:35:00,2,-181.0,-42.21484126984128,-138.7851587301587,138.7851587301587
122658_1767703200,122658,2026-01-06 12:40:00,2,0.0,-2.240873015873016,2.240873015873016,2.240873015873016
131672_1767703200,131672,2026-01-06 12:40:00,2,17.0,17.762539682539675,-0.7625396825396749,0.7625396825396749
132430_1767703200,132430,2026-01-06 12:40:00,2,-100.0,4.875,-104.875,104.875
122048_1767703200,122048,2026-01-06 12:40:00,2,87.0,99.4523015873016,-12.452301587301605,12.452301587301605
133957_1767703200,133957,2026-01-06 12:40:00,2,101.0,71.28595238095238,29.71404761904762,29.71404761904762
135081_1767703200,135081,2026-01-06 12:40:00,2,-171.0,-120.63849206349211,-50.36150793650789,50.36150793650789
133957_1767703500,133957,2026-01-06 12:45:00,2,161.0,138.25166666666667,22.748333333333335,22.748333333333335
132430_1767703500,132430,2026-01-06 12:45:00,2,-75.0,-74.74349206349208,-0.2565079365079157,0.2565079365079157
122658_1767703500,122658,2026-01-06 12:45:00,2,0.0,-9.46849206349206,9.46849206349206,9.46849206349206
131672_1767703500,131672,2026-01-06 12:45:00,2,76.0,69.48309523809529,6.516904761904712,6.516904761904712
122048_1767703500,122048,2026-01-06 12:45:00,2,84.0,61.00761904761903,22.99238095238097,22.99238095238097
135081_1767703500,135081,2026-01-06 12:45:00,2,-72.0,-24.9354761904762,-47.0645238095238,47.0645238095238
132430_1767703800,132430,2026-01-06 12:50:00,2,-58.0,-83.55841269841264,25.55841269841264,25.55841269841264
122658_1767703800,122658,2026-01-06 12:50:00,2,103.0,60.289285714285725,42.710714285714275,42.710714285714275
135081_1767703800,135081,2026-01-06 12:50:00,2,-16.0,-70.0688095238095,54.068809523809506,54.068809523809506
131672_1767703800,131672,2026-01-06 12:50:00,2,53.0,72.15134920634917,-19.151349206349167,19.151349206349167
122048_1767703800,122048,2026-01-06 12:50:00,2,84.0,86.16492063492065,-2.164920634920648,2.164920634920648
131672_1767704100,131672,2026-01-06 12:55:00,2,192.0,93.54468253968254,98.45531746031746,98.45531746031746
132430_1767704100,132430,2026-01-06 12:55:00,2,-74.0,-77.94674603174606,3.946746031746059,3.946746031746059
135081_1767704100,135081,2026-01-06 12:55:00,2,-27.0,-20.62809523809524,-6.371904761904759,6.371904761904759
122658_1767704100,122658,2026-01-06 12:55:00,2,252.0,146.77944444444444,105.22055555555556,105.22055555555556
122048_1767704100,122048,2026-01-06 12:55:00,2,0.0,49.52214285714287,-49.52214285714287,49.52214285714287
122048_1767704400,122048,2026-01-06 13:00:00,2,0.0,2.7777777777777795,-2.7777777777777795,2.7777777777777795
135081_1767704400,135081,2026-01-06 13:00:00,2,11.0,8.508412698412696,2.4915873015873036,2.4915873015873036
122658_1767704400,122658,2026-01-06 13:00:00,2,289.0,240.81968253968282,48.180317460317184,48.180317460317184
122048_1767704700,122048,2026-01-06 13:05:00,2,0.0,31.50746031746032,-31.50746031746032,31.50746031746032
132430_1767704700,132430,2026-01-06 13:05:00,2,16.0,-0.4355555555555553,16.435555555555556,16.435555555555556
134040_1767704700,134040,2026-01-06 13:05:00,2,-7.0,67.79142857142858,-74.79142857142858,74.79142857142858
122658_1767704700,122658,2026-01-06 13:05:00,2,321.0,244.311825396825,76.68817460317501,76.68817460317501
134040_1767705000,134040,2026-01-06 13:10:00,2,47.0,107.7389682539683,-60.738968253968295,60.738968253968295
122658_1767705000,122658,2026-01-06 13:10:00,2,406.0,345.84619047619054,60.15380952380946,60.15380952380946
122048_1767705000,122048,2026-01-06 13:10:00,2,0.0,-9.296349206349205,9.296349206349205,9.296349206349205
132430_1767705000,132430,2026-01-06 13:10:00,2,16.0,23.787777777777798,-7.787777777777798,7.787777777777798
132430_1767705300,132430,2026-01-06 13:15:00,2,17.0,21.963571428571434,-4.963571428571434,4.963571428571434
122048_1767705300,122048,2026-01-06 13:15:00,2,0.0,-0.2065873015873018,0.2065873015873018,0.2065873015873018
134040_1767705300,134040,2026-01-06 13:15:00,2,84.0,81.89396825396828,2.106031746031718,2.106031746031718
132430_1767705600,132430,2026-01-06 13:20:00,2,77.0,71.83976190476183,5.160238095238171,5.160238095238171
122658_1767705600,122658,2026-01-06 13:20:00,2,0.0,41.95357142857141,-41.95357142857141,41.95357142857141
134040_1767705600,134040,2026-01-06 13:20:00,2,113.0,39.75873015873014,73.24126984126985,73.24126984126985
122613_1767705900,122613,2026-01-06 13:25:00,2,0.0,8.25984126984127,-8.25984126984127,8.25984126984127
132430_1767705900,132430,2026-01-06 13:25:00,2,57.0,110.87563492063491,-53.87563492063491,53.87563492063491
134040_1767705900,134040,2026-01-06 13:25:00,2,37.0,88.34896825396828,-51.34896825396828,51.34896825396828
135081_1767705900,135081,2026-01-06 13:25:00,2,79.0,45.70999999999995,33.29000000000005,33.29000000000005
132430_1767706200,132430,2026-01-06 13:30:00,2,196.0,172.8673015873017,23.13269841269829,23.13269841269829
134040_1767706200,134040,2026-01-06 13:30:00,2,123.0,126.52761904761907,-3.527619047619069,3.527619047619069
134040_1767706500,134040,2026-01-06 13:35:00,2,172.0,108.47301587301594,63.52698412698406,63.52698412698406
132430_1767706500,132430,2026-01-06 13:35:00,2,103.0,148.92023809523806,-45.92023809523806,45.92023809523806
134040_1767706800,134040,2026-01-06 13:40:00,2,317.0,162.80023809523817,154.19976190476183,154.19976190476183
132430_1767706800,132430,2026-01-06 13:40:00,2,53.0,94.38523809523818,-41.38523809523818,41.38523809523818
134040_1767707100,134040,2026-01-06 13:45:00,2,231.0,188.38150793650786,42.61849206349214,42.61849206349214
134040_1767707400,134040,2026-01-06 13:50:00,2,234.0,114.56896825396827,119.43103174603173,119.43103174603173
134040_1767707700,134040,2026-01-06 13:55:00,2,200.0,181.56031746031746,18.439682539682536,18.439682539682536
122613_1767708000,122613,2026-01-06 14:00:00,2,0.0,4.582857142857144,-4.582857142857144,4.582857142857144
135081_1767708000,135081,2026-01-06 14:00:00,2,19.0,91.07555555555547,-72.07555555555547,72.07555555555547
122613_1767708300,122613,2026-01-06 14:05:00,2,0.0,-6.691349206349204,6.691349206349204,6.691349206349204
135081_1767708300,135081,2026-01-06 14:05:00,2,-36.0,-19.095317460317435,-16.904682539682565,16.904682539682565
122613_1767708600,122613,2026-01-06 14:10:00,2,-77.0,-74.76468253968258,-2.235317460317418,2.235317460317418
135081_1767708600,135081,2026-01-06 14:10:00,2,-19.0,3.3665873015872987,-22.3665873015873,22.3665873015873
122613_1767708900,122613,2026-01-06 14:15:00,2,0.0,-38.2368253968254,38.2368253968254,38.2368253968254
135081_1767708900,135081,2026-01-06 14:15:00,2,-17.0,-17.583492063492056,0.5834920634920557,0.5834920634920557
122613_1767709200,122613,2026-01-06 14:20:00,2,0.0,-12.343412698412697,12.343412698412697,12.343412698412697
135081_1767709200,135081,2026-01-06 14:20:00,2,-17.0,-57.20992063492063,40.20992063492063,40.20992063492063
122613_1767709500,122613,2026-01-06 14:25:00,2,0.0,-14.465,14.465,14.465
135081_1767709500,135081,2026-01-06 14:25:00,2,-102.0,-57.29087301587302,-44.70912698412698,44.70912698412698
122613_1767709800,122613,2026-01-06 14:30:00,2,0.0,-8.250238095238089,8.250238095238089,8.250238095238089
135081_1767709800,135081,2026-01-06 14:30:00,2,-84.0,-55.51452380952386,-28.48547619047614,28.48547619047614
134040_1767709800,134040,2026-01-06 14:30:00,2,79.0,91.70896825396822,-12.708968253968223,12.708968253968223
122613_1767710100,122613,2026-01-06 14:35:00,2,0.0,-13.354047619047623,13.354047619047623,13.354047619047623
135081_1767710100,135081,2026-01-06 14:35:00,2,-126.0,-58.518412698412675,-67.48158730158733,67.48158730158733
134040_1767710100,134040,2026-01-06 14:35:00,2,4.0,65.34293650793654,-61.34293650793654,61.34293650793654
122613_1767710400,122613,2026-01-06 14:40:00,2,0.0,-19.455158730158733,19.455158730158733,19.455158730158733
134040_1767710400,134040,2026-01-06 14:40:00,2,68.0,97.86317460317464,-29.86317460317464,29.86317460317464
135081_1767710400,135081,2026-01-06 14:40:00,2,-128.0,-86.01809523809526,-41.981904761904744,41.981904761904744
135081_1767710700,135081,2026-01-06 14:45:00,2,-145.0,-160.76793650793675,15.767936507936753,15.767936507936753
122613_1767710700,122613,2026-01-06 14:45:00,2,0.0,-13.140158730158731,13.140158730158731,13.140158730158731
134040_1767710700,134040,2026-01-06 14:45:00,2,87.0,86.9011111111111,0.09888888888889369,0.09888888888889369
134040_1767711000,134040,2026-01-06 14:50:00,2,187.0,143.66333333333333,43.33666666666667,43.33666666666667
135081_1767711000,135081,2026-01-06 14:50:00,2,-175.0,-127.07507936507945,-47.924920634920554,47.924920634920554
134040_1767711300,134040,2026-01-06 14:55:00,2,267.0,179.1688095238095,87.8311904761905,87.8311904761905
135081_1767711300,135081,2026-01-06 14:55:00,2,-168.0,-92.67174603174604,-75.32825396825396,75.32825396825396
135081_1767711600,135081,2026-01-06 15:00:00,2,11.0,-30.306349206349203,41.3063492063492,41.3063492063492
135081_1767711900,135081,2026-01-06 15:05:00,2,-12.0,-7.141507936507939,-4.858492063492061,4.858492063492061
130072_1767733800,130072,2026-01-06 21:10:00,2,168.0,138.6163492063492,29.383650793650787,29.383650793650787
130072_1767734100,130072,2026-01-06 21:15:00,2,195.0,155.39801587301588,39.60198412698412,39.60198412698412
130072_1767734400,130072,2026-01-06 21:20:00,2,163.0,142.01333333333332,20.98666666666668,20.98666666666668
130072_1767734700,130072,2026-01-06 21:25:00,2,0.0,56.54563492063489,-56.54563492063489,56.54563492063489
130072_1767735000,130072,2026-01-06 21:30:00,2,0.0,53.63682539682543,-53.63682539682543,53.63682539682543
134494_1767739800,134494,2026-01-06 22:50:00,2,0.0,2.6565873015873027,-2.6565873015873027,2.6565873015873027
134494_1767740100,134494,2026-01-06 22:55:00,2,0.0,0.8638095238095235,-0.8638095238095235,0.8638095238095235
130238_1767697200,130238,2026-01-06 11:00:00,3,40.0,178.78793650793654,-138.78793650793654,138.78793650793654
130238_1767697500,130238,2026-01-06 11:05:00,3,32.0,46.31023809523814,-14.310238095238141,14.310238095238141
133300_1767697800,133300,2026-01-06 11:10:00,3,65.0,12.375873015873012,52.62412698412699,52.62412698412699
133300_1767698100,133300,2026-01-06 11:15:00,3,151.0,73.72619047619051,77.27380952380949,77.27380952380949
133300_1767698400,133300,2026-01-06 11:20:00,3,225.0,166.655238095238,58.34476190476201,58.34476190476201
129964_1767700200,129964,2026-01-06 11:50:00,3,-73.0,-27.94134920634921,-45.05865079365079,45.05865079365079
129964_1767700500,129964,2026-01-06 11:55:00,3,90.0,86.61984126984125,3.3801587301587546,3.3801587301587546
133300_1767700800,133300,2026-01-06 12:00:00,3,260.0,149.6331746031746,110.36682539682539,110.36682539682539
133300_1767701400,133300,2026-01-06 12:10:00,3,-7.0,-5.682698412698416,-1.3173015873015839,1.3173015873015839
133300_1767701700,133300,2026-01-06 12:15:00,3,-7.0,-10.485714285714293,3.485714285714293,3.485714285714293
133300_1767702000,133300,2026-01-06 12:20:00,3,132.0,78.60111111111114,53.39888888888886,53.39888888888886
133300_1767702300,133300,2026-01-06 12:25:00,3,114.0,68.8357936507936,45.164206349206395,45.164206349206395
133300_1767702600,133300,2026-01-06 12:30:00,3,47.0,73.78603174603181,-26.78603174603181,26.78603174603181
133300_1767702900,133300,2026-01-06 12:35:00,3,95.0,62.58841269841273,32.41158730158727,32.41158730158727
133300_1767703200,133300,2026-01-06 12:40:00,3,322.0,168.09047619047612,153.90952380952388,153.90952380952388
133957_1767703800,133957,2026-01-06 12:50:00,3,40.0,84.67571428571435,-44.67571428571435,44.67571428571435
133300_1767703800,133300,2026-01-06 12:50:00,3,-25.0,-9.18007936507937,-15.81992063492063,15.81992063492063
133957_1767704100,133957,2026-01-06 12:55:00,3,139.0,85.84436507936508,53.155634920634924,53.155634920634924
129964_1767704400,129964,2026-01-06 13:00:00,3,-106.0,-61.490714285714326,-44.509285714285674,44.509285714285674
129964_1767704700,129964,2026-01-06 13:05:00,3,-150.0,-84.08134920634924,-65.91865079365076,65.91865079365076
129964_1767705000,129964,2026-01-06 13:10:00,3,-165.0,5.451428571428571,-170.45142857142858,170.45142857142858
129964_1767705300,129964,2026-01-06 13:15:00,3,-95.0,-53.51976190476189,-41.48023809523811,41.48023809523811
133957_1767705600,133957,2026-01-06 13:20:00,3,113.0,102.9984126984127,10.001587301587307,10.001587301587307
129964_1767705600,129964,2026-01-06 13:20:00,3,11.0,-44.540158730158744,55.540158730158744,55.540158730158744
122048_1767705600,122048,2026-01-06 13:20:00,3,0.0,-1.5654761904761907,1.5654761904761907,1.5654761904761907
133957_1767705900,133957,2026-01-06 13:25:00,3,123.0,102.86325396825397,20.13674603174603,20.13674603174603
129964_1767705900,129964,2026-01-06 13:25:00,3,-32.0,-73.72880952380953,41.72880952380953,41.72880952380953
122658_1767705900,122658,2026-01-06 13:25:00,3,0.0,12.316984126984119,-12.316984126984119,12.316984126984119
122048_1767705900,122048,2026-01-06 13:25:00,3,0.0,4.733888888888891,-4.733888888888891,4.733888888888891
122048_1767706200,122048,2026-01-06 13:30:00,3,0.0,4.384444444444446,-4.384444444444446,4.384444444444446
131672_1767706200,131672,2026-01-06 13:30:00,3,37.0,-8.665793650793653,45.66579365079365,45.66579365079365
129964_1767706200,129964,2026-01-06 13:30:00,3,-50.0,-55.70460317460316,5.704603174603157,5.704603174603157
131672_1767706500,131672,2026-01-06 13:35:00,3,131.0,93.93341269841272,37.066587301587276,37.066587301587276
122048_1767706500,122048,2026-01-06 13:35:00,3,0.0,3.259285714285714,-3.259285714285714,3.259285714285714
129964_1767706500,129964,2026-01-06 13:35:00,3,-51.0,-35.76301587301587,-15.236984126984133,15.236984126984133
129964_1767706800,129964,2026-01-06 13:40:00,3,-34.0,-38.93142857142857,4.931428571428569,4.931428571428569
122048_1767706800,122048,2026-01-06 13:40:00,3,0.0,-7.572301587301588,7.572301587301588,7.572301587301588
129964_1767707100,129964,2026-01-06 13:45:00,3,25.0,-39.360317460317454,64.36031746031745,64.36031746031745
122048_1767707100,122048,2026-01-06 13:45:00,3,0.0,0.1635714285714291,-0.1635714285714291,0.1635714285714291
132430_1767707100,132430,2026-01-06 13:45:00,3,78.0,132.4111111111112,-54.41111111111121,54.41111111111121
122048_1767707400,122048,2026-01-06 13:50:00,3,0.0,-5.6054761904761925,5.6054761904761925,5.6054761904761925
129964_1767707400,129964,2026-01-06 13:50:00,3,-62.0,-52.69563492063494,-9.304365079365063,9.304365079365063
132430_1767707400,132430,2026-01-06 13:50:00,3,39.0,127.80396825396828,-88.80396825396828,88.80396825396828
122048_1767707700,122048,2026-01-06 13:55:00,3,0.0,-12.765793650793658,12.765793650793658,12.765793650793658
132430_1767707700,132430,2026-01-06 13:55:00,3,58.0,106.93595238095241,-48.935952380952415,48.935952380952415
129964_1767707700,129964,2026-01-06 13:55:00,3,5.0,-38.3542857142857,43.3542857142857,43.3542857142857
133957_1767708000,133957,2026-01-06 14:00:00,3,253.0,161.01690476190473,91.98309523809527,91.98309523809527
132430_1767708000,132430,2026-01-06 14:00:00,3,192.0,181.57111111111107,10.428888888888935,10.428888888888935
129964_1767708000,129964,2026-01-06 14:00:00,3,-6.0,24.142619047619043,-30.142619047619043,30.142619047619043
133957_1767708300,133957,2026-01-06 14:05:00,3,180.0,116.45047619047624,63.54952380952376,63.54952380952376
132430_1767708300,132430,2026-01-06 14:05:00,3,68.0,95.23960317460319,-27.23960317460319,27.23960317460319
129964_1767708600,129964,2026-01-06 14:10:00,3,-114.0,-73.95071428571428,-40.049285714285716,40.049285714285716
131672_1767708600,131672,2026-01-06 14:10:00,3,60.0,53.31238095238095,6.687619047619052,6.687619047619052
132430_1767708600,132430,2026-01-06 14:10:00,3,-7.0,66.4821428571429,-73.4821428571429,73.4821428571429
133957_1767708600,133957,2026-01-06 14:10:00,3,238.0,152.08936507936517,85.91063492063483,85.91063492063483
131672_1767708900,131672,2026-01-06 14:15:00,3,90.0,80.50666666666666,9.49333333333334,9.49333333333334
132430_1767708900,132430,2026-01-06 14:15:00,3,115.0,100.5092857142857,14.490714285714304,14.490714285714304
129964_1767708900,129964,2026-01-06 14:15:00,3,-106.0,-80.91309523809525,-25.086904761904748,25.086904761904748
133957_1767708900,133957,2026-01-06 14:15:00,3,170.0,132.92198412698414,37.07801587301586,37.07801587301586
132430_1767709200,132430,2026-01-06 14:20:00,3,98.0,125.2748412698413,-27.274841269841303,27.274841269841303
133957_1767709200,133957,2026-01-06 14:20:00,3,81.0,83.20460317460318,-2.2046031746031787,2.2046031746031787
131672_1767709200,131672,2026-01-06 14:20:00,3,91.0,106.95603174603174,-15.95603174603174,15.95603174603174
129964_1767709200,129964,2026-01-06 14:20:00,3,-77.0,-14.977301587301588,-62.02269841269841,62.02269841269841
131672_1767709500,131672,2026-01-06 14:25:00,3,115.0,106.70690476190474,8.293095238095262,8.293095238095262
132430_1767709500,132430,2026-01-06 14:25:00,3,158.0,135.2500793650793,22.7499206349207,22.7499206349207
129964_1767709500,129964,2026-01-06 14:25:00,3,-93.0,-55.378492063492054,-37.621507936507946,37.621507936507946
132430_1767709800,132430,2026-01-06 14:30:00,3,137.0,130.71896825396828,6.281031746031715,6.281031746031715
129964_1767709800,129964,2026-01-06 14:30:00,3,-69.0,-8.612460317460318,-60.38753968253968,60.38753968253968
129964_1767710100,129964,2026-01-06 14:35:00,3,-42.0,-24.155079365079366,-17.844920634920634,17.844920634920634
132430_1767710400,132430,2026-01-06 14:40:00,3,23.0,86.24706349206346,-63.24706349206346,63.24706349206346
129964_1767710400,129964,2026-01-06 14:40:00,3,-145.0,-92.40523809523812,-52.59476190476188,52.59476190476188
132430_1767710700,132430,2026-01-06 14:45:00,3,23.0,47.63936507936512,-24.63936507936512,24.63936507936512
129964_1767710700,129964,2026-01-06 14:45:00,3,-127.0,-109.4849206349206,-17.5150793650794,17.5150793650794
129964_1767711000,129964,2026-01-06 14:50:00,3,-207.0,-97.93857142857144,-109.06142857142856,109.06142857142856
132430_1767711000,132430,2026-01-06 14:50:00,3,47.0,87.16103174603167,-40.16103174603167,40.16103174603167
122613_1767711000,122613,2026-01-06 14:50:00,3,0.0,-4.722698412698415,4.722698412698415,4.722698412698415
129964_1767711300,129964,2026-01-06 14:55:00,3,-66.0,-28.14563492063491,-37.85436507936509,37.85436507936509
122613_1767711300,122613,2026-01-06 14:55:00,3,0.0,5.9496825396825415,-5.9496825396825415,5.9496825396825415
132430_1767711300,132430,2026-01-06 14:55:00,3,33.0,72.95523809523809,-39.95523809523809,39.95523809523809
131672_1767711600,131672,2026-01-06 15:00:00,3,-47.0,-55.96992063492067,8.969920634920669,8.969920634920669
133957_1767711600,133957,2026-01-06 15:00:00,3,26.0,111.12904761904764,-85.12904761904764,85.12904761904764
132430_1767711600,132430,2026-01-06 15:00:00,3,171.0,104.30333333333333,66.69666666666667,66.69666666666667
134040_1767711600,134040,2026-01-06 15:00:00,3,199.0,109.81253968253964,89.18746031746036,89.18746031746036
133957_1767711900,133957,2026-01-06 15:05:00,3,17.0,40.422380952380934,-23.422380952380934,23.422380952380934
134040_1767711900,134040,2026-01-06 15:05:00,3,181.0,150.67150793650788,30.32849206349212,30.32849206349212
131672_1767711900,131672,2026-01-06 15:05:00,3,-52.0,-51.449444444444445,-0.5505555555555546,0.5505555555555546
132430_1767711900,132430,2026-01-06 15:05:00,3,384.0,209.9688888888889,174.0311111111111,174.0311111111111
132430_1767712200,132430,2026-01-06 15:10:00,3,291.0,188.5889682539683,102.41103174603171,102.41103174603171
135081_1767712200,135081,2026-01-06 15:10:00,3,-28.0,14.3770634920635,-42.3770634920635,42.3770634920635
133300_1767712200,133300,2026-01-06 15:10:00,3,-35.0,-36.282063492063486,1.282063492063486,1.282063492063486
134040_1767712200,134040,2026-01-06 15:10:00,3,202.0,161.05158730158735,40.94841269841265,40.94841269841265
133957_1767712200,133957,2026-01-06 15:10:00,3,28.0,68.74269841269842,-40.74269841269842,40.74269841269842
133957_1767712500,133957,2026-01-06 15:15:00,3,-36.0,40.27571428571425,-76.27571428571426,76.27571428571426
135081_1767712500,135081,2026-01-06 15:15:00,3,59.0,-31.098174603174606,90.09817460317461,90.09817460317461
133300_1767712500,133300,2026-01-06 15:15:00,3,-35.0,-28.314999999999998,-6.685000000000002,6.685000000000002
132430_1767712500,132430,2026-01-06 15:15:00,3,226.0,220.8379365079365,5.16206349206351,5.16206349206351
134040_1767712500,134040,2026-01-06 15:15:00,3,199.0,144.01222222222222,54.98777777777778,54.98777777777778
130238_1767712500,130238,2026-01-06 15:15:00,3,10.0,-1.538809523809525,11.538809523809524,11.538809523809524
134040_1767712800,134040,2026-01-06 15:20:00,3,183.0,145.76214285714298,37.237857142857024,37.237857142857024
130238_1767712800,130238,2026-01-06 15:20:00,3,-40.0,-2.4417460317460327,-37.558253968253965,37.558253968253965
132430_1767712800,132430,2026-01-06 15:20:00,3,258.0,275.94753968253997,-17.94753968253997,17.94753968253997
133300_1767712800,133300,2026-01-06 15:20:00,3,36.0,7.8627777777777785,28.13722222222222,28.13722222222222
133957_1767712800,133957,2026-01-06 15:20:00,3,-93.0,-48.49499999999998,-44.50500000000002,44.50500000000002
134040_1767713100,134040,2026-01-06 15:25:00,3,91.0,125.0484920634921,-34.048492063492105,34.048492063492105
130238_1767713100,130238,2026-01-06 15:25:00,3,-124.0,1.1511904761904754,-125.15119047619048,125.15119047619048
132430_1767713100,132430,2026-01-06 15:25:00,3,199.0,228.23793650793635,-29.237936507936354,29.237936507936354
133957_1767713100,133957,2026-01-06 15:25:00,3,74.0,-61.62079365079366,135.62079365079364,135.62079365079364
122658_1767713100,122658,2026-01-06 15:25:00,3,27.0,41.516587301587336,-14.516587301587336,14.516587301587336
122613_1767713400,122613,2026-01-06 15:30:00,3,0.0,5.457222222222223,-5.457222222222223,5.457222222222223
122658_1767713400,122658,2026-01-06 15:30:00,3,86.0,62.94515873015876,23.05484126984124,23.05484126984124
131672_1767713400,131672,2026-01-06 15:30:00,3,12.0,12.52984126984127,-0.5298412698412704,0.5298412698412704
130238_1767713400,130238,2026-01-06 15:30:00,3,-99.0,-9.376507936507936,-89.62349206349207,89.62349206349207
133957_1767713400,133957,2026-01-06 15:30:00,3,75.0,-12.113888888888887,87.11388888888888,87.11388888888888
122048_1767713400,122048,2026-01-06 15:30:00,3,0.0,42.09277777777776,-42.09277777777776,42.09277777777776
122613_1767713700,122613,2026-01-06 15:35:00,3,0.0,13.071746031746029,-13.071746031746029,13.071746031746029
131672_1767713700,131672,2026-01-06 15:35:00,3,86.0,18.998730158730165,67.00126984126983,67.00126984126983
133957_1767713700,133957,2026-01-06 15:35:00,3,-11.0,2.8907142857142856,-13.890714285714285,13.890714285714285
122658_1767713700,122658,2026-01-06 15:35:00,3,159.0,90.45682539682537,68.54317460317463,68.54317460317463
122048_1767713700,122048,2026-01-06 15:35:00,3,0.0,23.558492063492057,-23.558492063492057,23.558492063492057
130238_1767713700,130238,2026-01-06 15:35:00,3,-47.0,-46.14111111111112,-0.8588888888888775,0.8588888888888775
122613_1767714000,122613,2026-01-06 15:40:00,3,0.0,13.652857142857144,-13.652857142857144,13.652857142857144
131672_1767714000,131672,2026-01-06 15:40:00,3,67.0,23.051587301587315,43.94841269841268,43.94841269841268
122048_1767714000,122048,2026-01-06 15:40:00,3,0.0,44.90666666666666,-44.90666666666666,44.90666666666666
130238_1767714000,130238,2026-01-06 15:40:00,3,-41.0,-42.583095238095225,1.5830952380952255,1.5830952380952255
122658_1767714000,122658,2026-01-06 15:40:00,3,225.0,205.10968253968255,19.890317460317448,19.890317460317448
122613_1767714300,122613,2026-01-06 15:45:00,3,0.0,19.590000000000003,-19.590000000000003,19.590000000000003
130238_1767714300,130238,2026-01-06 15:45:00,3,-45.0,-32.25039682539682,-12.74960317460318,12.74960317460318
122048_1767714300,122048,2026-01-06 15:45:00,3,0.0,-19.429523809523808,19.429523809523808,19.429523809523808
131672_1767714300,131672,2026-01-06 15:45:00,3,70.0,75.21801587301587,-5.218015873015872,5.218015873015872
122658_1767714300,122658,2026-01-06 15:45:00,3,348.0,258.65253968253955,89.34746031746045,89.34746031746045
122048_1767714600,122048,2026-01-06 15:50:00,3,0.0,-47.249999999999986,47.249999999999986,47.249999999999986
122613_1767714600,122613,2026-01-06 15:50:00,3,0.0,-2.1565079365079365,2.1565079365079365,2.1565079365079365
130238_1767714600,130238,2026-01-06 15:50:00,3,-30.0,-19.87230158730159,-10.127698412698411,10.127698412698411
122658_1767714600,122658,2026-01-06 15:50:00,3,362.0,159.94960317460317,202.05039682539683,202.05039682539683
131672_1767714600,131672,2026-01-06 15:50:00,3,13.0,46.88333333333332,-33.88333333333332,33.88333333333332
122613_1767714900,122613,2026-01-06 15:55:00,3,0.0,3.021190476190476,-3.021190476190476,3.021190476190476
130238_1767714900,130238,2026-01-06 15:55:00,3,-78.0,-4.8642857142857165,-73.13571428571429,73.13571428571429
122658_1767714900,122658,2026-01-06 15:55:00,3,2.0,66.72484126984128,-64.72484126984128,64.72484126984128
122048_1767714900,122048,2026-01-06 15:55:00,3,0.0,23.06198412698413,-23.06198412698413,23.06198412698413
131672_1767714900,131672,2026-01-06 15:55:00,3,-150.0,-57.50698412698418,-92.49301587301582,92.49301587301582
122048_1767715200,122048,2026-01-06 16:00:00,3,0.0,-4.916111111111111,4.916111111111111,4.916111111111111
122658_1767715200,122658,2026-01-06 16:00:00,3,0.0,41.766825396825375,-41.766825396825375,41.766825396825375
132430_1767715200,132430,2026-01-06 16:00:00,3,485.0,451.597380952381,33.402619047619,33.402619047619
122613_1767715200,122613,2026-01-06 16:00:00,3,0.0,0.9013492063492063,-0.9013492063492063,0.9013492063492063
130238_1767715200,130238,2026-01-06 16:00:00,3,-97.0,-105.58214285714281,8.582142857142813,8.582142857142813
122658_1767715500,122658,2026-01-06 16:05:00,3,0.0,37.03753968253969,-37.03753968253969,37.03753968253969
132430_1767715500,132430,2026-01-06 16:05:00,3,483.0,442.96634920634915,40.03365079365085,40.03365079365085
122048_1767715500,122048,2026-01-06 16:05:00,3,0.0,-0.1334126984126985,0.1334126984126985,0.1334126984126985
122613_1767715500,122613,2026-01-06 16:05:00,3,0.0,-13.59944444444445,13.59944444444445,13.59944444444445
122048_1767715800,122048,2026-01-06 16:10:00,3,0.0,7.757380952380953,-7.757380952380953,7.757380952380953
122658_1767715800,122658,2026-01-06 16:10:00,3,0.0,9.009603174603173,-9.009603174603173,9.009603174603173
122048_1767716100,122048,2026-01-06 16:15:00,3,0.0,-5.274285714285715,5.274285714285715,5.274285714285715
122658_1767716100,122658,2026-01-06 16:15:00,3,0.0,2.0131746031746025,-2.0131746031746025,2.0131746031746025
122048_1767716400,122048,2026-01-06 16:20:00,3,0.0,11.909603174603175,-11.909603174603175,11.909603174603175
133957_1767716400,133957,2026-01-06 16:20:00,3,115.0,92.93357142857144,22.06642857142856,22.06642857142856
130238_1767716400,130238,2026-01-06 16:20:00,3,98.0,73.21492063492062,24.785079365079383,24.785079365079383
122658_1767716400,122658,2026-01-06 16:20:00,3,0.0,4.013253968253968,-4.013253968253968,4.013253968253968
133957_1767716700,133957,2026-01-06 16:25:00,3,104.0,88.56095238095237,15.439047619047628,15.439047619047628
130238_1767716700,130238,2026-01-06 16:25:00,3,9.0,6.318174603174604,2.6818253968253956,2.6818253968253956
122048_1767716700,122048,2026-01-06 16:25:00,3,0.0,0.5607936507936511,-0.5607936507936511,0.5607936507936511
122658_1767716700,122658,2026-01-06 16:25:00,3,0.0,-1.627777777777778,1.627777777777778,1.627777777777778
130238_1767717000,130238,2026-01-06 16:30:00,3,-55.0,-21.766269841269843,-33.233730158730154,33.233730158730154
135081_1767717000,135081,2026-01-06 16:30:00,3,92.0,96.49976190476187,-4.499761904761868,4.499761904761868
135081_1767717300,135081,2026-01-06 16:35:00,3,-22.0,-27.774444444444452,5.774444444444452,5.774444444444452
135081_1767717600,135081,2026-01-06 16:40:00,3,-133.0,-2.2468253968253977,-130.7531746031746,130.7531746031746
135081_1767717900,135081,2026-01-06 16:45:00,3,-127.0,-59.086428571428534,-67.91357142857146,67.91357142857146
135081_1767718200,135081,2026-01-06 16:50:00,3,-51.0,-74.16103174603178,23.16103174603178,23.16103174603178
135081_1767718500,135081,2026-01-06 16:55:00,3,-77.0,-81.7503174603174,4.7503174603174045,4.7503174603174045
133957_1767718800,133957,2026-01-06 17:00:00,3,-35.0,-9.894285714285715,-25.105714285714285,25.105714285714285
135081_1767718800,135081,2026-01-06 17:00:00,3,-153.0,-96.72126984126986,-56.27873015873014,56.27873015873014
135081_1767719100,135081,2026-01-06 17:05:00,3,-144.0,-59.50428571428569,-84.49571428571431,84.49571428571431
133957_1767719100,133957,2026-01-06 17:05:00,3,-113.0,-54.43285714285715,-58.56714285714285,58.56714285714285
135081_1767719400,135081,2026-01-06 17:10:00,3,-123.0,-63.86269841269843,-59.13730158730157,59.13730158730157
133957_1767719400,133957,2026-01-06 17:10:00,3,-174.0,-61.955634920634886,-112.04436507936512,112.04436507936512
135081_1767719700,135081,2026-01-06 17:15:00,3,-137.0,-91.47865079365077,-45.52134920634923,45.52134920634923
133957_1767719700,133957,2026-01-06 17:15:00,3,-173.0,-115.40142857142855,-57.59857142857145,57.59857142857145
122048_1767720000,122048,2026-01-06 17:20:00,3,-336.0,-269.935,-66.065,66.065
133957_1767720000,133957,2026-01-06 17:20:00,3,-218.0,-116.72523809523805,-101.27476190476195,101.27476190476195
135081_1767720000,135081,2026-01-06 17:20:00,3,-199.0,-156.22793650793648,-42.77206349206352,42.77206349206352
135081_1767720300,135081,2026-01-06 17:25:00,3,-231.0,-155.3450793650793,-75.6549206349207,75.6549206349207
122048_1767720300,122048,2026-01-06 17:25:00,3,-130.0,-68.17626984126986,-61.82373015873014,61.82373015873014
122048_1767720600,122048,2026-01-06 17:30:00,3,-32.0,-37.21944444444444,5.2194444444444414,5.2194444444444414
135081_1767720600,135081,2026-01-06 17:30:00,3,-180.0,-80.7257936507936,-99.2742063492064,99.2742063492064
122048_1767720900,122048,2026-01-06 17:35:00,3,-32.0,-23.07428571428572,-8.925714285714282,8.925714285714282
135081_1767720900,135081,2026-01-06 17:35:00,3,-34.0,-8.564761904761909,-25.43523809523809,25.43523809523809
133957_1767720900,133957,2026-01-06 17:35:00,3,67.0,22.06904761904762,44.93095238095238,44.93095238095238
133957_1767721200,133957,2026-01-06 17:40:00,3,28.0,42.674285714285716,-14.674285714285716,14.674285714285716
122048_1767721200,122048,2026-01-06 17:40:00,3,-108.0,-18.40825396825397,-89.59174603174603,89.59174603174603
135081_1767721200,135081,2026-01-06 17:40:00,3,4.0,-38.63920634920636,42.63920634920636,42.63920634920636
135081_1767721500,135081,2026-01-06 17:45:00,3,12.0,-22.27174603174603,34.271746031746034,34.271746031746034
122048_1767721500,122048,2026-01-06 17:45:00,3,-141.0,-40.540317460317446,-100.45968253968255,100.45968253968255
133957_1767721500,133957,2026-01-06 17:45:00,3,83.0,93.97015873015881,-10.970158730158815,10.970158730158815
122048_1767721800,122048,2026-01-06 17:50:00,3,-174.0,-111.3044444444445,-62.6955555555555,62.6955555555555
133957_1767721800,133957,2026-01-06 17:50:00,3,-28.0,72.85238095238094,-100.85238095238094,100.85238095238094
135081_1767721800,135081,2026-01-06 17:50:00,3,48.0,12.744523809523809,35.25547619047619,35.25547619047619
122048_1767722100,122048,2026-01-06 17:55:00,3,-157.0,-99.43809523809524,-57.561904761904756,57.561904761904756
132430_1767722400,132430,2026-01-06 18:00:00,3,380.0,365.9846031746033,14.015396825396692,14.015396825396692
134040_1767722400,134040,2026-01-06 18:00:00,3,107.0,128.39301587301586,-21.393015873015855,21.393015873015855
122048_1767722400,122048,2026-01-06 18:00:00,3,-146.0,-118.76071428571427,-27.239285714285728,27.239285714285728
134040_1767722700,134040,2026-01-06 18:05:00,3,295.0,155.16865079365073,139.83134920634927,139.83134920634927
132430_1767722700,132430,2026-01-06 18:05:00,3,324.0,373.0338095238096,-49.03380952380962,49.03380952380962
134040_1767723000,134040,2026-01-06 18:10:00,3,407.0,191.24484126984115,215.75515873015885,215.75515873015885
132430_1767723000,132430,2026-01-06 18:10:00,3,452.0,384.94158730158756,67.05841269841244,67.05841269841244
132430_1767723300,132430,2026-01-06 18:15:00,3,333.0,340.3812698412699,-7.381269841269898,7.381269841269898
134040_1767723300,134040,2026-01-06 18:15:00,3,342.0,202.46531746031746,139.53468253968254,139.53468253968254
134040_1767723600,134040,2026-01-06 18:20:00,3,401.0,311.82809523809533,89.17190476190467,89.17190476190467
132430_1767723600,132430,2026-01-06 18:20:00,3,310.0,301.9236507936509,8.076349206349107,8.076349206349107
132430_1767723900,132430,2026-01-06 18:25:00,3,285.0,346.3646825396824,-61.364682539682406,61.364682539682406
134040_1767723900,134040,2026-01-06 18:25:00,3,487.0,259.97388888888884,227.02611111111116,227.02611111111116
132430_1767724200,132430,2026-01-06 18:30:00,3,309.0,303.8592063492063,5.1407936507936824,5.1407936507936824
134040_1767724200,134040,2026-01-06 18:30:00,3,465.0,395.1373015873015,69.86269841269848,69.86269841269848
131672_1767724200,131672,2026-01-06 18:30:00,3,368.0,360.0376190476193,7.962380952380727,7.962380952380727
134040_1767724500,134040,2026-01-06 18:35:00,3,409.0,363.7573809523809,45.24261904761909,45.24261904761909
132430_1767724500,132430,2026-01-06 18:35:00,3,299.0,304.8822222222222,-5.882222222222197,5.882222222222197
132430_1767724800,132430,2026-01-06 18:40:00,3,45.0,139.3811111111111,-94.3811111111111,94.3811111111111
135081_1767726000,135081,2026-01-06 19:00:00,3,311.0,210.5375396825396,100.4624603174604,100.4624603174604
134040_1767735000,134040,2026-01-06 21:30:00,3,434.0,293.3759523809524,140.6240476190476,140.6240476190476
130072_1767735300,130072,2026-01-06 21:35:00,3,0.0,65.76595238095237,-65.76595238095237,65.76595238095237
134040_1767735300,134040,2026-01-06 21:35:00,3,434.0,255.45666666666668,178.54333333333332,178.54333333333332
130072_1767735600,130072,2026-01-06 21:40:00,3,0.0,2.8947619047619053,-2.8947619047619053,2.8947619047619053
134040_1767735900,134040,2026-01-06 21:45:00,3,0.0,42.67674603174602,-42.67674603174602,42.67674603174602
130072_1767735900,130072,2026-01-06 21:45:00,3,0.0,-0.8295238095238093,0.8295238095238093,0.8295238095238093
130072_1767736200,130072,2026-01-06 21:50:00,3,0.0,-0.15079365079365087,0.15079365079365087,0.15079365079365087
130072_1767736500,130072,2026-01-06 21:55:00,3,0.0,9.296825396825396,-9.296825396825396,9.296825396825396
134494_1767742200,134494,2026-01-06 23:30:00,3,0.0,0.3987301587301589,-0.3987301587301589,0.3987301587301589
134494_1767742500,134494,2026-01-06 23:35:00,3,0.0,4.734285714285715,-4.734285714285715,4.734285714285715
133300_1767713100,133300,2026-01-06 15:25:00,4,-9.0,0.9894444444444449,-9.989444444444445,9.989444444444445
129964_1767713400,129964,2026-01-06 15:30:00,4,-129.0,19.52476190476191,-148.5247619047619,148.5247619047619
129964_1767713700,129964,2026-01-06 15:35:00,4,-33.0,-18.349285714285706,-14.650714285714294,14.650714285714294
129964_1767714000,129964,2026-01-06 15:40:00,4,25.0,3.7669047619047635,21.23309523809524,21.23309523809524
129964_1767714300,129964,2026-01-06 15:45:00,4,8.0,31.933888888888877,-23.933888888888877,23.933888888888877
129964_1767714600,129964,2026-01-06 15:50:00,4,-49.0,-15.993174603174612,-33.00682539682539,33.00682539682539
129964_1767714900,129964,2026-01-06 15:55:00,4,-82.0,-34.76817460317461,-47.23182539682539,47.23182539682539
133300_1767715200,133300,2026-01-06 16:00:00,4,22.0,9.60936507936508,12.39063492063492,12.39063492063492
129964_1767715200,129964,2026-01-06 16:00:00,4,-134.0,-57.339444444444396,-76.6605555555556,76.6605555555556
129964_1767715500,129964,2026-01-06 16:05:00,4,-115.0,-80.06277777777778,-34.93722222222222,34.93722222222222
133300_1767715500,133300,2026-01-06 16:05:00,4,-24.0,28.605793650793647,-52.60579365079364,52.60579365079364
122613_1767715800,122613,2026-01-06 16:10:00,4,-18.0,-35.848015873015875,17.848015873015875,17.848015873015875
133300_1767715800,133300,2026-01-06 16:10:00,4,-87.0,-8.710873015873018,-78.28912698412698,78.28912698412698
129964_1767715800,129964,2026-01-06 16:10:00,4,-2.0,-58.638809523809556,56.638809523809556,56.638809523809556
133300_1767716100,133300,2026-01-06 16:15:00,4,-38.0,36.65515873015874,-74.65515873015875,74.65515873015875
122613_1767716100,122613,2026-01-06 16:15:00,4,11.0,-2.8457936507936514,13.845793650793652,13.845793650793652
129964_1767716100,129964,2026-01-06 16:15:00,4,-46.0,-76.18722222222223,30.187222222222232,30.187222222222232
133300_1767716400,133300,2026-01-06 16:20:00,4,207.0,144.60761904761898,62.39238095238102,62.39238095238102
129964_1767716400,129964,2026-01-06 16:20:00,4,-13.0,-48.52515873015873,35.52515873015873,35.52515873015873
122613_1767716400,122613,2026-01-06 16:20:00,4,-88.0,-67.2780952380953,-20.721904761904696,20.721904761904696
122613_1767716700,122613,2026-01-06 16:25:00,4,-27.0,37.42873015873017,-64.42873015873016,64.42873015873016
129964_1767716700,129964,2026-01-06 16:25:00,4,303.0,-12.65484126984127,315.65484126984126,315.65484126984126
122658_1767717000,122658,2026-01-06 16:30:00,4,0.0,10.592222222222228,-10.592222222222228,10.592222222222228
122613_1767717000,122613,2026-01-06 16:30:00,4,-62.0,-62.04698412698418,0.046984126984177976,0.046984126984177976
129964_1767717300,129964,2026-01-06 16:35:00,4,-111.0,-75.37325396825392,-35.62674603174608,35.62674603174608
130238_1767717300,130238,2026-01-06 16:35:00,4,-41.0,63.152460317460296,-104.1524603174603,104.1524603174603
122613_1767717300,122613,2026-01-06 16:35:00,4,-54.0,-15.618095238095238,-38.381904761904764,38.381904761904764
122613_1767717600,122613,2026-01-06 16:40:00,4,-11.0,-42.419603174603154,31.419603174603154,31.419603174603154
130238_1767717600,130238,2026-01-06 16:40:00,4,-57.0,-39.12642857142858,-17.873571428571417,17.873571428571417
129964_1767717600,129964,2026-01-06 16:40:00,4,-126.0,-34.849126984126976,-91.15087301587303,91.15087301587303
122658_1767717600,122658,2026-01-06 16:40:00,4,-46.0,57.670873015872964,-103.67087301587296,103.67087301587296
122613_1767717900,122613,2026-01-06 16:45:00,4,55.0,-15.725238095238096,70.7252380952381,70.7252380952381
122658_1767717900,122658,2026-01-06 16:45:00,4,38.0,42.7631746031746,-4.763174603174598,4.763174603174598
129964_1767717900,129964,2026-01-06 16:45:00,4,38.0,-45.29158730158732,83.29158730158733,83.29158730158733
130238_1767717900,130238,2026-01-06 16:45:00,4,-92.0,-4.417857142857147,-87.58214285714286,87.58214285714286
129964_1767718200,129964,2026-01-06 16:50:00,4,57.0,0.05452380952381001,56.94547619047619,56.94547619047619
130238_1767718200,130238,2026-01-06 16:50:00,4,-38.0,-14.289603174603174,-23.710396825396828,23.710396825396828
122613_1767718200,122613,2026-01-06 16:50:00,4,72.0,64.8926984126984,7.107301587301606,7.107301587301606
122658_1767718200,122658,2026-01-06 16:50:00,4,39.0,55.805238095238074,-16.805238095238074,16.805238095238074
122658_1767718500,122658,2026-01-06 16:55:00,4,63.0,78.66984126984129,-15.669841269841285,15.669841269841285
122613_1767718500,122613,2026-01-06 16:55:00,4,72.0,42.11134920634918,29.888650793650818,29.888650793650818
129964_1767718500,129964,2026-01-06 16:55:00,4,71.0,46.581984126984096,24.418015873015904,24.418015873015904
130238_1767718500,130238,2026-01-06 16:55:00,4,-3.0,-25.135714285714275,22.135714285714275,22.135714285714275
130238_1767718800,130238,2026-01-06 17:00:00,4,-85.0,-25.366984126984125,-59.63301587301588,59.63301587301588
122658_1767718800,122658,2026-01-06 17:00:00,4,107.0,83.93087301587299,23.06912698412701,23.06912698412701
129964_1767718800,129964,2026-01-06 17:00:00,4,39.0,95.34293650793649,-56.342936507936486,56.342936507936486
133300_1767718800,133300,2026-01-06 17:00:00,4,231.0,126.81126984126982,104.18873015873018,104.18873015873018
129964_1767719100,129964,2026-01-06 17:05:00,4,-44.0,-14.061269841269848,-29.938730158730152,29.938730158730152
130238_1767719100,130238,2026-01-06 17:05:00,4,99.0,60.19222222222219,38.80777777777781,38.80777777777781
122658_1767719100,122658,2026-01-06 17:05:00,4,88.0,89.22071428571428,-1.2207142857142799,1.2207142857142799
122658_1767719400,122658,2026-01-06 17:10:00,4,0.0,74.0356349206349,-74.0356349206349,74.0356349206349
130238_1767719400,130238,2026-01-06 17:10:00,4,160.0,65.82793650793649,94.17206349206351,94.17206349206351
133300_1767719400,133300,2026-01-06 17:10:00,4,-24.0,-9.837698412698412,-14.162301587301588,14.162301587301588
129964_1767719400,129964,2026-01-06 17:10:00,4,-130.0,-48.50793650793649,-81.49206349206351,81.49206349206351
122658_1767719700,122658,2026-01-06 17:15:00,4,0.0,4.890396825396827,-4.890396825396827,4.890396825396827
130238_1767719700,130238,2026-01-06 17:15:00,4,134.0,52.61007936507939,81.3899206349206,81.3899206349206
129964_1767719700,129964,2026-01-06 17:15:00,4,-135.0,-25.016984126984124,-109.98301587301587,109.98301587301587
133300_1767719700,133300,2026-01-06 17:15:00,4,22.0,28.52785714285714,-6.52785714285714,6.52785714285714
133300_1767720000,133300,2026-01-06 17:20:00,4,-46.0,38.66039682539684,-84.66039682539684,84.66039682539684
130238_1767720000,130238,2026-01-06 17:20:00,4,35.0,74.79611111111114,-39.796111111111145,39.796111111111145
122658_1767720000,122658,2026-01-06 17:20:00,4,0.0,37.435,-37.435,37.435
129964_1767720000,129964,2026-01-06 17:20:00,4,-14.0,-41.60087301587301,27.600873015873013,27.600873015873013
133300_1767720300,133300,2026-01-06 17:25:00,4,-26.0,18.588730158730158,-44.58873015873016,44.58873015873016
129964_1767720300,129964,2026-01-06 17:25:00,4,-105.0,-70.45079365079368,-34.549206349206315,34.549206349206315
130238_1767720300,130238,2026-01-06 17:25:00,4,41.0,76.29198412698413,-35.29198412698413,35.29198412698413
122658_1767720300,122658,2026-01-06 17:25:00,4,0.0,16.11206349206349,-16.11206349206349,16.11206349206349
129964_1767720600,129964,2026-01-06 17:30:00,4,-10.0,-57.00063492063493,47.00063492063493,47.00063492063493
122658_1767720600,122658,2026-01-06 17:30:00,4,0.0,12.105317460317464,-12.105317460317464,12.105317460317464
130238_1767720600,130238,2026-01-06 17:30:00,4,-64.0,31.30507936507935,-95.30507936507935,95.30507936507935
130238_1767720900,130238,2026-01-06 17:35:00,4,-125.0,-0.6223809523809536,-124.37761904761905,124.37761904761905
122658_1767720900,122658,2026-01-06 17:35:00,4,0.0,20.603253968253966,-20.603253968253966,20.603253968253966
129964_1767720900,129964,2026-01-06 17:35:00,4,49.0,-52.28341269841269,101.28341269841269,101.28341269841269
130238_1767721200,130238,2026-01-06 17:40:00,4,-103.0,-0.37880952380952393,-102.62119047619048,102.62119047619048
122658_1767721200,122658,2026-01-06 17:40:00,4,0.0,16.88904761904762,-16.88904761904762,16.88904761904762
130238_1767721500,130238,2026-01-06 17:45:00,4,-170.0,-97.23492063492063,-72.76507936507937,72.76507936507937
133957_1767722100,133957,2026-01-06 17:55:00,4,-73.0,92.51769841269846,-165.51769841269845,165.51769841269845
133300_1767722400,133300,2026-01-06 18:00:00,4,310.0,130.0504761904762,179.9495238095238,179.9495238095238
133300_1767722700,133300,2026-01-06 18:05:00,4,406.0,238.5640476190477,167.4359523809523,167.4359523809523
122048_1767722700,122048,2026-01-06 18:05:00,4,-104.0,-93.59547619047613,-10.404523809523866,10.404523809523866
133300_1767723000,133300,2026-01-06 18:10:00,4,580.0,476.8099206349208,103.19007936507921,103.19007936507921
122048_1767723000,122048,2026-01-06 18:10:00,4,-70.0,-40.6020634920635,-29.3979365079365,29.3979365079365
122048_1767723300,122048,2026-01-06 18:15:00,4,48.0,-8.854047619047616,56.85404761904762,56.85404761904762
122048_1767723600,122048,2026-01-06 18:20:00,4,66.0,57.672857142857126,8.327142857142874,8.327142857142874
133300_1767723600,133300,2026-01-06 18:20:00,4,-5.0,21.090634920634923,-26.090634920634923,26.090634920634923
122048_1767723900,122048,2026-01-06 18:25:00,4,50.0,84.96341269841268,-34.96341269841268,34.96341269841268
122048_1767724200,122048,2026-01-06 18:30:00,4,35.0,67.3865873015873,-32.3865873015873,32.3865873015873
131672_1767724500,131672,2026-01-06 18:35:00,4,365.0,403.8722222222222,-38.872222222222206,38.872222222222206
122048_1767724500,122048,2026-01-06 18:35:00,4,133.0,99.09499999999997,33.90500000000003,33.90500000000003
122048_1767724800,122048,2026-01-06 18:40:00,4,250.0,101.03825396825395,148.96174603174603,148.96174603174603
132430_1767725100,132430,2026-01-06 18:45:00,4,45.0,118.56936507936508,-73.56936507936508,73.56936507936508
122048_1767725100,122048,2026-01-06 18:45:00,4,274.0,272.60079365079366,1.399206349206338,1.399206349206338
132430_1767725400,132430,2026-01-06 18:50:00,4,-1.0,48.31174603174604,-49.31174603174604,49.31174603174604
122048_1767725400,122048,2026-01-06 18:50:00,4,356.0,364.40658730158725,-8.406587301587251,8.406587301587251
122048_1767725700,122048,2026-01-06 18:55:00,4,417.0,315.5245238095239,101.47547619047612,101.47547619047612
132430_1767725700,132430,2026-01-06 18:55:00,4,27.0,79.98087301587297,-52.98087301587297,52.98087301587297
122048_1767726000,122048,2026-01-06 19:00:00,4,481.0,422.67277777777787,58.32722222222213,58.32722222222213
122048_1767726300,122048,2026-01-06 19:05:00,4,523.0,491.52000000000044,31.479999999999563,31.479999999999563
135081_1767726300,135081,2026-01-06 19:05:00,4,146.0,176.06698412698415,-30.066984126984153,30.066984126984153
135081_1767726600,135081,2026-01-06 19:10:00,4,53.0,44.92690476190475,8.073095238095249,8.073095238095249
131672_1767726900,131672,2026-01-06 19:15:00,4,-3.0,11.674126984126978,-14.674126984126978,14.674126984126978
135081_1767726900,135081,2026-01-06 19:15:00,4,-68.0,21.2488888888889,-89.2488888888889,89.2488888888889
131672_1767727200,131672,2026-01-06 19:20:00,4,-9.0,21.22285714285714,-30.22285714285714,30.22285714285714
122048_1767727200,122048,2026-01-06 19:20:00,4,-54.0,-5.281190476190477,-48.718809523809526,48.718809523809526
135081_1767727200,135081,2026-01-06 19:20:00,4,-32.0,24.968730158730157,-56.96873015873015,56.96873015873015
135081_1767727500,135081,2026-01-06 19:25:00,4,-15.0,6.8368253968254,-21.8368253968254,21.8368253968254
131672_1767727500,131672,2026-01-06 19:25:00,4,163.0,199.6646031746032,-36.6646031746032,36.6646031746032
131672_1767727800,131672,2026-01-06 19:30:00,4,302.0,149.5427777777778,152.4572222222222,152.4572222222222
131672_1767728100,131672,2026-01-06 19:35:00,4,382.0,288.07999999999987,93.92000000000013,93.92000000000013
131672_1767728400,131672,2026-01-06 19:40:00,4,359.0,274.96174603174603,84.03825396825397,84.03825396825397
122048_1767728700,122048,2026-01-06 19:45:00,4,-348.0,-264.26,-83.74000000000001,83.74000000000001
131672_1767728700,131672,2026-01-06 19:45:00,4,492.0,373.3361904761904,118.66380952380962,118.66380952380962
133957_1767729000,133957,2026-01-06 19:50:00,4,39.0,82.3807142857143,-43.380714285714305,43.380714285714305
122048_1767729000,122048,2026-01-06 19:50:00,4,-142.0,-85.48690476190474,-56.51309523809526,56.51309523809526
131672_1767729000,131672,2026-01-06 19:50:00,4,533.0,491.52000000000044,41.47999999999956,41.47999999999956
122048_1767729300,122048,2026-01-06 19:55:00,4,36.0,-23.54095238095239,59.54095238095239,59.54095238095239
131672_1767729300,131672,2026-01-06 19:55:00,4,478.0,491.52000000000044,-13.520000000000437,13.520000000000437
133957_1767729300,133957,2026-01-06 19:55:00,4,171.0,129.76539682539692,41.23460317460308,41.23460317460308
131672_1767729600,131672,2026-01-06 20:00:00,4,557.0,491.52000000000044,65.47999999999956,65.47999999999956
133957_1767729600,133957,2026-01-06 20:00:00,4,141.0,132.8253174603175,8.174682539682493,8.174682539682493
122048_1767729600,122048,2026-01-06 20:00:00,4,41.0,29.931507936507938,11.068492063492062,11.068492063492062
132430_1767729600,132430,2026-01-06 20:00:00,4,21.0,92.6357936507936,-71.6357936507936,71.6357936507936
122048_1767729900,122048,2026-01-06 20:05:00,4,93.0,89.2765873015873,3.7234126984127016,3.7234126984127016
133957_1767729900,133957,2026-01-06 20:05:00,4,126.0,143.59587301587305,-17.595873015873053,17.595873015873053
132430_1767729900,132430,2026-01-06 20:05:00,4,177.0,130.21785714285716,46.782142857142844,46.782142857142844
122048_1767730200,122048,2026-01-06 20:10:00,4,99.0,91.05666666666669,7.943333333333314,7.943333333333314
133957_1767730200,133957,2026-01-06 20:10:00,4,83.0,187.50761904761907,-104.50761904761907,104.50761904761907
132430_1767730200,132430,2026-01-06 20:10:00,4,173.0,104.76769841269834,68.23230158730166,68.23230158730166
133957_1767730500,133957,2026-01-06 20:15:00,4,53.0,77.3688888888889,-24.368888888888904,24.368888888888904
122048_1767730500,122048,2026-01-06 20:15:00,4,-3.0,92.54523809523815,-95.54523809523815,95.54523809523815
132430_1767730500,132430,2026-01-06 20:15:00,4,146.0,80.36992063492056,65.63007936507944,65.63007936507944
122048_1767730800,122048,2026-01-06 20:20:00,4,25.0,59.06690476190475,-34.06690476190475,34.06690476190475
133957_1767730800,133957,2026-01-06 20:20:00,4,38.0,111.64182539682537,-73.64182539682537,73.64182539682537
132430_1767730800,132430,2026-01-06 20:20:00,4,234.0,190.38412698412694,43.61587301587306,43.61587301587306
133957_1767731100,133957,2026-01-06 20:25:00,4,59.0,78.39063492063491,-19.39063492063491,19.39063492063491
122048_1767731100,122048,2026-01-06 20:25:00,4,4.0,43.88611111111109,-39.88611111111109,39.88611111111109
132430_1767731100,132430,2026-01-06 20:25:00,4,277.0,238.90896825396834,38.09103174603166,38.09103174603166
132430_1767731400,132430,2026-01-06 20:30:00,4,192.0,225.97579365079375,-33.97579365079375,33.97579365079375
133957_1767731400,133957,2026-01-06 20:30:00,4,46.0,10.21531746031746,35.78468253968254,35.78468253968254
133957_1767731700,133957,2026-01-06 20:35:00,4,116.0,93.49999999999999,22.500000000000014,22.500000000000014
132430_1767731700,132430,2026-01-06 20:35:00,4,201.0,206.47293650793645,-5.472936507936453,5.472936507936453
131672_1767732000,131672,2026-01-06 20:40:00,4,32.0,28.420238095238084,3.5797619047619165,3.5797619047619165
132430_1767732000,132430,2026-01-06 20:40:00,4,167.0,208.3345238095239,-41.33452380952389,41.33452380952389
133957_1767732000,133957,2026-01-06 20:40:00,4,129.0,85.25087301587303,43.749126984126974,43.749126984126974
132430_1767732300,132430,2026-01-06 20:45:00,4,337.0,209.2120634920634,127.78793650793659,127.78793650793659
131672_1767732300,131672,2026-01-06 20:45:00,4,16.0,19.71626984126984,-3.7162698412698383,3.7162698412698383
132430_1767732600,132430,2026-01-06 20:50:00,4,338.0,281.94277777777774,56.057222222222265,56.057222222222265
133957_1767732600,133957,2026-01-06 20:50:00,4,39.0,71.1307142857143,-32.130714285714305,32.130714285714305
131672_1767732600,131672,2026-01-06 20:50:00,4,34.0,58.94039682539681,-24.94039682539681,24.94039682539681
135081_1767732600,135081,2026-01-06 20:50:00,4,79.0,70.57642857142865,8.42357142857135,8.42357142857135
131672_1767732900,131672,2026-01-06 20:55:00,4,41.0,202.96976190476192,-161.96976190476192,161.96976190476192
133957_1767732900,133957,2026-01-06 20:55:00,4,-49.0,76.19031746031747,-125.19031746031747,125.19031746031747
132430_1767732900,132430,2026-01-06 20:55:00,4,238.0,257.3951587301587,-19.3951587301587,19.3951587301587
135081_1767732900,135081,2026-01-06 20:55:00,4,136.0,124.1344444444445,11.865555555555503,11.865555555555503
135081_1767733200,135081,2026-01-06 21:00:00,4,40.0,83.04309523809522,-43.04309523809522,43.04309523809522
133957_1767733200,133957,2026-01-06 21:00:00,4,59.0,144.16650793650797,-85.16650793650797,85.16650793650797
122048_1767733200,122048,2026-01-06 21:00:00,4,0.0,5.631111111111111,-5.631111111111111,5.631111111111111
132430_1767733200,132430,2026-01-06 21:00:00,4,153.0,211.30420634920648,-58.30420634920648,58.30420634920648
122048_1767733500,122048,2026-01-06 21:05:00,4,0.0,23.293095238095237,-23.293095238095237,23.293095238095237
132430_1767733500,132430,2026-01-06 21:05:00,4,168.0,232.2525396825396,-64.2525396825396,64.2525396825396
133957_1767733500,133957,2026-01-06 21:05:00,4,28.0,47.7576984126984,-19.757698412698403,19.757698412698403
135081_1767733500,135081,2026-01-06 21:05:00,4,44.0,90.95563492063495,-46.95563492063495,46.95563492063495
135081_1767733800,135081,2026-01-06 21:10:00,4,51.0,102.74492063492075,-51.744920634920746,51.744920634920746
133957_1767733800,133957,2026-01-06 21:10:00,4,15.0,2.229761904761905,12.770238095238096,12.770238095238096
122048_1767733800,122048,2026-01-06 21:10:00,4,0.0,14.383968253968257,-14.383968253968257,14.383968253968257
132430_1767733800,132430,2026-01-06 21:10:00,4,179.0,204.93309523809532,-25.93309523809532,25.93309523809532
135081_1767734100,135081,2026-01-06 21:15:00,4,-16.0,27.53317460317459,-43.53317460317459,43.53317460317459
133957_1767734100,133957,2026-01-06 21:15:00,4,45.0,70.45031746031748,-25.45031746031748,25.45031746031748
122048_1767734100,122048,2026-01-06 21:15:00,4,0.0,-5.7242857142857115,5.7242857142857115,5.7242857142857115
132430_1767734100,132430,2026-01-06 21:15:00,4,96.0,156.00730158730164,-60.00730158730164,60.00730158730164
133957_1767734400,133957,2026-01-06 21:20:00,4,7.0,20.28079365079365,-13.280793650793651,13.280793650793651
135081_1767734400,135081,2026-01-06 21:20:00,4,-59.0,-4.1350000000000025,-54.864999999999995,54.864999999999995
122048_1767734400,122048,2026-01-06 21:20:00,4,0.0,-1.6280952380952394,1.6280952380952394,1.6280952380952394
135081_1767734700,135081,2026-01-06 21:25:00,4,-170.0,-35.53587301587305,-134.46412698412695,134.46412698412695
122048_1767734700,122048,2026-01-06 21:25:00,4,0.0,1.842142857142856,-1.842142857142856,1.842142857142856
133957_1767734700,133957,2026-01-06 21:25:00,4,65.0,86.44261904761906,-21.44261904761906,21.44261904761906
133957_1767735000,133957,2026-01-06 21:30:00,4,21.0,-5.49015873015873,26.49015873015873,26.49015873015873
133957_1767735300,133957,2026-01-06 21:35:00,4,50.0,86.38087301587302,-36.38087301587302,36.38087301587302
133957_1767735600,133957,2026-01-06 21:40:00,4,77.0,40.44269841269841,36.55730158730159,36.55730158730159
134040_1767736200,134040,2026-01-06 21:50:00,4,0.0,38.241746031746025,-38.241746031746025,38.241746031746025
134040_1767736500,134040,2026-01-06 21:55:00,4,0.0,27.839206349206354,-27.839206349206354,27.839206349206354
134040_1767736800,134040,2026-01-06 22:00:00,4,0.0,9.319761904761906,-9.319761904761906,9.319761904761906
135081_1767736800,135081,2026-01-06 22:00:00,4,-98.0,-62.41388888888889,-35.58611111111111,35.58611111111111
133957_1767736800,133957,2026-01-06 22:00:00,4,32.0,49.19563492063493,-17.19563492063493,17.19563492063493
133957_1767737100,133957,2026-01-06 22:05:00,4,-8.0,85.0396031746032,-93.0396031746032,93.0396031746032
135081_1767737100,135081,2026-01-06 22:05:00,4,37.0,8.048730158730157,28.95126984126984,28.95126984126984
134040_1767737100,134040,2026-01-06 22:05:00,4,0.0,6.646587301587302,-6.646587301587302,6.646587301587302
133957_1767737400,133957,2026-01-06 22:10:00,4,27.0,90.19984126984126,-63.19984126984126,63.19984126984126
135081_1767737400,135081,2026-01-06 22:10:00,4,13.0,-6.501507936507939,19.501507936507938,19.501507936507938
134040_1767737400,134040,2026-01-06 22:10:00,4,0.0,6.60373015873016,-6.60373015873016,6.60373015873016
133957_1767737700,133957,2026-01-06 22:15:00,4,-22.0,43.09277777777777,-65.09277777777777,65.09277777777777
135081_1767737700,135081,2026-01-06 22:15:00,4,172.0,118.1211904761904,53.87880952380959,53.87880952380959
134040_1767737700,134040,2026-01-06 22:15:00,4,0.0,4.053888888888889,-4.053888888888889,4.053888888888889
134040_1767738000,134040,2026-01-06 22:20:00,4,0.0,5.751349206349207,-5.751349206349207,5.751349206349207
132430_1767738000,132430,2026-01-06 22:20:00,4,90.0,88.41015873015874,1.5898412698412585,1.5898412698412585
135081_1767738000,135081,2026-01-06 22:20:00,4,87.0,88.41301587301585,-1.4130158730158513,1.4130158730158513
133957_1767738000,133957,2026-01-06 22:20:00,4,-77.0,-4.834047619047619,-72.16595238095238,72.16595238095238
135081_1767738300,135081,2026-01-06 22:25:00,4,73.0,92.79309523809526,-19.793095238095262,19.793095238095262
134040_1767738300,134040,2026-01-06 22:25:00,4,0.0,0.49563492063492054,-0.49563492063492054,0.49563492063492054
132430_1767738300,132430,2026-01-06 22:25:00,4,108.0,110.61468253968253,-2.6146825396825335,2.6146825396825335
134040_1767738600,134040,2026-01-06 22:30:00,4,0.0,7.326190476190476,-7.326190476190476,7.326190476190476
134040_1767738900,134040,2026-01-06 22:35:00,4,0.0,0.7032539682539684,-0.7032539682539684,0.7032539682539684
134040_1767739200,134040,2026-01-06 22:40:00,4,0.0,13.218809523809526,-13.218809523809526,13.218809523809526
134040_1767739500,134040,2026-01-06 22:45:00,4,0.0,7.119999999999999,-7.119999999999999,7.119999999999999
134040_1767739800,134040,2026-01-06 22:50:00,4,0.0,-2.842698412698412,2.842698412698412,2.842698412698412
134040_1767740100,134040,2026-01-06 22:55:00,4,0.0,6.561269841269843,-6.561269841269843,6.561269841269843
134040_1767740400,134040,2026-01-06 23:00:00,4,0.0,6.0842857142857145,-6.0842857142857145,6.0842857142857145
132430_1767740400,132430,2026-01-06 23:00:00,4,151.0,131.3007142857143,19.699285714285708,19.699285714285708
130072_1767740700,130072,2026-01-06 23:05:00,4,0.0,11.698015873015873,-11.698015873015873,11.698015873015873
132430_1767740700,132430,2026-01-06 23:05:00,4,124.0,136.08365079365072,-12.083650793650719,12.083650793650719
134040_1767740700,134040,2026-01-06 23:05:00,4,0.0,19.556904761904757,-19.556904761904757,19.556904761904757
132430_1767741000,132430,2026-01-06 23:10:00,4,60.0,126.71785714285706,-66.71785714285706,66.71785714285706
130072_1767741000,130072,2026-01-06 23:10:00,4,0.0,21.89841269841269,-21.89841269841269,21.89841269841269
130072_1767741300,130072,2026-01-06 23:15:00,4,0.0,19.870238095238093,-19.870238095238093,19.870238095238093
132430_1767741300,132430,2026-01-06 23:15:00,4,85.0,114.54761904761907,-29.547619047619065,29.547619047619065
132430_1767741600,132430,2026-01-06 23:20:00,4,189.0,142.2063492063492,46.79365079365081,46.79365079365081
130072_1767741600,130072,2026-01-06 23:20:00,4,0.0,22.88055555555556,-22.88055555555556,22.88055555555556
132430_1767741900,132430,2026-01-06 23:25:00,4,160.0,135.5792857142858,24.42071428571421,24.42071428571421
130072_1767741900,130072,2026-01-06 23:25:00,4,0.0,24.424761904761905,-24.424761904761905,24.424761904761905
132430_1767742200,132430,2026-01-06 23:30:00,4,74.0,128.76841269841267,-54.768412698412675,54.768412698412675
134494_1767742800,134494,2026-01-06 23:40:00,4,0.0,1.567460317460318,-1.567460317460318,1.567460317460318
134494_1767743100,134494,2026-01-06 23:45:00,4,0.0,3.3312698412698403,-3.3312698412698403,3.3312698412698403
132430_1767743400,132430,2026-01-06 23:50:00,4,91.0,97.32444444444447,-6.324444444444467,6.324444444444467
132430_1767743700,132430,2026-01-06 23:55:00,4,154.0,131.10325396825397,22.896746031746034,22.896746031746034
