sample_id,tr_id,T,fold,target,prediction,error,abs_error
122048_1767665400,122048,2026-01-06 02:10:00,0,-25.0,14.933968253968255,-39.93396825396825,39.93396825396825
122048_1767665700,122048,2026-01-06 02:15:00,0,0.0,13.716428571428567,-13.716428571428567,13.716428571428567
122048_1767666000,122048,2026-01-06 02:20:00,0,0.0,9.162460317460315,-9.162460317460315,9.162460317460315
122048_1767666300,122048,2026-01-06 02:25:00,0,0.0,-8.282698412698414,8.282698412698414,8.282698412698414
122048_1767666600,122048,2026-01-06 02:30:00,0,0.0,6.432301587301582,-6.432301587301582,6.432301587301582
129964_1767666600,129964,2026-01-06 02:30:00,0,44.0,31.793015873015857,12.206984126984143,12.206984126984143
122048_1767666900,122048,2026-01-06 02:35:00,0,0.0,1.9222222222222225,-1.9222222222222225,1.9222222222222225
129964_1767666900,129964,2026-01-06 02:35:00,0,16.0,11.423888888888888,4.576111111111112,4.576111111111112
122048_1767667200,122048,2026-01-06 02:40:00,0,0.0,18.83515873015874,-18.83515873015874,18.83515873015874
129964_1767667200,129964,2026-01-06 02:40:00,0,-27.0,-8.607698412698415,-18.392301587301585,18.392301587301585
122048_1767667500,122048,2026-01-06 02:45:00,0,0.0,15.90166666666667,-15.90166666666667,15.90166666666667
129964_1767667500,129964,2026-01-06 02:45:00,0,2.0,75.40365079365078,-73.40365079365078,73.40365079365078
122048_1767667800,122048,2026-01-06 02:50:00,0,0.0,4.074126984126982,-4.074126984126982,4.074126984126982
129964_1767667800,129964,2026-01-06 02:50:00,0,-70.0,-22.479444444444454,-47.520555555555546,47.520555555555546
129964_1767668100,129964,2026-01-06 02:55:00,0,-76.0,-5.7580952380952395,-70.24190476190476,70.24190476190476
122048_1767668100,122048,2026-01-06 02:55:00,0,0.0,6.9370634920634915,-6.9370634920634915,6.9370634920634915
122048_1767668400,122048,2026-01-06 03:00:00,0,0.0,15.515793650793645,-15.515793650793645,15.515793650793645
122048_1767668700,122048,2026-01-06 03:05:00,0,0.0,8.308809523809526,-8.308809523809526,8.308809523809526
122048_1767669000,122048,2026-01-06 03:10:00,0,0.0,2.7374603174603176,-2.7374603174603176,2.7374603174603176
122048_1767669300,122048,2026-01-06 03:15:00,0,0.0,-9.477619047619047,9.477619047619047,9.477619047619047
122048_1767669600,122048,2026-01-06 03:20:00,0,0.0,0.5709523809523809,-0.5709523809523809,0.5709523809523809
122048_1767669900,122048,2026-01-06 03:25:00,0,0.0,-23.763333333333332,23.763333333333332,23.763333333333332
129964_1767670200,129964,2026-01-06 03:30:00,0,74.0,70.89492063492067,3.105079365079334,3.105079365079334
122048_1767670200,122048,2026-01-06 03:30:00,0,0.0,5.986428571428572,-5.986428571428572,5.986428571428572
122048_1767670500,122048,2026-01-06 03:35:00,0,0.0,7.894999999999999,-7.894999999999999,7.894999999999999
129964_1767670500,129964,2026-01-06 03:35:00,0,61.0,27.09079365079365,33.90920634920635,33.90920634920635
129964_1767670800,129964,2026-01-06 03:40:00,0,-16.0,52.674444444444426,-68.67444444444442,68.67444444444442
122048_1767670800,122048,2026-01-06 03:40:00,0,0.0,14.468095238095238,-14.468095238095238,14.468095238095238
129964_1767671100,129964,2026-01-06 03:45:00,0,-55.0,7.016666666666668,-62.016666666666666,62.016666666666666
122048_1767671100,122048,2026-01-06 03:45:00,0,0.0,-3.0967460317460316,3.0967460317460316,3.0967460317460316
122048_1767671400,122048,2026-01-06 03:50:00,0,0.0,1.2419047619047598,-1.2419047619047598,1.2419047619047598
129964_1767671400,129964,2026-01-06 03:50:00,0,22.0,25.79682539682539,-3.7968253968253904,3.7968253968253904
122048_1767671700,122048,2026-01-06 03:55:00,0,0.0,-6.975158730158727,6.975158730158727,6.975158730158727
129964_1767671700,129964,2026-01-06 03:55:00,0,-50.0,-34.046349206349184,-15.953650793650816,15.953650793650816
129964_1767672000,129964,2026-01-06 04:00:00,0,-7.0,27.312460317460307,-34.31246031746031,34.31246031746031
122048_1767672300,122048,2026-01-06 04:05:00,0,66.0,43.38047619047621,22.61952380952379,22.61952380952379
129964_1767672300,129964,2026-01-06 04:05:00,0,-9.0,-28.059682539682534,19.059682539682534,19.059682539682534
122048_1767672600,122048,2026-01-06 04:10:00,0,66.0,39.66309523809523,26.33690476190477,26.33690476190477
122048_1767672900,122048,2026-01-06 04:15:00,0,170.0,74.21896825396821,95.78103174603179,95.78103174603179
129964_1767672900,129964,2026-01-06 04:15:00,0,-29.0,-37.71301587301588,8.713015873015877,8.713015873015877
129964_1767673200,129964,2026-01-06 04:20:00,0,-57.0,-6.39412698412699,-50.60587301587301,50.60587301587301
122048_1767673200,122048,2026-01-06 04:20:00,0,41.0,72.70055555555552,-31.700555555555525,31.700555555555525
129964_1767673500,129964,2026-01-06 04:25:00,0,19.0,31.500079365079355,-12.500079365079355,12.500079365079355
122048_1767673500,122048,2026-01-06 04:25:00,0,25.0,125.80293650793642,-100.80293650793642,100.80293650793642
129964_1767673800,129964,2026-01-06 04:30:00,0,-15.0,38.67388888888888,-53.67388888888888,53.67388888888888
129964_1767674100,129964,2026-01-06 04:35:00,0,72.0,90.4440476190476,-18.444047619047595,18.444047619047595
129964_1767674400,129964,2026-01-06 04:40:00,0,95.0,57.08531746031744,37.91468253968256,37.91468253968256
129964_1767674700,129964,2026-01-06 04:45:00,0,46.0,19.032380952380958,26.967619047619042,26.967619047619042
129964_1767675000,129964,2026-01-06 04:50:00,0,38.0,6.037698412698412,31.96230158730159,31.96230158730159
129964_1767675300,129964,2026-01-06 04:55:00,0,105.0,61.39246031746035,43.60753968253965,43.60753968253965
122048_1767675600,122048,2026-01-06 05:00:00,0,-68.0,-29.471825396825395,-38.528174603174605,38.528174603174605
129964_1767675600,129964,2026-01-06 05:00:00,0,46.0,57.411587301587296,-11.411587301587296,11.411587301587296
122048_1767675900,122048,2026-01-06 05:05:00,0,-86.0,26.99658730158731,-112.99658730158731,112.99658730158731
129964_1767675900,129964,2026-01-06 05:05:00,0,20.0,57.60357142857146,-37.60357142857146,37.60357142857146
129964_1767676200,129964,2026-01-06 05:10:00,0,91.0,104.65674603174605,-13.656746031746053,13.656746031746053
122048_1767676200,122048,2026-01-06 05:10:00,0,25.0,14.607222222222228,10.392777777777772,10.392777777777772
122048_1767676500,122048,2026-01-06 05:15:00,0,-41.0,19.30309523809524,-60.30309523809524,60.30309523809524
122048_1767676800,122048,2026-01-06 05:20:00,0,-163.0,-12.217222222222224,-150.78277777777777,150.78277777777777
122048_1767677100,122048,2026-01-06 05:25:00,0,-177.0,-26.219841269841268,-150.78015873015875,150.78015873015875
122048_1767677400,122048,2026-01-06 05:30:00,0,-65.0,-38.117619047619044,-26.882380952380956,26.882380952380956
122048_1767677700,122048,2026-01-06 05:35:00,0,12.0,4.893492063492065,7.106507936507935,7.106507936507935
122048_1767678000,122048,2026-01-06 05:40:00,0,47.0,17.158571428571413,29.841428571428587,29.841428571428587
122048_1767678300,122048,2026-01-06 05:45:00,0,124.0,-6.3950793650793605,130.39507936507937,130.39507936507937
122048_1767678600,122048,2026-01-06 05:50:00,0,172.0,22.65960317460318,149.34039682539682,149.34039682539682
122048_1767678900,122048,2026-01-06 05:55:00,0,140.0,133.13690476190476,6.863095238095241,6.863095238095241
129964_1767680400,129964,2026-01-06 06:20:00,0,-51.0,-25.900476190476187,-25.099523809523813,25.099523809523813
129964_1767680700,129964,2026-01-06 06:25:00,0,-106.0,-26.50031746031745,-79.49968253968255,79.49968253968255
129964_1767681000,129964,2026-01-06 06:30:00,0,7.0,7.891904761904761,-0.8919047619047609,0.8919047619047609
129964_1767681300,129964,2026-01-06 06:35:00,0,47.0,55.84055555555559,-8.84055555555559,8.84055555555559
129964_1767681600,129964,2026-01-06 06:40:00,0,39.0,22.220476190476194,16.779523809523806,16.779523809523806
129964_1767681900,129964,2026-01-06 06:45:00,0,148.0,86.84817460317457,61.15182539682543,61.15182539682543
129964_1767682200,129964,2026-01-06 06:50:00,0,188.0,106.99309523809525,81.00690476190475,81.00690476190475
129964_1767682500,129964,2026-01-06 06:55:00,0,84.0,93.90023809523814,-9.900238095238137,9.900238095238137
129964_1767682800,129964,2026-01-06 07:00:00,0,70.0,103.25468253968255,-33.25468253968255,33.25468253968255
129964_1767683100,129964,2026-01-06 07:05:00,0,154.0,138.33182539682537,15.668174603174634,15.668174603174634
129964_1767683400,129964,2026-01-06 07:10:00,0,81.0,108.39571428571435,-27.395714285714348,27.395714285714348
129964_1767683700,129964,2026-01-06 07:15:00,0,145.0,97.41928571428575,47.58071428571425,47.58071428571425
129964_1767684000,129964,2026-01-06 07:20:00,0,134.0,104.72063492063496,29.279365079365036,29.279365079365036
129964_1767684600,129964,2026-01-06 07:30:00,0,-29.0,57.648174603174645,-86.64817460317465,86.64817460317465
122048_1767684600,122048,2026-01-06 07:30:00,0,350.0,357.4553174603171,-7.455317460317076,7.455317460317076
122048_1767684900,122048,2026-01-06 07:35:00,0,304.0,315.96920634920633,-11.969206349206331,11.969206349206331
129964_1767684900,129964,2026-01-06 07:35:00,0,-70.0,-16.234523809523807,-53.76547619047619,53.76547619047619
122048_1767685200,122048,2026-01-06 07:40:00,0,183.0,237.7996825396827,-54.79968253968269,54.79968253968269
129964_1767685200,129964,2026-01-06 07:40:00,0,-34.0,32.93992063492064,-66.93992063492064,66.93992063492064
122048_1767685500,122048,2026-01-06 07:45:00,0,141.0,174.77087301587295,-33.77087301587295,33.77087301587295
129964_1767685500,129964,2026-01-06 07:45:00,0,-4.0,14.293333333333328,-18.29333333333333,18.29333333333333
129964_1767685800,129964,2026-01-06 07:50:00,0,17.0,10.286587301587298,6.713412698412702,6.713412698412702
122048_1767685800,122048,2026-01-06 07:50:00,0,45.0,109.45976190476185,-64.45976190476185,64.45976190476185
122048_1767686100,122048,2026-01-06 07:55:00,0,-35.0,68.60476190476193,-103.60476190476193,103.60476190476193
129964_1767686100,129964,2026-01-06 07:55:00,0,162.0,73.52785714285713,88.47214285714287,88.47214285714287
129964_1767686400,129964,2026-01-06 08:00:00,0,97.0,17.32857142857143,79.67142857142858,79.67142857142858
122048_1767686400,122048,2026-01-06 08:00:00,0,-43.0,71.19706349206346,-114.19706349206346,114.19706349206346
122048_1767686700,122048,2026-01-06 08:05:00,0,-49.0,0.1854761904761895,-49.18547619047619,49.18547619047619
129964_1767686700,129964,2026-01-06 08:05:00,0,64.0,88.6814285714286,-24.681428571428597,24.681428571428597
122048_1767687000,122048,2026-01-06 08:10:00,0,104.0,22.10539682539684,81.89460317460316,81.89460317460316
129964_1767687000,129964,2026-01-06 08:10:00,0,42.0,83.5450793650794,-41.5450793650794,41.5450793650794
122048_1767687300,122048,2026-01-06 08:15:00,0,99.0,24.83007936507938,74.16992063492062,74.16992063492062
129964_1767687300,129964,2026-01-06 08:15:00,0,108.0,74.93642857142859,33.06357142857141,33.06357142857141
122048_1767687600,122048,2026-01-06 08:20:00,0,49.0,91.70380952380947,-42.70380952380947,42.70380952380947
129964_1767687600,129964,2026-01-06 08:20:00,0,8.0,-21.601587301587298,29.601587301587298,29.601587301587298
129964_1767687900,129964,2026-01-06 08:25:00,0,95.0,72.20944444444447,22.790555555555528,22.790555555555528
122048_1767687900,122048,2026-01-06 08:25:00,0,80.0,137.1267460317459,-57.12674603174591,57.12674603174591
122048_1767688200,122048,2026-01-06 08:30:00,0,68.0,60.86238095238093,7.137619047619069,7.137619047619069
122048_1767688500,122048,2026-01-06 08:35:00,0,49.0,82.63619047619049,-33.63619047619049,33.63619047619049
122048_1767688800,122048,2026-01-06 08:40:00,0,76.0,94.24293650793649,-18.24293650793649,18.24293650793649
122048_1767689100,122048,2026-01-06 08:45:00,0,94.0,53.09444444444444,40.90555555555556,40.90555555555556
122048_1767689400,122048,2026-01-06 08:50:00,0,121.0,95.1259523809524,25.8740476190476,25.8740476190476
122048_1767689700,122048,2026-01-06 08:55:00,0,116.0,103.9642063492064,12.035793650793593,12.035793650793593
122048_1767690000,122048,2026-01-06 09:00:00,0,73.0,82.28174603174604,-9.281746031746039,9.281746031746039
129964_1767690000,129964,2026-01-06 09:00:00,0,65.0,57.20984126984129,7.7901587301587085,7.7901587301587085
122048_1767690300,122048,2026-01-06 09:05:00,0,-33.0,47.91960317460318,-80.91960317460318,80.91960317460318
129964_1767690300,129964,2026-01-06 09:05:00,0,66.0,56.807857142857145,9.192142857142855,9.192142857142855
129964_1767690600,129964,2026-01-06 09:10:00,0,79.0,98.86134920634925,-19.861349206349246,19.861349206349246
129964_1767690900,129964,2026-01-06 09:15:00,0,58.0,85.03388888888891,-27.03388888888891,27.03388888888891
129964_1767691200,129964,2026-01-06 09:20:00,0,64.0,35.05880952380952,28.941190476190478,28.941190476190478
129964_1767691500,129964,2026-01-06 09:25:00,0,94.0,99.56547619047619,-5.56547619047619,5.56547619047619
129964_1767691800,129964,2026-01-06 09:30:00,0,42.0,61.678888888888906,-19.678888888888906,19.678888888888906
122048_1767691800,122048,2026-01-06 09:30:00,0,233.0,104.92603174603181,128.0739682539682,128.0739682539682
129964_1767692100,129964,2026-01-06 09:35:00,0,16.0,66.98952380952383,-50.98952380952383,50.98952380952383
122048_1767692100,122048,2026-01-06 09:35:00,0,200.0,89.29642857142854,110.70357142857146,110.70357142857146
129964_1767692400,129964,2026-01-06 09:40:00,0,106.0,69.7446031746032,36.2553968253968,36.2553968253968
122048_1767692400,122048,2026-01-06 09:40:00,0,91.0,52.51365079365082,38.48634920634918,38.48634920634918
122048_1767692700,122048,2026-01-06 09:45:00,0,-63.0,-37.465158730158755,-25.534841269841245,25.534841269841245
122048_1767693000,122048,2026-01-06 09:50:00,0,-67.0,-9.44174603174603,-57.55825396825397,57.55825396825397
122048_1767693300,122048,2026-01-06 09:55:00,0,-115.0,-73.62317460317459,-41.37682539682541,41.37682539682541
122048_1767693600,122048,2026-01-06 10:00:00,0,-142.0,-83.26444444444438,-58.73555555555562,58.73555555555562
122048_1767693900,122048,2026-01-06 10:05:00,0,-110.0,-95.4203968253968,-14.579603174603207,14.579603174603207
122048_1767694200,122048,2026-01-06 10:10:00,0,-50.0,-115.66738095238098,65.66738095238098,65.66738095238098
122048_1767694500,122048,2026-01-06 10:15:00,0,-184.0,-122.63674603174606,-61.36325396825394,61.36325396825394
122048_1767694800,122048,2026-01-06 10:20:00,0,-250.0,-183.1671428571429,-66.83285714285711,66.83285714285711
122048_1767695100,122048,2026-01-06 10:25:00,0,-359.0,-227.72658730158724,-131.27341269841276,131.27341269841276
129964_1767695400,129964,2026-01-06 10:30:00,0,-51.0,-14.460555555555548,-36.539444444444456,36.539444444444456
129964_1767695700,129964,2026-01-06 10:35:00,0,-51.0,-9.558015873015876,-41.441984126984124,41.441984126984124
129964_1767696000,129964,2026-01-06 10:40:00,0,-11.0,33.40579365079366,-44.40579365079366,44.40579365079366
129964_1767696300,129964,2026-01-06 10:45:00,0,73.0,72.14150793650786,0.858492063492136,0.858492063492136
129964_1767696600,129964,2026-01-06 10:50:00,0,111.0,76.97436507936514,34.02563492063486,34.02563492063486
129964_1767696900,129964,2026-01-06 10:55:00,0,140.0,129.71293650793646,10.287063492063538,10.287063492063538
129964_1767697200,129964,2026-01-06 11:00:00,0,133.0,94.4030952380953,38.596904761904696,38.596904761904696
129964_1767697500,129964,2026-01-06 11:05:00,0,75.0,46.36690476190476,28.633095238095237,28.633095238095237
129964_1767697800,129964,2026-01-06 11:10:00,0,26.0,67.94968253968256,-41.949682539682556,41.949682539682556
129964_1767698100,129964,2026-01-06 11:15:00,0,10.0,66.627380952381,-56.627380952381,56.627380952381
129964_1767698400,129964,2026-01-06 11:20:00,0,14.0,20.617222222222217,-6.6172222222222175,6.6172222222222175
129964_1767698700,129964,2026-01-06 11:25:00,0,0.0,-66.27214285714285,66.27214285714285,66.27214285714285
129964_1767699000,129964,2026-01-06 11:30:00,0,80.0,-27.56198412698413,107.56198412698413,107.56198412698413
129964_1767699300,129964,2026-01-06 11:35:00,0,49.0,-70.83746031746027,119.83746031746027,119.83746031746027
129964_1767699900,129964,2026-01-06 11:45:00,0,-53.0,-10.719206349206349,-42.280793650793655,42.280793650793655
129964_1767700200,129964,2026-01-06 11:50:00,0,-73.0,-14.853968253968256,-58.146031746031746,58.146031746031746
129964_1767700500,129964,2026-01-06 11:55:00,0,90.0,103.05293650793652,-13.052936507936522,13.052936507936522
122048_1767700800,122048,2026-01-06 12:00:00,0,374.0,323.11547619047616,50.88452380952384,50.88452380952384
122048_1767701100,122048,2026-01-06 12:05:00,0,312.0,149.61674603174606,162.38325396825394,162.38325396825394
122048_1767701400,122048,2026-01-06 12:10:00,0,354.0,325.19833333333344,28.801666666666563,28.801666666666563
122048_1767701700,122048,2026-01-06 12:15:00,0,273.0,282.11412698412704,-9.11412698412704,9.11412698412704
122048_1767702000,122048,2026-01-06 12:20:00,0,252.0,248.68198412698405,3.318015873015952,3.318015873015952
122048_1767702300,122048,2026-01-06 12:25:00,0,158.0,221.77833333333334,-63.778333333333336,63.778333333333336
122048_1767702600,122048,2026-01-06 12:30:00,0,144.0,159.93365079365086,-15.933650793650855,15.933650793650855
122048_1767702900,122048,2026-01-06 12:35:00,0,138.0,190.20873015873008,-52.20873015873008,52.20873015873008
122048_1767703200,122048,2026-01-06 12:40:00,0,87.0,103.80142857142862,-16.801428571428616,16.801428571428616
122048_1767703500,122048,2026-01-06 12:45:00,0,84.0,86.76404761904762,-2.7640476190476164,2.7640476190476164
122048_1767703800,122048,2026-01-06 12:50:00,0,84.0,85.21928571428576,-1.2192857142857605,1.2192857142857605
122048_1767704100,122048,2026-01-06 12:55:00,0,0.0,52.11539682539687,-52.11539682539687,52.11539682539687
122048_1767704400,122048,2026-01-06 13:00:00,0,0.0,0.8142063492063495,-0.8142063492063495,0.8142063492063495
129964_1767704400,129964,2026-01-06 13:00:00,0,-106.0,-64.76174603174604,-41.23825396825396,41.23825396825396
122048_1767704700,122048,2026-01-06 13:05:00,0,0.0,25.49920634920635,-25.49920634920635,25.49920634920635
129964_1767704700,129964,2026-01-06 13:05:00,0,-150.0,-83.59230158730158,-66.40769841269842,66.40769841269842
122048_1767705000,122048,2026-01-06 13:10:00,0,0.0,-5.8663492063492075,5.8663492063492075,5.8663492063492075
129964_1767705000,129964,2026-01-06 13:10:00,0,-165.0,-7.491507936507938,-157.50849206349207,157.50849206349207
122048_1767705300,122048,2026-01-06 13:15:00,0,0.0,-3.4881746031746044,3.4881746031746044,3.4881746031746044
129964_1767705300,129964,2026-01-06 13:15:00,0,-95.0,-59.809523809523775,-35.190476190476225,35.190476190476225
129964_1767705600,129964,2026-01-06 13:20:00,0,11.0,-41.38492063492059,52.38492063492059,52.38492063492059
122048_1767705600,122048,2026-01-06 13:20:00,0,0.0,-3.5037301587301584,3.5037301587301584,3.5037301587301584
129964_1767705900,129964,2026-01-06 13:25:00,0,-32.0,-86.45238095238095,54.45238095238095,54.45238095238095
122048_1767705900,122048,2026-01-06 13:25:00,0,0.0,1.4299999999999997,-1.4299999999999997,1.4299999999999997
122048_1767706200,122048,2026-01-06 13:30:00,0,0.0,5.729761904761906,-5.729761904761906,5.729761904761906
129964_1767706200,129964,2026-01-06 13:30:00,0,-50.0,-61.44190476190476,11.441904761904759,11.441904761904759
122048_1767706500,122048,2026-01-06 13:35:00,0,0.0,5.049206349206349,-5.049206349206349,5.049206349206349
129964_1767706500,129964,2026-01-06 13:35:00,0,-51.0,-10.747539682539688,-40.25246031746031,40.25246031746031
129964_1767706800,129964,2026-01-06 13:40:00,0,-34.0,-32.899841269841254,-1.1001587301587463,1.1001587301587463
122048_1767706800,122048,2026-01-06 13:40:00,0,0.0,-3.9898412698412677,3.9898412698412677,3.9898412698412677
129964_1767707100,129964,2026-01-06 13:45:00,0,25.0,-44.92261904761907,69.92261904761907,69.92261904761907
122048_1767707100,122048,2026-01-06 13:45:00,0,0.0,2.849444444444445,-2.849444444444445,2.849444444444445
122048_1767707400,122048,2026-01-06 13:50:00,0,0.0,-5.162380952380949,5.162380952380949,5.162380952380949
129964_1767707400,129964,2026-01-06 13:50:00,0,-62.0,-47.27111111111112,-14.728888888888882,14.728888888888882
122048_1767707700,122048,2026-01-06 13:55:00,0,0.0,-13.37984126984127,13.37984126984127,13.37984126984127
129964_1767707700,129964,2026-01-06 13:55:00,0,5.0,-34.205555555555556,39.205555555555556,39.205555555555556
129964_1767708000,129964,2026-01-06 14:00:00,0,-6.0,-32.458888888888886,26.458888888888886,26.458888888888886
129964_1767708600,129964,2026-01-06 14:10:00,0,-114.0,-59.69833333333335,-54.30166666666665,54.30166666666665
129964_1767708900,129964,2026-01-06 14:15:00,0,-106.0,-88.37055555555554,-17.62944444444446,17.62944444444446
129964_1767709200,129964,2026-01-06 14:20:00,0,-77.0,-41.95507936507934,-35.04492063492066,35.04492063492066
129964_1767709500,129964,2026-01-06 14:25:00,0,-93.0,-65.34587301587302,-27.654126984126975,27.654126984126975
129964_1767709800,129964,2026-01-06 14:30:00,0,-69.0,-12.110238095238095,-56.889761904761905,56.889761904761905
129964_1767710100,129964,2026-01-06 14:35:00,0,-42.0,-33.04150793650792,-8.95849206349208,8.95849206349208
129964_1767710400,129964,2026-01-06 14:40:00,0,-145.0,-93.91706349206355,-51.08293650793645,51.08293650793645
129964_1767710700,129964,2026-01-06 14:45:00,0,-127.0,-100.07523809523813,-26.924761904761866,26.924761904761866
129964_1767711000,129964,2026-01-06 14:50:00,0,-207.0,-112.6838888888888,-94.3161111111112,94.3161111111112
129964_1767711300,129964,2026-01-06 14:55:00,0,-66.0,-14.497619047619056,-51.502380952380946,51.502380952380946
122048_1767713400,122048,2026-01-06 15:30:00,0,0.0,23.61809523809522,-23.61809523809522,23.61809523809522
129964_1767713400,129964,2026-01-06 15:30:00,0,-129.0,11.19777777777778,-140.1977777777778,140.1977777777778
129964_1767713700,129964,2026-01-06 15:35:00,0,-33.0,-3.9030952380952386,-29.09690476190476,29.09690476190476
122048_1767713700,122048,2026-01-06 15:35:00,0,0.0,18.1384126984127,-18.1384126984127,18.1384126984127
122048_1767714000,122048,2026-01-06 15:40:00,0,0.0,43.794999999999995,-43.794999999999995,43.794999999999995
129964_1767714000,129964,2026-01-06 15:40:00,0,25.0,5.394365079365075,19.605634920634927,19.605634920634927
129964_1767714300,129964,2026-01-06 15:45:00,0,8.0,18.859126984126984,-10.859126984126984,10.859126984126984
122048_1767714300,122048,2026-01-06 15:45:00,0,0.0,-0.005158730158729365,0.005158730158729365,0.005158730158729365
122048_1767714600,122048,2026-01-06 15:50:00,0,0.0,25.46547619047619,-25.46547619047619,25.46547619047619
129964_1767714600,129964,2026-01-06 15:50:00,0,-49.0,-13.99126984126984,-35.00873015873016,35.00873015873016
129964_1767714900,129964,2026-01-06 15:55:00,0,-82.0,-35.63420634920635,-46.36579365079365,46.36579365079365
122048_1767714900,122048,2026-01-06 15:55:00,0,0.0,15.44111111111112,-15.44111111111112,15.44111111111112
122048_1767715200,122048,2026-01-06 16:00:00,0,0.0,-5.818015873015872,5.818015873015872,5.818015873015872
129964_1767715200,129964,2026-01-06 16:00:00,0,-134.0,-55.2320634920635,-78.7679365079365,78.7679365079365
122048_1767715500,122048,2026-01-06 16:05:00,0,0.0,2.2354761904761906,-2.2354761904761906,2.2354761904761906
129964_1767715500,129964,2026-01-06 16:05:00,0,-115.0,-86.09714285714286,-28.902857142857144,28.902857142857144
122048_1767715800,122048,2026-01-06 16:10:00,0,0.0,7.552460317460317,-7.552460317460317,7.552460317460317
129964_1767715800,129964,2026-01-06 16:10:00,0,-2.0,-59.24936507936505,57.24936507936505,57.24936507936505
129964_1767716100,129964,2026-01-06 16:15:00,0,-46.0,-76.4126984126984,30.412698412698404,30.412698412698404
122048_1767716100,122048,2026-01-06 16:15:00,0,0.0,-12.707142857142859,12.707142857142859,12.707142857142859
122048_1767716400,122048,2026-01-06 16:20:00,0,0.0,5.946666666666669,-5.946666666666669,5.946666666666669
129964_1767716400,129964,2026-01-06 16:20:00,0,-13.0,-45.517063492063514,32.517063492063514,32.517063492063514
122048_1767716700,122048,2026-01-06 16:25:00,0,0.0,-1.321269841269841,1.321269841269841,1.321269841269841
129964_1767716700,129964,2026-01-06 16:25:00,0,303.0,-16.128015873015876,319.1280158730159,319.1280158730159
129964_1767717300,129964,2026-01-06 16:35:00,0,-111.0,-62.131507936507916,-48.868492063492084,48.868492063492084
129964_1767717600,129964,2026-01-06 16:40:00,0,-126.0,-39.30523809523811,-86.69476190476189,86.69476190476189
129964_1767717900,129964,2026-01-06 16:45:00,0,38.0,-24.78809523809525,62.78809523809525,62.78809523809525
129964_1767718200,129964,2026-01-06 16:50:00,0,57.0,13.781904761904762,43.21809523809524,43.21809523809524
129964_1767718500,129964,2026-01-06 16:55:00,0,71.0,58.04412698412698,12.955873015873017,12.955873015873017
129964_1767718800,129964,2026-01-06 17:00:00,0,39.0,95.84246031746031,-56.84246031746031,56.84246031746031
129964_1767719100,129964,2026-01-06 17:05:00,0,-44.0,-10.091031746031748,-33.908968253968254,33.908968253968254
129964_1767719400,129964,2026-01-06 17:10:00,0,-130.0,-52.79865079365078,-77.20134920634922,77.20134920634922
129964_1767719700,129964,2026-01-06 17:15:00,0,-135.0,-29.423174603174623,-105.57682539682537,105.57682539682537
122048_1767720000,122048,2026-01-06 17:20:00,0,-336.0,-261.28,-74.72000000000003,74.72000000000003
129964_1767720000,129964,2026-01-06 17:20:00,0,-14.0,-48.235,34.235,34.235
129964_1767720300,129964,2026-01-06 17:25:00,0,-105.0,-82.8853174603175,-22.114682539682505,22.114682539682505
122048_1767720300,122048,2026-01-06 17:25:00,0,-130.0,-76.3853968253968,-53.614603174603204,53.614603174603204
122048_1767720600,122048,2026-01-06 17:30:00,0,-32.0,-36.614920634920644,4.614920634920644,4.614920634920644
129964_1767720600,129964,2026-01-06 17:30:00,0,-10.0,-67.1236507936508,57.123650793650796,57.123650793650796
122048_1767720900,122048,2026-01-06 17:35:00,0,-32.0,-28.514047619047616,-3.4859523809523836,3.4859523809523836
129964_1767720900,129964,2026-01-06 17:35:00,0,49.0,-64.49976190476188,113.49976190476188,113.49976190476188
122048_1767721200,122048,2026-01-06 17:40:00,0,-108.0,-21.90595238095238,-86.09404761904761,86.09404761904761
122048_1767721500,122048,2026-01-06 17:45:00,0,-141.0,-64.8276984126984,-76.1723015873016,76.1723015873016
122048_1767721800,122048,2026-01-06 17:50:00,0,-174.0,-111.07182539682549,-62.92817460317451,62.92817460317451
122048_1767722100,122048,2026-01-06 17:55:00,0,-157.0,-93.64984126984129,-63.35015873015871,63.35015873015871
122048_1767722400,122048,2026-01-06 18:00:00,0,-146.0,-111.56761904761906,-34.43238095238094,34.43238095238094
122048_1767722700,122048,2026-01-06 18:05:00,0,-104.0,-86.90206349206349,-17.09793650793651,17.09793650793651
122048_1767723000,122048,2026-01-06 18:10:00,0,-70.0,-39.05539682539683,-30.944603174603166,30.944603174603166
122048_1767723300,122048,2026-01-06 18:15:00,0,48.0,14.335079365079366,33.664920634920634,33.664920634920634
122048_1767723600,122048,2026-01-06 18:20:00,0,66.0,69.7165873015873,-3.716587301587296,3.716587301587296
122048_1767723900,122048,2026-01-06 18:25:00,0,50.0,91.62587301587301,-41.62587301587301,41.62587301587301
122048_1767724200,122048,2026-01-06 18:30:00,0,35.0,78.07880952380955,-43.078809523809554,43.078809523809554
122048_1767724500,122048,2026-01-06 18:35:00,0,133.0,97.06277777777778,35.93722222222222,35.93722222222222
122048_1767724800,122048,2026-01-06 18:40:00,0,250.0,114.0168253968254,135.9831746031746,135.9831746031746
122048_1767725100,122048,2026-01-06 18:45:00,0,274.0,281.9199206349209,-7.9199206349209135,7.9199206349209135
122048_1767725400,122048,2026-01-06 18:50:00,0,356.0,356.79103174603165,-0.7910317460316492,0.7910317460316492
122048_1767725700,122048,2026-01-06 18:55:00,0,417.0,291.3409523809522,125.65904761904778,125.65904761904778
122048_1767726000,122048,2026-01-06 19:00:00,0,481.0,435.16357142857146,45.83642857142854,45.83642857142854
122048_1767726300,122048,2026-01-06 19:05:00,0,523.0,499.23999999999796,23.760000000002037,23.760000000002037
122048_1767727200,122048,2026-01-06 19:20:00,0,-54.0,-1.6699206349206355,-52.330079365079364,52.330079365079364
122048_1767728700,122048,2026-01-06 19:45:00,0,-348.0,-261.28,-86.72000000000003,86.72000000000003
122048_1767729000,122048,2026-01-06 19:50:00,0,-142.0,-87.03095238095239,-54.969047619047615,54.969047619047615
122048_1767729300,122048,2026-01-06 19:55:00,0,36.0,-25.092936507936514,61.092936507936514,61.092936507936514
122048_1767729600,122048,2026-01-06 20:00:00,0,41.0,9.639444444444448,31.36055555555555,31.36055555555555
122048_1767729900,122048,2026-01-06 20:05:00,0,93.0,85.42134920634923,7.578650793650766,7.578650793650766
122048_1767730200,122048,2026-01-06 20:10:00,0,99.0,94.76388888888889,4.236111111111114,4.236111111111114
130072_1767730200,130072,2026-01-06 20:10:00,0,60.0,60.32865079365077,-0.3286507936507732,0.3286507936507732
122048_1767730500,122048,2026-01-06 20:15:00,0,-3.0,96.11388888888895,-99.11388888888895,99.11388888888895
130072_1767730500,130072,2026-01-06 20:15:00,0,60.0,56.08674603174602,3.913253968253983,3.913253968253983
130072_1767730800,130072,2026-01-06 20:20:00,0,106.0,60.07928571428574,45.92071428571426,45.92071428571426
122048_1767730800,122048,2026-01-06 20:20:00,0,25.0,67.36968253968256,-42.36968253968256,42.36968253968256
130072_1767731100,130072,2026-01-06 20:25:00,0,22.0,50.25952380952379,-28.25952380952379,28.25952380952379
122048_1767731100,122048,2026-01-06 20:25:00,0,4.0,43.23103174603175,-39.23103174603175,39.23103174603175
130072_1767731400,130072,2026-01-06 20:30:00,0,49.0,109.9251587301587,-60.9251587301587,60.9251587301587
130072_1767731700,130072,2026-01-06 20:35:00,0,78.0,64.57539682539681,13.424603174603192,13.424603174603192
130072_1767732000,130072,2026-01-06 20:40:00,0,158.0,150.1494444444444,7.850555555555587,7.850555555555587
130072_1767732300,130072,2026-01-06 20:45:00,0,161.0,131.29793650793647,29.70206349206353,29.70206349206353
130072_1767732600,130072,2026-01-06 20:50:00,0,226.0,196.0200793650795,29.97992063492049,29.97992063492049
130072_1767732900,130072,2026-01-06 20:55:00,0,187.0,194.83666666666676,-7.836666666666758,7.836666666666758
130072_1767733200,130072,2026-01-06 21:00:00,0,125.0,150.81373015873024,-25.813730158730237,25.813730158730237
122048_1767733200,122048,2026-01-06 21:00:00,0,0.0,-4.441666666666667,4.441666666666667,4.441666666666667
130072_1767733500,130072,2026-01-06 21:05:00,0,125.0,129.4299206349206,-4.429920634920592,4.429920634920592
122048_1767733500,122048,2026-01-06 21:05:00,0,0.0,18.358492063492065,-18.358492063492065,18.358492063492065
130072_1767733800,130072,2026-01-06 21:10:00,0,168.0,135.89992063492062,32.10007936507938,32.10007936507938
122048_1767733800,122048,2026-01-06 21:10:00,0,0.0,15.22690476190476,-15.22690476190476,15.22690476190476
130072_1767734100,130072,2026-01-06 21:15:00,0,195.0,152.696746031746,42.30325396825401,42.30325396825401
122048_1767734100,122048,2026-01-06 21:15:00,0,0.0,-17.284444444444443,17.284444444444443,17.284444444444443
122048_1767734400,122048,2026-01-06 21:20:00,0,0.0,-0.945952380952381,0.945952380952381,0.945952380952381
130072_1767734400,130072,2026-01-06 21:20:00,0,163.0,144.30563492063493,18.69436507936507,18.69436507936507
130072_1767734700,130072,2026-01-06 21:25:00,0,0.0,62.856984126984116,-62.856984126984116,62.856984126984116
122048_1767734700,122048,2026-01-06 21:25:00,0,0.0,4.420793650793652,-4.420793650793652,4.420793650793652
130072_1767735000,130072,2026-01-06 21:30:00,0,0.0,50.238015873015904,-50.238015873015904,50.238015873015904
130072_1767735300,130072,2026-01-06 21:35:00,0,0.0,75.526507936508,-75.526507936508,75.526507936508
130072_1767735600,130072,2026-01-06 21:40:00,0,0.0,10.893650793650792,-10.893650793650792,10.893650793650792
130072_1767735900,130072,2026-01-06 21:45:00,0,0.0,1.7033333333333336,-1.7033333333333336,1.7033333333333336
130072_1767736200,130072,2026-01-06 21:50:00,0,0.0,4.4134126984126985,-4.4134126984126985,4.4134126984126985
130072_1767736500,130072,2026-01-06 21:55:00,0,0.0,8.848095238095235,-8.848095238095235,8.848095238095235
130072_1767740700,130072,2026-01-06 23:05:00,0,0.0,9.247539682539681,-9.247539682539681,9.247539682539681
130072_1767741000,130072,2026-01-06 23:10:00,0,0.0,16.14722222222223,-16.14722222222223,16.14722222222223
130072_1767741300,130072,2026-01-06 23:15:00,0,0.0,18.404126984126975,-18.404126984126975,18.404126984126975
130072_1767741600,130072,2026-01-06 23:20:00,0,0.0,20.762063492063483,-20.762063492063483,20.762063492063483
130072_1767741900,130072,2026-01-06 23:25:00,0,0.0,24.26579365079366,-24.26579365079366,24.26579365079366
134040_1767667800,134040,2026-01-06 02:50:00,1,20.0,35.42650793650797,-15.426507936507967,15.426507936507967
134040_1767668100,134040,2026-01-06 02:55:00,1,93.0,67.67492063492071,25.32507936507929,25.32507936507929
134040_1767670200,134040,2026-01-06 03:30:00,1,110.0,108.37444444444446,1.625555555555536,1.625555555555536
134040_1767670500,134040,2026-01-06 03:35:00,1,129.0,112.68428571428574,16.315714285714265,16.315714285714265
134040_1767670800,134040,2026-01-06 03:40:00,1,132.0,137.98134920634925,-5.98134920634925,5.98134920634925
134040_1767671100,134040,2026-01-06 03:45:00,1,60.0,137.86047619047613,-77.86047619047613,77.86047619047613
134040_1767671400,134040,2026-01-06 03:50:00,1,43.0,116.615,-73.615,73.615
134040_1767671700,134040,2026-01-06 03:55:00,1,-29.0,72.39476190476189,-101.39476190476189,101.39476190476189
131672_1767673800,131672,2026-01-06 04:30:00,1,-73.0,7.635952380952384,-80.63595238095239,80.63595238095239
131672_1767674100,131672,2026-01-06 04:35:00,1,121.0,2.515793650793651,118.48420634920635,118.48420634920635
131672_1767674400,131672,2026-01-06 04:40:00,1,145.0,46.107936507936515,98.89206349206349,98.89206349206349
131672_1767674700,131672,2026-01-06 04:45:00,1,125.0,62.24492063492064,62.75507936507936,62.75507936507936
131672_1767675000,131672,2026-01-06 04:50:00,1,166.0,110.87730158730156,55.12269841269844,55.12269841269844
133300_1767675000,133300,2026-01-06 04:50:00,1,99.0,33.66809523809524,65.33190476190475,65.33190476190475
133300_1767675300,133300,2026-01-06 04:55:00,1,99.0,84.5673015873016,14.4326984126984,14.4326984126984
131672_1767675300,131672,2026-01-06 04:55:00,1,88.0,91.64023809523809,-3.6402380952380895,3.6402380952380895
133300_1767675600,133300,2026-01-06 05:00:00,1,180.0,142.34825396825408,37.651746031745915,37.651746031745915
133300_1767675900,133300,2026-01-06 05:05:00,1,135.0,131.20753968253968,3.792460317460325,3.792460317460325
133300_1767676200,133300,2026-01-06 05:10:00,1,170.0,184.90865079365068,-14.90865079365068,14.90865079365068
133300_1767676500,133300,2026-01-06 05:15:00,1,169.0,144.60063492063495,24.399365079365054,24.399365079365054
133300_1767676800,133300,2026-01-06 05:20:00,1,289.0,174.18214285714282,114.81785714285718,114.81785714285718
133300_1767677400,133300,2026-01-06 05:30:00,1,87.0,89.25484126984125,-2.2548412698412506,2.2548412698412506
134040_1767677400,134040,2026-01-06 05:30:00,1,71.0,93.61603174603174,-22.616031746031737,22.616031746031737
134040_1767677700,134040,2026-01-06 05:35:00,1,174.0,144.2430158730158,29.756984126984207,29.756984126984207
133300_1767677700,133300,2026-01-06 05:35:00,1,87.0,80.49126984126985,6.508730158730145,6.508730158730145
133300_1767678000,133300,2026-01-06 05:40:00,1,108.0,136.928253968254,-28.928253968254012,28.928253968254012
134040_1767678000,134040,2026-01-06 05:40:00,1,-25.0,48.42055555555554,-73.42055555555554,73.42055555555554
133300_1767678300,133300,2026-01-06 05:45:00,1,59.0,62.252936507936525,-3.252936507936525,3.252936507936525
133300_1767678600,133300,2026-01-06 05:50:00,1,40.0,118.1020634920635,-78.1020634920635,78.1020634920635
133300_1767678900,133300,2026-01-06 05:55:00,1,-2.0,90.59873015873016,-92.59873015873016,92.59873015873016
134040_1767679800,134040,2026-01-06 06:10:00,1,23.0,15.687777777777777,7.312222222222223,7.312222222222223
134040_1767680100,134040,2026-01-06 06:15:00,1,26.0,39.82325396825397,-13.823253968253972,13.823253968253972
134040_1767680400,134040,2026-01-06 06:20:00,1,-52.0,-19.954047619047625,-32.04595238095237,32.04595238095237
134040_1767680700,134040,2026-01-06 06:25:00,1,-87.0,64.62738095238099,-151.62738095238097,151.62738095238097
133300_1767681000,133300,2026-01-06 06:30:00,1,12.0,55.208174603174584,-43.208174603174584,43.208174603174584
134040_1767681000,134040,2026-01-06 06:30:00,1,-111.0,-34.91238095238095,-76.08761904761906,76.08761904761906
134040_1767681300,134040,2026-01-06 06:35:00,1,-75.0,12.480476190476196,-87.4804761904762,87.4804761904762
133300_1767681300,133300,2026-01-06 06:35:00,1,-61.0,86.91531746031744,-147.91531746031745,147.91531746031745
133300_1767681600,133300,2026-01-06 06:40:00,1,159.0,116.61198412698414,42.38801587301586,42.38801587301586
134040_1767681600,134040,2026-01-06 06:40:00,1,1.0,7.519999999999996,-6.519999999999996,6.519999999999996
131672_1767681900,131672,2026-01-06 06:45:00,1,37.0,27.339841269841244,9.660158730158756,9.660158730158756
133300_1767681900,133300,2026-01-06 06:45:00,1,79.0,51.515873015872984,27.484126984127016,27.484126984127016
134040_1767681900,134040,2026-01-06 06:45:00,1,-38.0,-13.154206349206357,-24.845793650793645,24.845793650793645
133300_1767682200,133300,2026-01-06 06:50:00,1,79.0,51.058968253968274,27.941031746031726,27.941031746031726
131672_1767682200,131672,2026-01-06 06:50:00,1,13.0,27.47476190476189,-14.474761904761891,14.474761904761891
134040_1767682200,134040,2026-01-06 06:50:00,1,-71.0,-24.84015873015874,-46.15984126984126,46.15984126984126
133300_1767682500,133300,2026-01-06 06:55:00,1,173.0,114.86801587301586,58.131984126984136,58.131984126984136
131672_1767682500,131672,2026-01-06 06:55:00,1,16.0,51.474126984127,-35.474126984127,35.474126984127
134040_1767682500,134040,2026-01-06 06:55:00,1,46.0,-2.964920634920635,48.96492063492064,48.96492063492064
133300_1767682800,133300,2026-01-06 07:00:00,1,135.0,99.31428571428573,35.68571428571427,35.68571428571427
131672_1767682800,131672,2026-01-06 07:00:00,1,-48.0,61.186428571428586,-109.18642857142859,109.18642857142859
133300_1767683100,133300,2026-01-06 07:05:00,1,169.0,188.69515873015874,-19.695158730158738,19.695158730158738
131672_1767683100,131672,2026-01-06 07:05:00,1,-52.0,-30.55865079365077,-21.44134920634923,21.44134920634923
131672_1767683400,131672,2026-01-06 07:10:00,1,-178.0,-137.86841269841267,-40.13158730158733,40.13158730158733
133300_1767683400,133300,2026-01-06 07:10:00,1,166.0,139.67285714285723,26.327142857142775,26.327142857142775
133300_1767683700,133300,2026-01-06 07:15:00,1,240.0,182.64722222222213,57.352777777777874,57.352777777777874
131672_1767683700,131672,2026-01-06 07:15:00,1,-200.0,-98.2115873015873,-101.7884126984127,101.7884126984127
131672_1767684000,131672,2026-01-06 07:20:00,1,-74.0,-67.38682539682542,-6.613174603174585,6.613174603174585
133300_1767684000,133300,2026-01-06 07:20:00,1,116.0,102.79039682539685,13.209603174603146,13.209603174603146
133300_1767684300,133300,2026-01-06 07:25:00,1,116.0,90.28531746031746,25.714682539682542,25.714682539682542
131672_1767684300,131672,2026-01-06 07:25:00,1,24.0,-14.702222222222217,38.70222222222222,38.70222222222222
131672_1767684600,131672,2026-01-06 07:30:00,1,-63.0,-23.920000000000005,-39.08,39.08
133300_1767684600,133300,2026-01-06 07:30:00,1,214.0,174.7988888888889,39.20111111111109,39.20111111111109
131672_1767684900,131672,2026-01-06 07:35:00,1,-96.0,-16.015952380952378,-79.98404761904763,79.98404761904763
133300_1767684900,133300,2026-01-06 07:35:00,1,244.0,121.17277777777778,122.82722222222222,122.82722222222222
133300_1767685200,133300,2026-01-06 07:40:00,1,255.0,207.02325396825393,47.976746031746075,47.976746031746075
131672_1767685200,131672,2026-01-06 07:40:00,1,-126.0,-31.34611111111112,-94.65388888888887,94.65388888888887
133300_1767685500,133300,2026-01-06 07:45:00,1,286.0,295.49976190476184,-9.49976190476184,9.49976190476184
133300_1767685800,133300,2026-01-06 07:50:00,1,404.0,314.50730158730147,89.49269841269853,89.49269841269853
133300_1767686400,133300,2026-01-06 08:00:00,1,-26.0,17.49706349206349,-43.49706349206349,43.49706349206349
131672_1767688200,131672,2026-01-06 08:30:00,1,16.0,1.5184920634920636,14.481507936507937,14.481507936507937
134040_1767688200,134040,2026-01-06 08:30:00,1,154.0,55.65103174603178,98.34896825396822,98.34896825396822
134040_1767688500,134040,2026-01-06 08:35:00,1,141.0,167.40769841269835,-26.407698412698352,26.407698412698352
131672_1767688500,131672,2026-01-06 08:35:00,1,20.0,19.623809523809516,0.37619047619048374,0.37619047619048374
134040_1767688800,134040,2026-01-06 08:40:00,1,128.0,103.59579365079368,24.40420634920632,24.40420634920632
131672_1767688800,131672,2026-01-06 08:40:00,1,-17.0,-1.9910317460317462,-15.008968253968254,15.008968253968254
131672_1767689100,131672,2026-01-06 08:45:00,1,17.0,21.77476190476191,-4.77476190476191,4.77476190476191
134040_1767689100,134040,2026-01-06 08:45:00,1,26.0,75.30587301587306,-49.30587301587306,49.30587301587306
131672_1767689400,131672,2026-01-06 08:50:00,1,-72.0,-40.34333333333333,-31.656666666666673,31.656666666666673
133300_1767689400,133300,2026-01-06 08:50:00,1,9.0,34.71547619047618,-25.71547619047618,25.71547619047618
134040_1767689400,134040,2026-01-06 08:50:00,1,94.0,88.3777777777778,5.622222222222206,5.622222222222206
134040_1767689700,134040,2026-01-06 08:55:00,1,46.0,112.0976984126984,-66.0976984126984,66.0976984126984
133300_1767689700,133300,2026-01-06 08:55:00,1,9.0,27.92214285714287,-18.92214285714287,18.92214285714287
131672_1767689700,131672,2026-01-06 08:55:00,1,-222.0,0.136746031746032,-222.13674603174604,222.13674603174604
134040_1767690000,134040,2026-01-06 09:00:00,1,159.0,64.39523809523811,94.60476190476189,94.60476190476189
131672_1767690000,131672,2026-01-06 09:00:00,1,-208.0,-59.671428571428564,-148.32857142857142,148.32857142857142
133300_1767690000,133300,2026-01-06 09:00:00,1,68.0,31.93666666666667,36.06333333333333,36.06333333333333
133300_1767690300,133300,2026-01-06 09:05:00,1,69.0,34.899761904761895,34.100238095238105,34.100238095238105
134040_1767690300,134040,2026-01-06 09:05:00,1,-28.0,81.2186507936508,-109.2186507936508,109.2186507936508
131672_1767690300,131672,2026-01-06 09:05:00,1,-157.0,-139.9003174603174,-17.09968253968259,17.09968253968259
133300_1767690600,133300,2026-01-06 09:10:00,1,59.0,69.005,-10.004999999999995,10.004999999999995
131672_1767690600,131672,2026-01-06 09:10:00,1,-39.0,-37.02944444444443,-1.9705555555555705,1.9705555555555705
133300_1767690900,133300,2026-01-06 09:15:00,1,62.0,76.10547619047624,-14.105476190476239,14.105476190476239
131672_1767690900,131672,2026-01-06 09:15:00,1,-68.0,-36.51920634920634,-31.480793650793657,31.480793650793657
131672_1767691200,131672,2026-01-06 09:20:00,1,-65.0,-73.24595238095242,8.245952380952417,8.245952380952417
133300_1767691200,133300,2026-01-06 09:20:00,1,135.0,128.0815079365079,6.918492063492096,6.918492063492096
131672_1767691500,131672,2026-01-06 09:25:00,1,-10.0,-38.67103174603176,28.67103174603176,28.67103174603176
133300_1767693600,133300,2026-01-06 10:00:00,1,168.0,119.73539682539683,48.26460317460317,48.26460317460317
133300_1767694200,133300,2026-01-06 10:10:00,1,-63.0,15.791984126984124,-78.79198412698412,78.79198412698412
133300_1767694500,133300,2026-01-06 10:15:00,1,-63.0,-26.18746031746031,-36.81253968253969,36.81253968253969
133300_1767694800,133300,2026-01-06 10:20:00,1,54.0,55.71547619047618,-1.7154761904761813,1.7154761904761813
133300_1767695100,133300,2026-01-06 10:25:00,1,90.0,37.25126984126984,52.74873015873016,52.74873015873016
133300_1767697200,133300,2026-01-06 11:00:00,1,49.0,60.04769841269842,-11.047698412698423,11.047698412698423
133300_1767697500,133300,2026-01-06 11:05:00,1,77.0,36.947936507936504,40.052063492063496,40.052063492063496
133300_1767697800,133300,2026-01-06 11:10:00,1,65.0,23.19492063492064,41.805079365079365,41.805079365079365
133300_1767698100,133300,2026-01-06 11:15:00,1,151.0,98.53206349206354,52.46793650793646,52.46793650793646
131672_1767698100,131672,2026-01-06 11:15:00,1,27.0,26.57436507936508,0.4256349206349199,0.4256349206349199
131672_1767698400,131672,2026-01-06 11:20:00,1,60.0,62.806428571428576,-2.806428571428576,2.806428571428576
133300_1767698400,133300,2026-01-06 11:20:00,1,225.0,142.16460317460314,82.83539682539686,82.83539682539686
131672_1767698700,131672,2026-01-06 11:25:00,1,82.0,84.3143650793651,-2.3143650793651034,2.3143650793651034
131672_1767699000,131672,2026-01-06 11:30:00,1,4.0,67.6504761904762,-63.6504761904762,63.6504761904762
131672_1767699300,131672,2026-01-06 11:35:00,1,40.0,71.98674603174608,-31.98674603174608,31.98674603174608
131672_1767699600,131672,2026-01-06 11:40:00,1,-28.0,3.1821428571428574,-31.182142857142857,31.182142857142857
131672_1767699900,131672,2026-01-06 11:45:00,1,-29.0,-67.08452380952383,38.08452380952383,38.08452380952383
131672_1767700200,131672,2026-01-06 11:50:00,1,-23.0,-42.104206349206336,19.104206349206336,19.104206349206336
131672_1767700500,131672,2026-01-06 11:55:00,1,-47.0,-34.91309523809523,-12.08690476190477,12.08690476190477
131672_1767700800,131672,2026-01-06 12:00:00,1,-105.0,-75.46976190476188,-29.53023809523812,29.53023809523812
133300_1767700800,133300,2026-01-06 12:00:00,1,260.0,124.07833333333338,135.92166666666662,135.92166666666662
131672_1767701100,131672,2026-01-06 12:05:00,1,-83.0,-116.03857142857146,33.03857142857146,33.03857142857146
133300_1767701400,133300,2026-01-06 12:10:00,1,-7.0,-4.965476190476188,-2.0345238095238116,2.0345238095238116
131672_1767701400,131672,2026-01-06 12:10:00,1,-207.0,-137.46325396825395,-69.53674603174605,69.53674603174605
133300_1767701700,133300,2026-01-06 12:15:00,1,-7.0,-5.480634920634921,-1.5193650793650786,1.5193650793650786
133300_1767702000,133300,2026-01-06 12:20:00,1,132.0,91.8733333333333,40.126666666666694,40.126666666666694
133300_1767702300,133300,2026-01-06 12:25:00,1,114.0,72.44833333333332,41.55166666666668,41.55166666666668
133300_1767702600,133300,2026-01-06 12:30:00,1,47.0,73.89246031746032,-26.89246031746032,26.89246031746032
133300_1767702900,133300,2026-01-06 12:35:00,1,95.0,80.30571428571432,14.694285714285684,14.694285714285684
134040_1767703200,134040,2026-01-06 12:40:00,1,-35.0,-50.86880952380956,15.86880952380956,15.86880952380956
131672_1767703200,131672,2026-01-06 12:40:00,1,17.0,14.96896825396826,2.03103174603174,2.03103174603174
133300_1767703200,133300,2026-01-06 12:40:00,1,322.0,144.65769841269847,177.34230158730153,177.34230158730153
134040_1767703500,134040,2026-01-06 12:45:00,1,-35.0,0.9936507936507929,-35.993650793650794,35.993650793650794
131672_1767703500,131672,2026-01-06 12:45:00,1,76.0,69.44547619047621,6.554523809523786,6.554523809523786
131672_1767703800,131672,2026-01-06 12:50:00,1,53.0,68.69119047619047,-15.69119047619047,15.69119047619047
134040_1767703800,134040,2026-01-06 12:50:00,1,52.0,51.6214285714286,0.3785714285713979,0.3785714285713979
133300_1767703800,133300,2026-01-06 12:50:00,1,-25.0,-1.719682539682539,-23.280317460317463,23.280317460317463
131672_1767704100,131672,2026-01-06 12:55:00,1,192.0,80.53555555555552,111.46444444444448,111.46444444444448
134040_1767704100,134040,2026-01-06 12:55:00,1,87.0,43.61317460317459,43.38682539682541,43.38682539682541
134040_1767704400,134040,2026-01-06 13:00:00,1,91.0,113.99206349206352,-22.992063492063522,22.992063492063522
134040_1767704700,134040,2026-01-06 13:05:00,1,-7.0,67.92769841269843,-74.92769841269843,74.92769841269843
134040_1767705000,134040,2026-01-06 13:10:00,1,47.0,89.85388888888897,-42.853888888888974,42.853888888888974
134040_1767705300,134040,2026-01-06 13:15:00,1,84.0,70.80071428571426,13.199285714285736,13.199285714285736
134040_1767705600,134040,2026-01-06 13:20:00,1,113.0,54.24896825396824,58.75103174603176,58.75103174603176
134040_1767705900,134040,2026-01-06 13:25:00,1,37.0,81.92166666666667,-44.92166666666667,44.92166666666667
131672_1767706200,131672,2026-01-06 13:30:00,1,37.0,3.8911111111111083,33.10888888888889,33.10888888888889
134040_1767706200,134040,2026-01-06 13:30:00,1,123.0,103.19134920634924,19.808650793650756,19.808650793650756
134040_1767706500,134040,2026-01-06 13:35:00,1,172.0,101.03190476190478,70.96809523809522,70.96809523809522
131672_1767706500,131672,2026-01-06 13:35:00,1,131.0,88.56452380952375,42.43547619047625,42.43547619047625
134040_1767706800,134040,2026-01-06 13:40:00,1,317.0,127.3307142857143,189.6692857142857,189.6692857142857
134040_1767707100,134040,2026-01-06 13:45:00,1,231.0,179.03666666666666,51.96333333333334,51.96333333333334
134040_1767707400,134040,2026-01-06 13:50:00,1,234.0,111.90119047619038,122.09880952380962,122.09880952380962
134040_1767707700,134040,2026-01-06 13:55:00,1,200.0,175.60499999999996,24.39500000000004,24.39500000000004
131672_1767708600,131672,2026-01-06 14:10:00,1,60.0,56.13214285714286,3.86785714285714,3.86785714285714
131672_1767708900,131672,2026-01-06 14:15:00,1,90.0,84.96301587301585,5.0369841269841515,5.0369841269841515
131672_1767709200,131672,2026-01-06 14:20:00,1,91.0,110.90674603174605,-19.906746031746053,19.906746031746053
131672_1767709500,131672,2026-01-06 14:25:00,1,115.0,88.08634920634918,26.913650793650817,26.913650793650817
134040_1767709800,134040,2026-01-06 14:30:00,1,79.0,99.6183333333334,-20.618333333333396,20.618333333333396
134040_1767710100,134040,2026-01-06 14:35:00,1,4.0,68.22484126984129,-64.22484126984129,64.22484126984129
134040_1767710400,134040,2026-01-06 14:40:00,1,68.0,92.44817460317459,-24.448174603174593,24.448174603174593
134040_1767710700,134040,2026-01-06 14:45:00,1,87.0,93.43484126984126,-6.434841269841257,6.434841269841257
134040_1767711000,134040,2026-01-06 14:50:00,1,187.0,125.921746031746,61.078253968254,61.078253968254
134040_1767711300,134040,2026-01-06 14:55:00,1,267.0,180.01571428571413,86.98428571428587,86.98428571428587
131672_1767711600,131672,2026-01-06 15:00:00,1,-47.0,-59.23222222222225,12.232222222222248,12.232222222222248
134040_1767711600,134040,2026-01-06 15:00:00,1,199.0,96.59619047619047,102.40380952380953,102.40380952380953
134040_1767711900,134040,2026-01-06 15:05:00,1,181.0,152.941746031746,28.058253968254007,28.058253968254007
131672_1767711900,131672,2026-01-06 15:05:00,1,-52.0,-50.726190476190474,-1.2738095238095255,1.2738095238095255
133300_1767712200,133300,2026-01-06 15:10:00,1,-35.0,-33.8375396825397,-1.162460317460301,1.162460317460301
134040_1767712200,134040,2026-01-06 15:10:00,1,202.0,164.2946031746031,37.70539682539689,37.70539682539689
133300_1767712500,133300,2026-01-06 15:15:00,1,-35.0,-30.40071428571434,-4.59928571428566,4.59928571428566
134040_1767712500,134040,2026-01-06 15:15:00,1,199.0,154.05706349206352,44.94293650793648,44.94293650793648
134040_1767712800,134040,2026-01-06 15:20:00,1,183.0,139.91841269841262,43.081587301587376,43.081587301587376
133300_1767712800,133300,2026-01-06 15:20:00,1,36.0,-0.8261904761904758,36.826190476190476,36.826190476190476
134040_1767713100,134040,2026-01-06 15:25:00,1,91.0,120.48452380952378,-29.48452380952378,29.48452380952378
133300_1767713100,133300,2026-01-06 15:25:00,1,-9.0,-14.099206349206344,5.099206349206344,5.099206349206344
131672_1767713400,131672,2026-01-06 15:30:00,1,12.0,9.981269841269844,2.018730158730156,2.018730158730156
131672_1767713700,131672,2026-01-06 15:35:00,1,86.0,19.15904761904761,66.84095238095239,66.84095238095239
131672_1767714000,131672,2026-01-06 15:40:00,1,67.0,23.96190476190476,43.03809523809524,43.03809523809524
131672_1767714300,131672,2026-01-06 15:45:00,1,70.0,72.26246031746032,-2.2624603174603237,2.2624603174603237
131672_1767714600,131672,2026-01-06 15:50:00,1,13.0,52.527857142857144,-39.527857142857144,39.527857142857144
131672_1767714900,131672,2026-01-06 15:55:00,1,-150.0,-10.420317460317461,-139.57968253968255,139.57968253968255
133300_1767715200,133300,2026-01-06 16:00:00,1,22.0,34.256428571428565,-12.256428571428565,12.256428571428565
133300_1767715500,133300,2026-01-06 16:05:00,1,-24.0,22.248730158730176,-46.248730158730176,46.248730158730176
133300_1767715800,133300,2026-01-06 16:10:00,1,-87.0,-12.13944444444444,-74.86055555555556,74.86055555555556
133300_1767716100,133300,2026-01-06 16:15:00,1,-38.0,42.271349206349186,-80.27134920634919,80.27134920634919
133300_1767716400,133300,2026-01-06 16:20:00,1,207.0,138.24904761904764,68.75095238095236,68.75095238095236
133300_1767718800,133300,2026-01-06 17:00:00,1,231.0,113.00944444444445,117.99055555555555,117.99055555555555
133300_1767719400,133300,2026-01-06 17:10:00,1,-24.0,-5.45515873015873,-18.54484126984127,18.54484126984127
133300_1767719700,133300,2026-01-06 17:15:00,1,22.0,30.18206349206349,-8.182063492063492,8.182063492063492
133300_1767720000,133300,2026-01-06 17:20:00,1,-46.0,52.569682539682525,-98.56968253968253,98.56968253968253
133300_1767720300,133300,2026-01-06 17:25:00,1,-26.0,14.923412698412703,-40.923412698412704,40.923412698412704
133300_1767722400,133300,2026-01-06 18:00:00,1,310.0,93.72373015873016,216.27626984126982,216.27626984126982
134040_1767722400,134040,2026-01-06 18:00:00,1,107.0,133.221746031746,-26.221746031745994,26.221746031745994
134040_1767722700,134040,2026-01-06 18:05:00,1,295.0,163.6252380952381,131.3747619047619,131.3747619047619
133300_1767722700,133300,2026-01-06 18:05:00,1,406.0,271.2674603174604,134.7325396825396,134.7325396825396
133300_1767723000,133300,2026-01-06 18:10:00,1,580.0,449.8511111111111,130.1488888888889,130.1488888888889
134040_1767723000,134040,2026-01-06 18:10:00,1,407.0,220.0674603174602,186.9325396825398,186.9325396825398
134040_1767723300,134040,2026-01-06 18:15:00,1,342.0,189.1259523809524,152.8740476190476,152.8740476190476
134040_1767723600,134040,2026-01-06 18:20:00,1,401.0,295.0523809523808,105.94761904761918,105.94761904761918
133300_1767723600,133300,2026-01-06 18:20:00,1,-5.0,29.066031746031765,-34.06603174603177,34.06603174603177
134040_1767723900,134040,2026-01-06 18:25:00,1,487.0,263.18055555555554,223.81944444444446,223.81944444444446
134040_1767724200,134040,2026-01-06 18:30:00,1,465.0,408.77500000000015,56.22499999999985,56.22499999999985
131672_1767724200,131672,2026-01-06 18:30:00,1,368.0,358.3796031746032,9.620396825396824,9.620396825396824
131672_1767724500,131672,2026-01-06 18:35:00,1,365.0,395.2399999999999,-30.239999999999895,30.239999999999895
134040_1767724500,134040,2026-01-06 18:35:00,1,409.0,345.41484126984125,63.58515873015875,63.58515873015875
131672_1767726900,131672,2026-01-06 19:15:00,1,-3.0,10.99333333333333,-13.99333333333333,13.99333333333333
131672_1767727200,131672,2026-01-06 19:20:00,1,-9.0,28.25928571428571,-37.25928571428571,37.25928571428571
131672_1767727500,131672,2026-01-06 19:25:00,1,163.0,185.83896825396823,-22.838968253968233,22.838968253968233
131672_1767727800,131672,2026-01-06 19:30:00,1,302.0,141.31174603174603,160.68825396825397,160.68825396825397
131672_1767728100,131672,2026-01-06 19:35:00,1,382.0,291.56404761904747,90.43595238095253,90.43595238095253
131672_1767728400,131672,2026-01-06 19:40:00,1,359.0,291.392380952381,67.60761904761898,67.60761904761898
131672_1767728700,131672,2026-01-06 19:45:00,1,492.0,367.3673015873017,124.63269841269829,124.63269841269829
131672_1767729000,131672,2026-01-06 19:50:00,1,533.0,489.0559523809522,43.94404761904781,43.94404761904781
131672_1767729300,131672,2026-01-06 19:55:00,1,478.0,493.02000000000044,-15.020000000000437,15.020000000000437
131672_1767729600,131672,2026-01-06 20:00:00,1,557.0,493.02000000000044,63.97999999999956,63.97999999999956
131672_1767732000,131672,2026-01-06 20:40:00,1,32.0,25.72952380952382,6.270476190476181,6.270476190476181
131672_1767732300,131672,2026-01-06 20:45:00,1,16.0,26.730555555555558,-10.730555555555558,10.730555555555558
131672_1767732600,131672,2026-01-06 20:50:00,1,34.0,64.14246031746029,-30.14246031746029,30.14246031746029
131672_1767732900,131672,2026-01-06 20:55:00,1,41.0,230.8042857142857,-189.8042857142857,189.8042857142857
134040_1767735000,134040,2026-01-06 21:30:00,1,434.0,273.08333333333326,160.91666666666674,160.91666666666674
134040_1767735300,134040,2026-01-06 21:35:00,1,434.0,243.17531746031744,190.82468253968256,190.82468253968256
134040_1767735900,134040,2026-01-06 21:45:00,1,0.0,38.46555555555555,-38.46555555555555,38.46555555555555
134040_1767736200,134040,2026-01-06 21:50:00,1,0.0,38.94920634920634,-38.94920634920634,38.94920634920634
134040_1767736500,134040,2026-01-06 21:55:00,1,0.0,30.346031746031738,-30.346031746031738,30.346031746031738
134040_1767736800,134040,2026-01-06 22:00:00,1,0.0,7.138333333333335,-7.138333333333335,7.138333333333335
134040_1767737100,134040,2026-01-06 22:05:00,1,0.0,1.1650793650793654,-1.1650793650793654,1.1650793650793654
134040_1767737400,134040,2026-01-06 22:10:00,1,0.0,2.9050793650793656,-2.9050793650793656,2.9050793650793656
134040_1767737700,134040,2026-01-06 22:15:00,1,0.0,3.6857936507936495,-3.6857936507936495,3.6857936507936495
134040_1767738000,134040,2026-01-06 22:20:00,1,0.0,3.903333333333333,-3.903333333333333,3.903333333333333
134040_1767738300,134040,2026-01-06 22:25:00,1,0.0,0.8061904761904761,-0.8061904761904761,0.8061904761904761
134040_1767738600,134040,2026-01-06 22:30:00,1,0.0,3.000079365079366,-3.000079365079366,3.000079365079366
134040_1767738900,134040,2026-01-06 22:35:00,1,0.0,-0.047301587301587136,0.047301587301587136,0.047301587301587136
134040_1767739200,134040,2026-01-06 22:40:00,1,0.0,14.933730158730164,-14.933730158730164,14.933730158730164
134040_1767739500,134040,2026-01-06 22:45:00,1,0.0,-3.9853968253968253,3.9853968253968253,3.9853968253968253
134040_1767739800,134040,2026-01-06 22:50:00,1,0.0,-7.24896825396825,7.24896825396825,7.24896825396825
134040_1767740100,134040,2026-01-06 22:55:00,1,0.0,4.021428571428572,-4.021428571428572,4.021428571428572
134040_1767740400,134040,2026-01-06 23:00:00,1,0.0,3.9496825396825397,-3.9496825396825397,3.9496825396825397
134040_1767740700,134040,2026-01-06 23:05:00,1,0.0,25.30746031746033,-25.30746031746033,25.30746031746033
132430_1767666900,132430,2026-01-06 02:35:00,2,46.0,35.564285714285724,10.435714285714276,10.435714285714276
132430_1767667200,132430,2026-01-06 02:40:00,2,102.0,57.04404761904762,44.95595238095238,44.95595238095238
132430_1767667500,132430,2026-01-06 02:45:00,2,-23.0,32.58920634920635,-55.58920634920635,55.58920634920635
132430_1767667800,132430,2026-01-06 02:50:00,2,-2.0,62.63253968253971,-64.63253968253971,64.63253968253971
132430_1767668100,132430,2026-01-06 02:55:00,2,27.0,32.27230158730158,-5.272301587301577,5.272301587301577
132430_1767668400,132430,2026-01-06 03:00:00,2,22.0,88.19650793650791,-66.19650793650791,66.19650793650791
132430_1767668700,132430,2026-01-06 03:05:00,2,74.0,94.06285714285714,-20.06285714285714,20.06285714285714
132430_1767669000,132430,2026-01-06 03:10:00,2,1.0,39.47246031746034,-38.47246031746034,38.47246031746034
132430_1767669300,132430,2026-01-06 03:15:00,2,4.0,71.35309523809524,-67.35309523809524,67.35309523809524
132430_1767669600,132430,2026-01-06 03:20:00,2,84.0,41.34531746031746,42.65468253968254,42.65468253968254
132430_1767669900,132430,2026-01-06 03:25:00,2,58.0,5.776349206349204,52.2236507936508,52.2236507936508
135081_1767670200,135081,2026-01-06 03:30:00,2,14.0,30.865158730158736,-16.865158730158736,16.865158730158736
135081_1767670500,135081,2026-01-06 03:35:00,2,63.0,49.8725396825397,13.127460317460297,13.127460317460297
132430_1767670500,132430,2026-01-06 03:35:00,2,215.0,164.0887301587301,50.9112698412699,50.9112698412699
135081_1767670800,135081,2026-01-06 03:40:00,2,54.0,53.810476190476166,0.18952380952383407,0.18952380952383407
132430_1767670800,132430,2026-01-06 03:40:00,2,162.0,139.47023809523802,22.529761904761983,22.529761904761983
132430_1767671100,132430,2026-01-06 03:45:00,2,137.0,90.45071428571431,46.54928571428569,46.54928571428569
135081_1767671100,135081,2026-01-06 03:45:00,2,45.0,65.35333333333335,-20.353333333333353,20.353333333333353
132430_1767671400,132430,2026-01-06 03:50:00,2,244.0,218.50801587301595,25.49198412698405,25.49198412698405
135081_1767671400,135081,2026-01-06 03:50:00,2,84.0,82.6084126984128,1.3915873015871938,1.3915873015871938
135081_1767671700,135081,2026-01-06 03:55:00,2,104.0,49.00761904761905,54.99238095238095,54.99238095238095
132430_1767671700,132430,2026-01-06 03:55:00,2,324.0,197.29515873015868,126.70484126984132,126.70484126984132
135081_1767672000,135081,2026-01-06 04:00:00,2,-33.0,-3.321587301587302,-29.6784126984127,29.6784126984127
132430_1767672000,132430,2026-01-06 04:00:00,2,364.0,276.26611111111106,87.73388888888894,87.73388888888894
135081_1767672300,135081,2026-01-06 04:05:00,2,-40.0,-18.958492063492066,-21.041507936507934,21.041507936507934
132430_1767672300,132430,2026-01-06 04:05:00,2,275.0,231.6853968253969,43.31460317460309,43.31460317460309
135081_1767672600,135081,2026-01-06 04:10:00,2,-145.0,-44.633888888888904,-100.3661111111111,100.3661111111111
132430_1767672600,132430,2026-01-06 04:10:00,2,322.0,263.9033333333333,58.09666666666669,58.09666666666669
132430_1767672900,132430,2026-01-06 04:15:00,2,130.0,175.92079365079374,-45.92079365079374,45.92079365079374
130238_1767672900,130238,2026-01-06 04:15:00,2,-23.0,9.997063492063493,-32.99706349206349,32.99706349206349
135081_1767672900,135081,2026-01-06 04:15:00,2,-98.0,-21.121666666666673,-76.87833333333333,76.87833333333333
130238_1767673200,130238,2026-01-06 04:20:00,2,39.0,51.93531746031747,-12.93531746031747,12.93531746031747
132430_1767673200,132430,2026-01-06 04:20:00,2,129.0,207.00230158730156,-78.00230158730156,78.00230158730156
135081_1767673200,135081,2026-01-06 04:20:00,2,71.0,-15.853809523809526,86.85380952380953,86.85380952380953
132430_1767673500,132430,2026-01-06 04:25:00,2,265.0,224.9401587301587,40.059841269841286,40.059841269841286
130238_1767673500,130238,2026-01-06 04:25:00,2,26.0,13.266507936507935,12.733492063492065,12.733492063492065
135081_1767673500,135081,2026-01-06 04:25:00,2,64.0,16.354920634920628,47.64507936507937,47.64507936507937
130238_1767673800,130238,2026-01-06 04:30:00,2,10.0,79.43722222222222,-69.43722222222222,69.43722222222222
135081_1767673800,135081,2026-01-06 04:30:00,2,111.0,45.71722222222224,65.28277777777777,65.28277777777777
130238_1767674100,130238,2026-01-06 04:35:00,2,131.0,68.42269841269847,62.577301587301534,62.577301587301534
135081_1767674100,135081,2026-01-06 04:35:00,2,80.0,85.80063492063493,-5.800634920634934,5.800634920634934
135081_1767674400,135081,2026-01-06 04:40:00,2,122.0,128.99158730158723,-6.991587301587231,6.991587301587231
130238_1767674400,130238,2026-01-06 04:40:00,2,168.0,14.328253968253966,153.67174603174604,153.67174603174604
130238_1767674700,130238,2026-01-06 04:45:00,2,240.0,123.73039682539681,116.26960317460319,116.26960317460319
135081_1767674700,135081,2026-01-06 04:45:00,2,94.0,68.2061111111111,25.7938888888889,25.7938888888889
130238_1767675000,130238,2026-01-06 04:50:00,2,233.0,193.02571428571437,39.97428571428563,39.97428571428563
135081_1767675000,135081,2026-01-06 04:50:00,2,53.0,32.29230158730158,20.70769841269842,20.70769841269842
135081_1767675300,135081,2026-01-06 04:55:00,2,208.0,171.36888888888888,36.631111111111125,36.631111111111125
135081_1767675600,135081,2026-01-06 05:00:00,2,299.0,166.90857142857138,132.09142857142862,132.09142857142862
135081_1767675900,135081,2026-01-06 05:05:00,2,224.0,187.25960317460314,36.74039682539686,36.74039682539686
135081_1767676200,135081,2026-01-06 05:10:00,2,126.0,160.2931746031747,-34.29317460317469,34.29317460317469
135081_1767676500,135081,2026-01-06 05:15:00,2,-30.0,65.31595238095237,-95.31595238095237,95.31595238095237
130238_1767677400,130238,2026-01-06 05:30:00,2,-50.0,-10.593492063492054,-39.40650793650795,39.40650793650795
130238_1767677700,130238,2026-01-06 05:35:00,2,-47.0,-2.7567460317460304,-44.24325396825397,44.24325396825397
130238_1767678000,130238,2026-01-06 05:40:00,2,-45.0,52.9710317460318,-97.9710317460318,97.9710317460318
130238_1767678300,130238,2026-01-06 05:45:00,2,-142.0,-64.21984126984125,-77.78015873015875,77.78015873015875
130238_1767679500,130238,2026-01-06 06:05:00,2,0.0,-1.0569841269841267,1.0569841269841267,1.0569841269841267
130238_1767679800,130238,2026-01-06 06:10:00,2,0.0,2.874682539682539,-2.874682539682539,2.874682539682539
132430_1767679800,132430,2026-01-06 06:10:00,2,73.0,50.57031746031747,22.42968253968253,22.42968253968253
132430_1767680100,132430,2026-01-06 06:15:00,2,73.0,62.37896825396829,10.621031746031711,10.621031746031711
130238_1767680100,130238,2026-01-06 06:15:00,2,0.0,0.492222222222222,-0.492222222222222,0.492222222222222
130238_1767680400,130238,2026-01-06 06:20:00,2,0.0,7.937460317460318,-7.937460317460318,7.937460317460318
132430_1767680400,132430,2026-01-06 06:20:00,2,-15.0,8.388492063492066,-23.388492063492066,23.388492063492066
132430_1767680700,132430,2026-01-06 06:25:00,2,-42.0,26.63531746031748,-68.63531746031748,68.63531746031748
130238_1767680700,130238,2026-01-06 06:25:00,2,0.0,7.196031746031746,-7.196031746031746,7.196031746031746
132430_1767681000,132430,2026-01-06 06:30:00,2,32.0,76.54126984126985,-44.54126984126985,44.54126984126985
130238_1767681000,130238,2026-01-06 06:30:00,2,0.0,23.160555555555543,-23.160555555555543,23.160555555555543
132430_1767681300,132430,2026-01-06 06:35:00,2,126.0,59.82968253968254,66.17031746031746,66.17031746031746
130238_1767681300,130238,2026-01-06 06:35:00,2,0.0,11.011825396825392,-11.011825396825392,11.011825396825392
130238_1767681600,130238,2026-01-06 06:40:00,2,0.0,6.363333333333333,-6.363333333333333,6.363333333333333
132430_1767681600,132430,2026-01-06 06:40:00,2,65.0,67.14134920634919,-2.14134920634919,2.14134920634919
130238_1767681900,130238,2026-01-06 06:45:00,2,0.0,7.473968253968257,-7.473968253968257,7.473968253968257
132430_1767681900,132430,2026-01-06 06:45:00,2,-62.0,-23.33674603174604,-38.66325396825396,38.66325396825396
132430_1767682200,132430,2026-01-06 06:50:00,2,-16.0,64.88753968253974,-80.88753968253974,80.88753968253974
132430_1767682500,132430,2026-01-06 06:55:00,2,248.0,144.1459523809524,103.8540476190476,103.8540476190476
132430_1767682800,132430,2026-01-06 07:00:00,2,267.0,243.23777777777778,23.76222222222222,23.76222222222222
132430_1767683100,132430,2026-01-06 07:05:00,2,408.0,224.403253968254,183.596746031746,183.596746031746
132430_1767683400,132430,2026-01-06 07:10:00,2,270.0,251.6039682539683,18.396031746031696,18.396031746031696
132430_1767683700,132430,2026-01-06 07:15:00,2,163.0,160.8956349206349,2.1043650793650954,2.1043650793650954
132430_1767684000,132430,2026-01-06 07:20:00,2,246.0,204.2166666666667,41.7833333333333,41.7833333333333
132430_1767684300,132430,2026-01-06 07:25:00,2,230.0,194.91865079365076,35.081349206349245,35.081349206349245
130238_1767684300,130238,2026-01-06 07:25:00,2,16.0,21.905476190476197,-5.905476190476197,5.905476190476197
135081_1767684600,135081,2026-01-06 07:30:00,2,-78.0,-80.94634920634917,2.9463492063491685,2.9463492063491685
132430_1767684600,132430,2026-01-06 07:30:00,2,215.0,190.99365079365083,24.00634920634917,24.00634920634917
135081_1767684900,135081,2026-01-06 07:35:00,2,-28.0,-73.13222222222223,45.132222222222225,45.132222222222225
132430_1767684900,132430,2026-01-06 07:35:00,2,183.0,187.34380952380954,-4.34380952380954,4.34380952380954
135081_1767685200,135081,2026-01-06 07:40:00,2,59.0,51.47523809523809,7.52476190476191,7.52476190476191
132430_1767685500,132430,2026-01-06 07:45:00,2,167.0,85.50452380952386,81.49547619047614,81.49547619047614
135081_1767685500,135081,2026-01-06 07:45:00,2,275.0,124.66880952380953,150.33119047619047,150.33119047619047
135081_1767685800,135081,2026-01-06 07:50:00,2,288.0,113.66285714285715,174.33714285714285,174.33714285714285
132430_1767685800,132430,2026-01-06 07:50:00,2,64.0,61.86642857142858,2.133571428571422,2.133571428571422
135081_1767686100,135081,2026-01-06 07:55:00,2,247.0,158.14682539682542,88.85317460317458,88.85317460317458
132430_1767686100,132430,2026-01-06 07:55:00,2,53.0,57.556666666666665,-4.556666666666665,4.556666666666665
132430_1767686400,132430,2026-01-06 08:00:00,2,30.0,104.21579365079363,-74.21579365079363,74.21579365079363
130238_1767686400,130238,2026-01-06 08:00:00,2,107.0,142.38531746031737,-35.38531746031737,35.38531746031737
130238_1767686700,130238,2026-01-06 08:05:00,2,1.0,127.69039682539687,-126.69039682539687,126.69039682539687
132430_1767686700,132430,2026-01-06 08:05:00,2,53.0,82.80626984126984,-29.806269841269838,29.806269841269838
132430_1767687000,132430,2026-01-06 08:10:00,2,42.0,18.815317460317463,23.184682539682537,23.184682539682537
132430_1767687300,132430,2026-01-06 08:15:00,2,-108.0,-2.736904761904763,-105.26309523809523,105.26309523809523
132430_1767687600,132430,2026-01-06 08:20:00,2,-132.0,-33.997777777777785,-98.00222222222222,98.00222222222222
132430_1767687900,132430,2026-01-06 08:25:00,2,-101.0,50.92087301587301,-151.920873015873,151.920873015873
130238_1767688200,130238,2026-01-06 08:30:00,2,27.0,40.01277777777776,-13.012777777777757,13.012777777777757
132430_1767688200,132430,2026-01-06 08:30:00,2,194.0,232.72238095238103,-38.72238095238103,38.72238095238103
130238_1767688500,130238,2026-01-06 08:35:00,2,-8.0,-8.332142857142856,0.3321428571428555,0.3321428571428555
132430_1767688500,132430,2026-01-06 08:35:00,2,268.0,254.83182539682534,13.168174603174663,13.168174603174663
132430_1767688800,132430,2026-01-06 08:40:00,2,284.0,250.27047619047616,33.72952380952384,33.72952380952384
130238_1767688800,130238,2026-01-06 08:40:00,2,-92.0,-19.551507936507942,-72.44849206349205,72.44849206349205
132430_1767689100,132430,2026-01-06 08:45:00,2,163.0,145.80031746031744,17.199682539682556,17.199682539682556
130238_1767689100,130238,2026-01-06 08:45:00,2,-120.0,4.74595238095238,-124.74595238095237,124.74595238095237
130238_1767689400,130238,2026-01-06 08:50:00,2,37.0,16.65873015873015,20.34126984126985,20.34126984126985
132430_1767689400,132430,2026-01-06 08:50:00,2,85.0,190.31706349206343,-105.31706349206343,105.31706349206343
130238_1767689700,130238,2026-01-06 08:55:00,2,57.0,10.783730158730163,46.216269841269835,46.216269841269835
132430_1767689700,132430,2026-01-06 08:55:00,2,7.0,163.80531746031753,-156.80531746031753,156.80531746031753
130238_1767690000,130238,2026-01-06 09:00:00,2,40.0,9.411825396825403,30.588174603174597,30.588174603174597
130238_1767690300,130238,2026-01-06 09:05:00,2,49.0,67.13134920634926,-18.131349206349256,18.131349206349256
130238_1767690600,130238,2026-01-06 09:10:00,2,57.0,74.72611111111111,-17.72611111111111,17.72611111111111
130238_1767691200,130238,2026-01-06 09:20:00,2,0.0,8.963492063492065,-8.963492063492065,8.963492063492065
130238_1767691500,130238,2026-01-06 09:25:00,2,0.0,-12.854920634920633,12.854920634920633,12.854920634920633
130238_1767691800,130238,2026-01-06 09:30:00,2,0.0,26.79976190476189,-26.79976190476189,26.79976190476189
130238_1767692100,130238,2026-01-06 09:35:00,2,0.0,2.7734126984126983,-2.7734126984126983,2.7734126984126983
130238_1767692400,130238,2026-01-06 09:40:00,2,0.0,18.215158730158738,-18.215158730158738,18.215158730158738
130238_1767692700,130238,2026-01-06 09:45:00,2,0.0,3.3060317460317457,-3.3060317460317457,3.3060317460317457
130238_1767693000,130238,2026-01-06 09:50:00,2,0.0,14.433888888888893,-14.433888888888893,14.433888888888893
130238_1767693300,130238,2026-01-06 09:55:00,2,0.0,17.840476190476192,-17.840476190476192,17.840476190476192
132430_1767693300,132430,2026-01-06 09:55:00,2,132.0,102.78896825396825,29.21103174603175,29.21103174603175
132430_1767693600,132430,2026-01-06 10:00:00,2,132.0,81.49214285714282,50.507857142857176,50.507857142857176
132430_1767693900,132430,2026-01-06 10:05:00,2,33.0,24.55087301587302,8.44912698412698,8.44912698412698
132430_1767694200,132430,2026-01-06 10:10:00,2,90.0,86.19912698412699,3.800873015873009,3.800873015873009
132430_1767694500,132430,2026-01-06 10:15:00,2,144.0,126.97055555555549,17.029444444444508,17.029444444444508
132430_1767694800,132430,2026-01-06 10:20:00,2,233.0,142.10079365079363,90.89920634920637,90.89920634920637
132430_1767695100,132430,2026-01-06 10:25:00,2,116.0,127.1764285714286,-11.176428571428602,11.176428571428602
132430_1767695400,132430,2026-01-06 10:30:00,2,26.0,148.82626984126978,-122.82626984126978,122.82626984126978
130238_1767695400,130238,2026-01-06 10:30:00,2,-12.0,10.064682539682538,-22.064682539682536,22.064682539682536
132430_1767695700,132430,2026-01-06 10:35:00,2,30.0,178.43674603174605,-148.43674603174605,148.43674603174605
130238_1767695700,130238,2026-01-06 10:35:00,2,2.0,3.7170634920634917,-1.7170634920634917,1.7170634920634917
132430_1767696000,132430,2026-01-06 10:40:00,2,-71.0,170.3243650793651,-241.3243650793651,241.3243650793651
130238_1767696000,130238,2026-01-06 10:40:00,2,-34.0,-26.955793650793655,-7.044206349206345,7.044206349206345
132430_1767696300,132430,2026-01-06 10:45:00,2,221.0,175.11595238095245,45.88404761904755,45.88404761904755
130238_1767696300,130238,2026-01-06 10:45:00,2,10.0,32.60944444444444,-22.609444444444442,22.609444444444442
132430_1767696600,132430,2026-01-06 10:50:00,2,264.0,147.20095238095234,116.79904761904766,116.79904761904766
130238_1767696600,130238,2026-01-06 10:50:00,2,46.0,-2.03674603174603,48.03674603174603,48.03674603174603
132430_1767696900,132430,2026-01-06 10:55:00,2,113.0,184.79849206349212,-71.79849206349212,71.79849206349212
130238_1767696900,130238,2026-01-06 10:55:00,2,29.0,-68.899126984127,97.899126984127,97.899126984127
132430_1767697200,132430,2026-01-06 11:00:00,2,17.0,118.26388888888891,-101.26388888888891,101.26388888888891
130238_1767697200,130238,2026-01-06 11:00:00,2,40.0,128.47515873015868,-88.47515873015868,88.47515873015868
132430_1767697500,132430,2026-01-06 11:05:00,2,86.0,80.2485714285714,5.751428571428605,5.751428571428605
130238_1767697500,130238,2026-01-06 11:05:00,2,32.0,44.161111111111126,-12.161111111111126,12.161111111111126
135081_1767697800,135081,2026-01-06 11:10:00,2,77.0,76.60730158730162,0.3926984126983797,0.3926984126983797
132430_1767697800,132430,2026-01-06 11:10:00,2,70.0,100.03126984126988,-30.031269841269875,30.031269841269875
135081_1767698100,135081,2026-01-06 11:15:00,2,95.0,86.99071428571426,8.009285714285738,8.009285714285738
132430_1767698100,132430,2026-01-06 11:15:00,2,49.0,63.79714285714286,-14.797142857142859,14.797142857142859
135081_1767698400,135081,2026-01-06 11:20:00,2,135.0,145.5099999999999,-10.509999999999906,10.509999999999906
132430_1767698400,132430,2026-01-06 11:20:00,2,49.0,97.50547619047619,-48.50547619047619,48.50547619047619
135081_1767698700,135081,2026-01-06 11:25:00,2,126.0,89.30031746031744,36.699682539682556,36.699682539682556
132430_1767699000,132430,2026-01-06 11:30:00,2,14.0,68.94595238095239,-54.94595238095239,54.94595238095239
135081_1767699000,135081,2026-01-06 11:30:00,2,28.0,114.80388888888889,-86.80388888888889,86.80388888888889
132430_1767699300,132430,2026-01-06 11:35:00,2,14.0,49.5097619047619,-35.5097619047619,35.5097619047619
135081_1767699300,135081,2026-01-06 11:35:00,2,45.0,102.66650793650794,-57.66650793650794,57.66650793650794
135081_1767699600,135081,2026-01-06 11:40:00,2,55.0,65.76698412698413,-10.766984126984127,10.766984126984127
132430_1767699600,132430,2026-01-06 11:40:00,2,-87.0,-22.592698412698393,-64.4073015873016,64.4073015873016
135081_1767699900,135081,2026-01-06 11:45:00,2,36.0,-10.329047619047616,46.329047619047614,46.329047619047614
132430_1767699900,132430,2026-01-06 11:45:00,2,-110.0,26.587063492063475,-136.58706349206346,136.58706349206346
135081_1767700200,135081,2026-01-06 11:50:00,2,-24.0,-25.724285714285713,1.7242857142857133,1.7242857142857133
132430_1767700200,132430,2026-01-06 11:50:00,2,-136.0,-28.81960317460318,-107.18039682539683,107.18039682539683
132430_1767700500,132430,2026-01-06 11:55:00,2,-6.0,-68.5584920634921,62.558492063492096,62.558492063492096
135081_1767700500,135081,2026-01-06 11:55:00,2,-98.0,-66.38007936507931,-31.61992063492069,31.61992063492069
132430_1767702600,132430,2026-01-06 12:30:00,2,-64.0,0.25055555555555437,-64.25055555555555,64.25055555555555
135081_1767702600,135081,2026-01-06 12:30:00,2,-131.0,-88.8324603174603,-42.1675396825397,42.1675396825397
135081_1767702900,135081,2026-01-06 12:35:00,2,-144.0,-130.49476190476193,-13.50523809523807,13.50523809523807
132430_1767702900,132430,2026-01-06 12:35:00,2,-181.0,-48.35134920634921,-132.6486507936508,132.6486507936508
132430_1767703200,132430,2026-01-06 12:40:00,2,-100.0,23.62039682539684,-123.62039682539684,123.62039682539684
135081_1767703200,135081,2026-01-06 12:40:00,2,-171.0,-107.24960317460314,-63.75039682539686,63.75039682539686
132430_1767703500,132430,2026-01-06 12:45:00,2,-75.0,-76.14801587301588,1.1480158730158792,1.1480158730158792
135081_1767703500,135081,2026-01-06 12:45:00,2,-72.0,-43.703650793650795,-28.296349206349205,28.296349206349205
132430_1767703800,132430,2026-01-06 12:50:00,2,-58.0,-81.96293650793649,23.96293650793649,23.96293650793649
135081_1767703800,135081,2026-01-06 12:50:00,2,-16.0,-54.221190476190486,38.221190476190486,38.221190476190486
132430_1767704100,132430,2026-01-06 12:55:00,2,-74.0,-79.8606349206349,5.860634920634894,5.860634920634894
135081_1767704100,135081,2026-01-06 12:55:00,2,-27.0,-24.975476190476183,-2.024523809523817,2.024523809523817
135081_1767704400,135081,2026-01-06 13:00:00,2,11.0,15.793888888888885,-4.793888888888885,4.793888888888885
132430_1767704700,132430,2026-01-06 13:05:00,2,16.0,-2.7019841269841263,18.701984126984126,18.701984126984126
132430_1767705000,132430,2026-01-06 13:10:00,2,16.0,18.180238095238092,-2.180238095238092,2.180238095238092
132430_1767705300,132430,2026-01-06 13:15:00,2,17.0,31.22373015873016,-14.22373015873016,14.22373015873016
132430_1767705600,132430,2026-01-06 13:20:00,2,77.0,73.57182539682539,3.428174603174611,3.428174603174611
132430_1767705900,132430,2026-01-06 13:25:00,2,57.0,110.1453174603174,-53.1453174603174,53.1453174603174
135081_1767705900,135081,2026-01-06 13:25:00,2,79.0,35.44841269841268,43.55158730158732,43.55158730158732
132430_1767706200,132430,2026-01-06 13:30:00,2,196.0,155.03642857142853,40.96357142857147,40.96357142857147
132430_1767706500,132430,2026-01-06 13:35:00,2,103.0,153.9377777777777,-50.93777777777771,50.93777777777771
132430_1767706800,132430,2026-01-06 13:40:00,2,53.0,107.11706349206347,-54.117063492063465,54.117063492063465
132430_1767707100,132430,2026-01-06 13:45:00,2,78.0,157.19373015873015,-79.19373015873015,79.19373015873015
132430_1767707400,132430,2026-01-06 13:50:00,2,39.0,125.77095238095238,-86.77095238095238,86.77095238095238
132430_1767707700,132430,2026-01-06 13:55:00,2,58.0,103.21142857142858,-45.211428571428584,45.211428571428584
132430_1767708000,132430,2026-01-06 14:00:00,2,192.0,191.24626984126985,0.7537301587301499,0.7537301587301499
135081_1767708000,135081,2026-01-06 14:00:00,2,19.0,100.26571428571425,-81.26571428571425,81.26571428571425
132430_1767708300,132430,2026-01-06 14:05:00,2,68.0,95.81587301587304,-27.815873015873038,27.815873015873038
135081_1767708300,135081,2026-01-06 14:05:00,2,-36.0,-5.315634920634919,-30.68436507936508,30.68436507936508
135081_1767708600,135081,2026-01-06 14:10:00,2,-19.0,-0.9250000000000009,-18.075,18.075
132430_1767708600,132430,2026-01-06 14:10:00,2,-7.0,76.05452380952383,-83.05452380952383,83.05452380952383
132430_1767708900,132430,2026-01-06 14:15:00,2,115.0,108.70174603174603,6.298253968253974,6.298253968253974
135081_1767708900,135081,2026-01-06 14:15:00,2,-17.0,-29.556666666666654,12.556666666666654,12.556666666666654
132430_1767709200,132430,2026-01-06 14:20:00,2,98.0,128.29738095238096,-30.297380952380962,30.297380952380962
135081_1767709200,135081,2026-01-06 14:20:00,2,-17.0,-56.02404761904759,39.02404761904759,39.02404761904759
132430_1767709500,132430,2026-01-06 14:25:00,2,158.0,152.15039682539685,5.849603174603146,5.849603174603146
135081_1767709500,135081,2026-01-06 14:25:00,2,-102.0,-63.29373015873013,-38.70626984126987,38.70626984126987
135081_1767709800,135081,2026-01-06 14:30:00,2,-84.0,-60.33023809523812,-23.669761904761877,23.669761904761877
132430_1767709800,132430,2026-01-06 14:30:00,2,137.0,138.66484126984122,-1.6648412698412187,1.6648412698412187
135081_1767710100,135081,2026-01-06 14:35:00,2,-126.0,-61.401587301587284,-64.59841269841272,64.59841269841272
132430_1767710400,132430,2026-01-06 14:40:00,2,23.0,90.82888888888893,-67.82888888888893,67.82888888888893
135081_1767710400,135081,2026-01-06 14:40:00,2,-128.0,-75.46055555555553,-52.53944444444447,52.53944444444447
135081_1767710700,135081,2026-01-06 14:45:00,2,-145.0,-147.80293650793655,2.8029365079365505,2.8029365079365505
132430_1767710700,132430,2026-01-06 14:45:00,2,23.0,48.67619047619048,-25.676190476190477,25.676190476190477
132430_1767711000,132430,2026-01-06 14:50:00,2,47.0,79.90452380952378,-32.90452380952378,32.90452380952378
135081_1767711000,135081,2026-01-06 14:50:00,2,-175.0,-125.65801587301594,-49.34198412698406,49.34198412698406
132430_1767711300,132430,2026-01-06 14:55:00,2,33.0,64.42769841269843,-31.427698412698433,31.427698412698433
135081_1767711300,135081,2026-01-06 14:55:00,2,-168.0,-94.5314285714286,-73.4685714285714,73.4685714285714
135081_1767711600,135081,2026-01-06 15:00:00,2,11.0,-36.92365079365078,47.92365079365078,47.92365079365078
132430_1767711600,132430,2026-01-06 15:00:00,2,171.0,108.34825396825397,62.65174603174603,62.65174603174603
132430_1767711900,132430,2026-01-06 15:05:00,2,384.0,196.00269841269835,187.99730158730165,187.99730158730165
135081_1767711900,135081,2026-01-06 15:05:00,2,-12.0,-14.025873015873012,2.025873015873012,2.025873015873012
132430_1767712200,132430,2026-01-06 15:10:00,2,291.0,203.05285714285705,87.94714285714295,87.94714285714295
135081_1767712200,135081,2026-01-06 15:10:00,2,-28.0,7.721666666666665,-35.721666666666664,35.721666666666664
135081_1767712500,135081,2026-01-06 15:15:00,2,59.0,-38.81936507936509,97.8193650793651,97.8193650793651
132430_1767712500,132430,2026-01-06 15:15:00,2,226.0,217.44825396825388,8.55174603174612,8.55174603174612
130238_1767712500,130238,2026-01-06 15:15:00,2,10.0,-2.8950793650793663,12.895079365079367,12.895079365079367
130238_1767712800,130238,2026-01-06 15:20:00,2,-40.0,3.891904761904763,-43.89190476190476,43.89190476190476
132430_1767712800,132430,2026-01-06 15:20:00,2,258.0,288.4853174603174,-30.48531746031739,30.48531746031739
130238_1767713100,130238,2026-01-06 15:25:00,2,-124.0,-0.6303174603174595,-123.36968253968254,123.36968253968254
132430_1767713100,132430,2026-01-06 15:25:00,2,199.0,234.17515873015853,-35.17515873015853,35.17515873015853
130238_1767713400,130238,2026-01-06 15:30:00,2,-99.0,-0.7350793650793649,-98.26492063492063,98.26492063492063
130238_1767713700,130238,2026-01-06 15:35:00,2,-47.0,-46.47547619047619,-0.5245238095238065,0.5245238095238065
130238_1767714000,130238,2026-01-06 15:40:00,2,-41.0,-39.94571428571429,-1.0542857142857116,1.0542857142857116
130238_1767714300,130238,2026-01-06 15:45:00,2,-45.0,-45.17468253968254,0.17468253968254288,0.17468253968254288
130238_1767714600,130238,2026-01-06 15:50:00,2,-30.0,-10.786190476190473,-19.213809523809527,19.213809523809527
130238_1767714900,130238,2026-01-06 15:55:00,2,-78.0,3.2063492063492047,-81.2063492063492,81.2063492063492
132430_1767715200,132430,2026-01-06 16:00:00,2,485.0,448.84230158730145,36.15769841269855,36.15769841269855
130238_1767715200,130238,2026-01-06 16:00:00,2,-97.0,-105.75849206349204,8.758492063492042,8.758492063492042
132430_1767715500,132430,2026-01-06 16:05:00,2,483.0,446.38436507936507,36.61563492063493,36.61563492063493
130238_1767716400,130238,2026-01-06 16:20:00,2,98.0,72.0218253968254,25.978174603174594,25.978174603174594
130238_1767716700,130238,2026-01-06 16:25:00,2,9.0,12.375317460317453,-3.3753174603174525,3.3753174603174525
130238_1767717000,130238,2026-01-06 16:30:00,2,-55.0,-17.13611111111112,-37.86388888888888,37.86388888888888
135081_1767717000,135081,2026-01-06 16:30:00,2,92.0,107.88714285714276,-15.887142857142763,15.887142857142763
135081_1767717300,135081,2026-01-06 16:35:00,2,-22.0,-15.917063492063493,-6.082936507936507,6.082936507936507
130238_1767717300,130238,2026-01-06 16:35:00,2,-41.0,89.35896825396826,-130.35896825396827,130.35896825396827
130238_1767717600,130238,2026-01-06 16:40:00,2,-57.0,-41.330396825396804,-15.669603174603196,15.669603174603196
135081_1767717600,135081,2026-01-06 16:40:00,2,-133.0,-1.8553174603174596,-131.14468253968255,131.14468253968255
135081_1767717900,135081,2026-01-06 16:45:00,2,-127.0,-40.83928571428571,-86.16071428571429,86.16071428571429
130238_1767717900,130238,2026-01-06 16:45:00,2,-92.0,-13.768095238095242,-78.23190476190476,78.23190476190476
130238_1767718200,130238,2026-01-06 16:50:00,2,-38.0,-19.867142857142856,-18.132857142857144,18.132857142857144
135081_1767718200,135081,2026-01-06 16:50:00,2,-51.0,-76.2479365079365,25.2479365079365,25.2479365079365
135081_1767718500,135081,2026-01-06 16:55:00,2,-77.0,-79.28,2.280000000000001,2.280000000000001
130238_1767718500,130238,2026-01-06 16:55:00,2,-3.0,-29.692222222222238,26.692222222222238,26.692222222222238
130238_1767718800,130238,2026-01-06 17:00:00,2,-85.0,-22.567936507936505,-62.43206349206349,62.43206349206349
135081_1767718800,135081,2026-01-06 17:00:00,2,-153.0,-97.88309523809528,-55.11690476190472,55.11690476190472
135081_1767719100,135081,2026-01-06 17:05:00,2,-144.0,-90.78888888888883,-53.211111111111165,53.211111111111165
130238_1767719100,130238,2026-01-06 17:05:00,2,99.0,49.93936507936508,49.06063492063492,49.06063492063492
135081_1767719400,135081,2026-01-06 17:10:00,2,-123.0,-59.11611111111109,-63.88388888888891,63.88388888888891
130238_1767719400,130238,2026-01-06 17:10:00,2,160.0,53.01412698412698,106.98587301587301,106.98587301587301
135081_1767719700,135081,2026-01-06 17:15:00,2,-137.0,-89.10198412698412,-47.89801587301588,47.89801587301588
130238_1767719700,130238,2026-01-06 17:15:00,2,134.0,62.76619047619056,71.23380952380944,71.23380952380944
130238_1767720000,130238,2026-01-06 17:20:00,2,35.0,79.02888888888891,-44.028888888888915,44.028888888888915
135081_1767720000,135081,2026-01-06 17:20:00,2,-199.0,-143.35666666666665,-55.643333333333345,55.643333333333345
135081_1767720300,135081,2026-01-06 17:25:00,2,-231.0,-135.94206349206354,-95.05793650793646,95.05793650793646
130238_1767720300,130238,2026-01-06 17:25:00,2,41.0,83.55587301587308,-42.555873015873075,42.555873015873075
135081_1767720600,135081,2026-01-06 17:30:00,2,-180.0,-82.79341269841272,-97.20658730158728,97.20658730158728
130238_1767720600,130238,2026-01-06 17:30:00,2,-64.0,23.649523809523814,-87.64952380952381,87.64952380952381
135081_1767720900,135081,2026-01-06 17:35:00,2,-34.0,-5.738253968253971,-28.26174603174603,28.26174603174603
130238_1767720900,130238,2026-01-06 17:35:00,2,-125.0,-18.301190476190484,-106.69880952380952,106.69880952380952
130238_1767721200,130238,2026-01-06 17:40:00,2,-103.0,16.7697619047619,-119.7697619047619,119.7697619047619
135081_1767721200,135081,2026-01-06 17:40:00,2,4.0,-38.319126984127,42.319126984127,42.319126984127
135081_1767721500,135081,2026-01-06 17:45:00,2,12.0,-22.34325396825398,34.343253968253975,34.343253968253975
130238_1767721500,130238,2026-01-06 17:45:00,2,-170.0,-79.08587301587299,-90.91412698412701,90.91412698412701
135081_1767721800,135081,2026-01-06 17:50:00,2,48.0,7.708253968253968,40.29174603174603,40.29174603174603
132430_1767722400,132430,2026-01-06 18:00:00,2,380.0,393.4246031746033,-13.424603174603305,13.424603174603305
132430_1767722700,132430,2026-01-06 18:05:00,2,324.0,377.7276984126983,-53.72769841269832,53.72769841269832
132430_1767723000,132430,2026-01-06 18:10:00,2,452.0,396.5474603174604,55.45253968253962,55.45253968253962
132430_1767723300,132430,2026-01-06 18:15:00,2,333.0,332.61873015873016,0.381269841269841,0.381269841269841
132430_1767723600,132430,2026-01-06 18:20:00,2,310.0,305.83666666666664,4.163333333333355,4.163333333333355
132430_1767723900,132430,2026-01-06 18:25:00,2,285.0,332.04555555555555,-47.04555555555555,47.04555555555555
132430_1767724200,132430,2026-01-06 18:30:00,2,309.0,289.84515873015863,19.15484126984137,19.15484126984137
132430_1767724500,132430,2026-01-06 18:35:00,2,299.0,301.1897619047618,-2.189761904761781,2.189761904761781
132430_1767724800,132430,2026-01-06 18:40:00,2,45.0,137.54126984126987,-92.54126984126987,92.54126984126987
132430_1767725100,132430,2026-01-06 18:45:00,2,45.0,105.90357142857141,-60.90357142857141,60.90357142857141
132430_1767725400,132430,2026-01-06 18:50:00,2,-1.0,60.47261904761907,-61.47261904761907,61.47261904761907
132430_1767725700,132430,2026-01-06 18:55:00,2,27.0,82.97547619047616,-55.97547619047616,55.97547619047616
135081_1767726000,135081,2026-01-06 19:00:00,2,311.0,194.33571428571415,116.66428571428585,116.66428571428585
135081_1767726300,135081,2026-01-06 19:05:00,2,146.0,189.9597619047619,-43.959761904761905,43.959761904761905
135081_1767726600,135081,2026-01-06 19:10:00,2,53.0,60.36103174603174,-7.361031746031742,7.361031746031742
135081_1767726900,135081,2026-01-06 19:15:00,2,-68.0,33.4818253968254,-101.4818253968254,101.4818253968254
135081_1767727200,135081,2026-01-06 19:20:00,2,-32.0,-0.03095238095238184,-31.96904761904762,31.96904761904762
135081_1767727500,135081,2026-01-06 19:25:00,2,-15.0,8.618968253968253,-23.618968253968255,23.618968253968255
132430_1767729600,132430,2026-01-06 20:00:00,2,21.0,87.32230158730157,-66.32230158730157,66.32230158730157
132430_1767729900,132430,2026-01-06 20:05:00,2,177.0,133.56555555555562,43.43444444444438,43.43444444444438
132430_1767730200,132430,2026-01-06 20:10:00,2,173.0,114.35960317460321,58.64039682539679,58.64039682539679
132430_1767730500,132430,2026-01-06 20:15:00,2,146.0,80.42912698412695,65.57087301587305,65.57087301587305
132430_1767730800,132430,2026-01-06 20:20:00,2,234.0,200.73928571428556,33.26071428571444,33.26071428571444
132430_1767731100,132430,2026-01-06 20:25:00,2,277.0,238.4732539682541,38.52674603174589,38.52674603174589
132430_1767731400,132430,2026-01-06 20:30:00,2,192.0,221.4346031746031,-29.434603174603097,29.434603174603097
132430_1767731700,132430,2026-01-06 20:35:00,2,201.0,200.67190476190484,0.32809523809515895,0.32809523809515895
132430_1767732000,132430,2026-01-06 20:40:00,2,167.0,205.9992063492064,-38.99920634920639,38.99920634920639
132430_1767732300,132430,2026-01-06 20:45:00,2,337.0,231.84222222222212,105.15777777777788,105.15777777777788
132430_1767732600,132430,2026-01-06 20:50:00,2,338.0,293.40944444444443,44.59055555555557,44.59055555555557
135081_1767732600,135081,2026-01-06 20:50:00,2,79.0,63.22817460317461,15.771825396825392,15.771825396825392
132430_1767732900,132430,2026-01-06 20:55:00,2,238.0,252.39785714285716,-14.397857142857163,14.397857142857163
135081_1767732900,135081,2026-01-06 20:55:00,2,136.0,124.4984126984127,11.501587301587307,11.501587301587307
135081_1767733200,135081,2026-01-06 21:00:00,2,40.0,83.93119047619047,-43.931190476190466,43.931190476190466
132430_1767733200,132430,2026-01-06 21:00:00,2,153.0,199.2529365079366,-46.252936507936596,46.252936507936596
132430_1767733500,132430,2026-01-06 21:05:00,2,168.0,233.7348412698412,-65.73484126984121,65.73484126984121
135081_1767733500,135081,2026-01-06 21:05:00,2,44.0,119.20698412698412,-75.20698412698412,75.20698412698412
135081_1767733800,135081,2026-01-06 21:10:00,2,51.0,114.83380952380955,-63.83380952380955,63.83380952380955
132430_1767733800,132430,2026-01-06 21:10:00,2,179.0,174.49436507936502,4.505634920634975,4.505634920634975
135081_1767734100,135081,2026-01-06 21:15:00,2,-16.0,25.0706349206349,-41.0706349206349,41.0706349206349
132430_1767734100,132430,2026-01-06 21:15:00,2,96.0,144.39849206349203,-48.39849206349203,48.39849206349203
135081_1767734400,135081,2026-01-06 21:20:00,2,-59.0,-13.773571428571428,-45.22642857142857,45.22642857142857
135081_1767734700,135081,2026-01-06 21:25:00,2,-170.0,-31.515714285714278,-138.48428571428573,138.48428571428573
135081_1767736800,135081,2026-01-06 22:00:00,2,-98.0,-62.977142857142866,-35.022857142857134,35.022857142857134
135081_1767737100,135081,2026-01-06 22:05:00,2,37.0,2.8785714285714303,34.12142857142857,34.12142857142857
135081_1767737400,135081,2026-01-06 22:10:00,2,13.0,-17.227857142857147,30.227857142857147,30.227857142857147
135081_1767737700,135081,2026-01-06 22:15:00,2,172.0,109.17746031746036,62.82253968253964,62.82253968253964
132430_1767738000,132430,2026-01-06 22:20:00,2,90.0,86.50873015873015,3.4912698412698546,3.4912698412698546
135081_1767738000,135081,2026-01-06 22:20:00,2,87.0,80.39992063492066,6.600079365079338,6.600079365079338
135081_1767738300,135081,2026-01-06 22:25:00,2,73.0,95.98404761904757,-22.984047619047573,22.984047619047573
132430_1767738300,132430,2026-01-06 22:25:00,2,108.0,113.89849206349211,-5.898492063492114,5.898492063492114
132430_1767740400,132430,2026-01-06 23:00:00,2,151.0,122.8284920634921,28.171507936507894,28.171507936507894
132430_1767740700,132430,2026-01-06 23:05:00,2,124.0,127.78761904761902,-3.7876190476190175,3.7876190476190175
132430_1767741000,132430,2026-01-06 23:10:00,2,60.0,126.22690476190476,-66.22690476190476,66.22690476190476
132430_1767741300,132430,2026-01-06 23:15:00,2,85.0,114.7695238095238,-29.769523809523804,29.769523809523804
132430_1767741600,132430,2026-01-06 23:20:00,2,189.0,141.16071428571425,47.83928571428575,47.83928571428575
132430_1767741900,132430,2026-01-06 23:25:00,2,160.0,129.7389682539682,30.26103174603179,30.26103174603179
132430_1767742200,132430,2026-01-06 23:30:00,2,74.0,135.46714285714282,-61.46714285714282,61.46714285714282
132430_1767743400,132430,2026-01-06 23:50:00,2,91.0,93.55579365079362,-2.5557936507936176,2.5557936507936176
132430_1767743700,132430,2026-01-06 23:55:00,2,154.0,129.89563492063496,24.10436507936504,24.10436507936504
122658_1767681000,122658,2026-01-06 06:30:00,3,181.0,191.7179365079365,-10.717936507936514,10.717936507936514
122658_1767681300,122658,2026-01-06 06:35:00,3,0.0,38.974365079365064,-38.974365079365064,38.974365079365064
122658_1767681600,122658,2026-01-06 06:40:00,3,0.0,33.57825396825397,-33.57825396825397,33.57825396825397
122658_1767681900,122658,2026-01-06 06:45:00,3,0.0,29.26912698412696,-29.26912698412696,29.26912698412696
122658_1767682200,122658,2026-01-06 06:50:00,3,0.0,9.444365079365083,-9.444365079365083,9.444365079365083
122658_1767682500,122658,2026-01-06 06:55:00,3,0.0,8.631746031746033,-8.631746031746033,8.631746031746033
122658_1767682800,122658,2026-01-06 07:00:00,3,0.0,4.890079365079365,-4.890079365079365,4.890079365079365
122658_1767683100,122658,2026-01-06 07:05:00,3,0.0,4.449682539682538,-4.449682539682538,4.449682539682538
122658_1767683400,122658,2026-01-06 07:10:00,3,-11.0,15.165873015873016,-26.165873015873018,26.165873015873018
122658_1767683700,122658,2026-01-06 07:15:00,3,96.0,78.56150793650791,17.43849206349209,17.43849206349209
122658_1767684000,122658,2026-01-06 07:20:00,3,58.0,90.85674603174604,-32.85674603174604,32.85674603174604
122658_1767684300,122658,2026-01-06 07:25:00,3,118.0,136.475,-18.474999999999994,18.474999999999994
122658_1767684600,122658,2026-01-06 07:30:00,3,97.0,132.99611111111105,-35.99611111111105,35.99611111111105
122658_1767684900,122658,2026-01-06 07:35:00,3,97.0,108.49031746031746,-11.490317460317456,11.490317460317456
122658_1767685200,122658,2026-01-06 07:40:00,3,0.0,38.65761904761906,-38.65761904761906,38.65761904761906
122658_1767685500,122658,2026-01-06 07:45:00,3,0.0,-0.8347619047619045,0.8347619047619045,0.8347619047619045
122658_1767685800,122658,2026-01-06 07:50:00,3,0.0,26.934841269841268,-26.934841269841268,26.934841269841268
122658_1767686100,122658,2026-01-06 07:55:00,3,0.0,2.351349206349206,-2.351349206349206,2.351349206349206
122658_1767688200,122658,2026-01-06 08:30:00,3,137.0,126.01499999999997,10.985000000000028,10.985000000000028
122658_1767688500,122658,2026-01-06 08:35:00,3,-33.0,25.609523809523818,-58.60952380952382,58.60952380952382
122658_1767688800,122658,2026-01-06 08:40:00,3,-34.0,72.27738095238094,-106.27738095238094,106.27738095238094
122658_1767689100,122658,2026-01-06 08:45:00,3,-34.0,-21.723888888888887,-12.276111111111113,12.276111111111113
122658_1767689400,122658,2026-01-06 08:50:00,3,-34.0,-40.38333333333332,6.383333333333319,6.383333333333319
122658_1767689700,122658,2026-01-06 08:55:00,3,-34.0,-20.059999999999995,-13.940000000000005,13.940000000000005
122658_1767690000,122658,2026-01-06 09:00:00,3,-34.0,-18.061587301587295,-15.938412698412705,15.938412698412705
122658_1767690300,122658,2026-01-06 09:05:00,3,-34.0,-32.45714285714287,-1.5428571428571303,1.5428571428571303
122658_1767690600,122658,2026-01-06 09:10:00,3,-34.0,-35.17333333333333,1.173333333333332,1.173333333333332
122658_1767690900,122658,2026-01-06 09:15:00,3,-34.0,-2.539761904761904,-31.460238095238097,31.460238095238097
122658_1767700800,122658,2026-01-06 12:00:00,3,143.0,198.71476190476196,-55.71476190476196,55.71476190476196
122658_1767701100,122658,2026-01-06 12:05:00,3,121.0,182.12396825396817,-61.12396825396817,61.12396825396817
122658_1767701700,122658,2026-01-06 12:15:00,3,0.0,61.39626984126984,-61.39626984126984,61.39626984126984
122658_1767702000,122658,2026-01-06 12:20:00,3,0.0,42.37222222222222,-42.37222222222222,42.37222222222222
122658_1767702300,122658,2026-01-06 12:25:00,3,0.0,31.6473015873016,-31.6473015873016,31.6473015873016
122658_1767702600,122658,2026-01-06 12:30:00,3,0.0,3.217460317460317,-3.217460317460317,3.217460317460317
122658_1767702900,122658,2026-01-06 12:35:00,3,0.0,0.3628571428571428,-0.3628571428571428,0.3628571428571428
122658_1767703200,122658,2026-01-06 12:40:00,3,0.0,-2.6378571428571433,2.6378571428571433,2.6378571428571433
122658_1767703500,122658,2026-01-06 12:45:00,3,0.0,-5.265317460317463,5.265317460317463,5.265317460317463
122658_1767703800,122658,2026-01-06 12:50:00,3,103.0,70.49626984126982,32.50373015873018,32.50373015873018
122658_1767704100,122658,2026-01-06 12:55:00,3,252.0,123.85603174603172,128.1439682539683,128.1439682539683
122658_1767704400,122658,2026-01-06 13:00:00,3,289.0,241.4766666666669,47.52333333333311,47.52333333333311
122658_1767704700,122658,2026-01-06 13:05:00,3,321.0,232.0183333333333,88.98166666666671,88.98166666666671
122658_1767705000,122658,2026-01-06 13:10:00,3,406.0,347.8277777777777,58.172222222222274,58.172222222222274
122658_1767705600,122658,2026-01-06 13:20:00,3,0.0,35.43238095238095,-35.43238095238095,35.43238095238095
122658_1767705900,122658,2026-01-06 13:25:00,3,0.0,1.6972222222222206,-1.6972222222222206,1.6972222222222206
122658_1767713100,122658,2026-01-06 15:25:00,3,27.0,36.814761904761895,-9.814761904761895,9.814761904761895
122658_1767713400,122658,2026-01-06 15:30:00,3,86.0,56.204126984127015,29.795873015872985,29.795873015872985
122658_1767713700,122658,2026-01-06 15:35:00,3,159.0,87.78523809523811,71.21476190476189,71.21476190476189
122658_1767714000,122658,2026-01-06 15:40:00,3,225.0,203.2954761904761,21.70452380952389,21.70452380952389
122658_1767714300,122658,2026-01-06 15:45:00,3,348.0,240.2019841269842,107.7980158730158,107.7980158730158
122658_1767714600,122658,2026-01-06 15:50:00,3,362.0,163.8763492063493,198.1236507936507,198.1236507936507
122658_1767714900,122658,2026-01-06 15:55:00,3,2.0,78.73634920634922,-76.73634920634922,76.73634920634922
122658_1767715200,122658,2026-01-06 16:00:00,3,0.0,47.56825396825397,-47.56825396825397,47.56825396825397
122658_1767715500,122658,2026-01-06 16:05:00,3,0.0,29.97126984126985,-29.97126984126985,29.97126984126985
122658_1767715800,122658,2026-01-06 16:10:00,3,0.0,9.246507936507937,-9.246507936507937,9.246507936507937
122658_1767716100,122658,2026-01-06 16:15:00,3,0.0,2.0453174603174604,-2.0453174603174604,2.0453174603174604
122658_1767716400,122658,2026-01-06 16:20:00,3,0.0,6.553412698412697,-6.553412698412697,6.553412698412697
122658_1767716700,122658,2026-01-06 16:25:00,3,0.0,-0.4459523809523809,0.4459523809523809,0.4459523809523809
122658_1767717000,122658,2026-01-06 16:30:00,3,0.0,5.126269841269843,-5.126269841269843,5.126269841269843
122658_1767717600,122658,2026-01-06 16:40:00,3,-46.0,45.71793650793651,-91.71793650793651,91.71793650793651
122658_1767717900,122658,2026-01-06 16:45:00,3,38.0,47.39000000000001,-9.390000000000008,9.390000000000008
122658_1767718200,122658,2026-01-06 16:50:00,3,39.0,51.33142857142861,-12.33142857142861,12.33142857142861
122658_1767718500,122658,2026-01-06 16:55:00,3,63.0,78.16214285714285,-15.162142857142854,15.162142857142854
122658_1767718800,122658,2026-01-06 17:00:00,3,107.0,82.13436507936505,24.865634920634946,24.865634920634946
122658_1767719100,122658,2026-01-06 17:05:00,3,88.0,91.99865079365075,-3.9986507936507536,3.9986507936507536
122658_1767719400,122658,2026-01-06 17:10:00,3,0.0,63.42674603174604,-63.42674603174604,63.42674603174604
122658_1767719700,122658,2026-01-06 17:15:00,3,0.0,30.52976190476189,-30.52976190476189,30.52976190476189
122658_1767720000,122658,2026-01-06 17:20:00,3,0.0,36.03277777777778,-36.03277777777778,36.03277777777778
122658_1767720300,122658,2026-01-06 17:25:00,3,0.0,3.5505555555555555,-3.5505555555555555,3.5505555555555555
122658_1767720600,122658,2026-01-06 17:30:00,3,0.0,9.252619047619048,-9.252619047619048,9.252619047619048
122658_1767720900,122658,2026-01-06 17:35:00,3,0.0,22.020714285714284,-22.020714285714284,22.020714285714284
122658_1767721200,122658,2026-01-06 17:40:00,3,0.0,13.793492063492064,-13.793492063492064,13.793492063492064
134494_1767738000,134494,2026-01-06 22:20:00,3,0.0,6.491111111111109,-6.491111111111109,6.491111111111109
134494_1767738300,134494,2026-01-06 22:25:00,3,0.0,4.6469047619047625,-4.6469047619047625,4.6469047619047625
134494_1767738600,134494,2026-01-06 22:30:00,3,0.0,3.750238095238096,-3.750238095238096,3.750238095238096
134494_1767738900,134494,2026-01-06 22:35:00,3,0.0,2.0280952380952377,-2.0280952380952377,2.0280952380952377
134494_1767739200,134494,2026-01-06 22:40:00,3,0.0,2.4765079365079368,-2.4765079365079368,2.4765079365079368
134494_1767739500,134494,2026-01-06 22:45:00,3,0.0,1.973730158730159,-1.973730158730159,1.973730158730159
134494_1767739800,134494,2026-01-06 22:50:00,3,0.0,-0.8198412698412697,0.8198412698412697,0.8198412698412697
134494_1767740100,134494,2026-01-06 22:55:00,3,0.0,-1.9148412698412702,1.9148412698412702,1.9148412698412702
134494_1767742200,134494,2026-01-06 23:30:00,3,0.0,-0.8572222222222222,0.8572222222222222,0.8572222222222222
134494_1767742500,134494,2026-01-06 23:35:00,3,0.0,2.171666666666667,-2.171666666666667,2.171666666666667
134494_1767742800,134494,2026-01-06 23:40:00,3,0.0,3.1714285714285717,-3.1714285714285717,3.1714285714285717
134494_1767743100,134494,2026-01-06 23:45:00,3,0.0,8.491984126984125,-8.491984126984125,8.491984126984125
133957_1767666600,133957,2026-01-06 02:30:00,4,-32.0,-10.744761904761912,-21.255238095238088,21.255238095238088
133957_1767666900,133957,2026-01-06 02:35:00,4,-32.0,20.02460317460317,-52.02460317460317,52.02460317460317
133957_1767667200,133957,2026-01-06 02:40:00,4,17.0,15.599841269841265,1.4001587301587346,1.4001587301587346
133957_1767667500,133957,2026-01-06 02:45:00,4,-66.0,15.013650793650799,-81.0136507936508,81.0136507936508
133957_1767667800,133957,2026-01-06 02:50:00,4,-74.0,-15.33642857142857,-58.66357142857143,58.66357142857143
133957_1767668100,133957,2026-01-06 02:55:00,4,-61.0,-23.27404761904764,-37.725952380952364,37.725952380952364
133957_1767668400,133957,2026-01-06 03:00:00,4,-34.0,14.112063492063486,-48.112063492063484,48.112063492063484
133957_1767669300,133957,2026-01-06 03:15:00,4,46.0,29.792380952380952,16.207619047619048,16.207619047619048
133957_1767669600,133957,2026-01-06 03:20:00,4,58.0,54.24071428571429,3.75928571428571,3.75928571428571
133957_1767669900,133957,2026-01-06 03:25:00,4,40.0,48.78214285714286,-8.782142857142858,8.782142857142858
133957_1767670200,133957,2026-01-06 03:30:00,4,133.0,63.71277777777777,69.28722222222223,69.28722222222223
133957_1767670500,133957,2026-01-06 03:35:00,4,55.0,49.5713492063492,5.428650793650803,5.428650793650803
133957_1767670800,133957,2026-01-06 03:40:00,4,-10.0,28.17396825396825,-38.173968253968255,38.173968253968255
133957_1767671100,133957,2026-01-06 03:45:00,4,-86.0,51.33309523809522,-137.3330952380952,137.3330952380952
133957_1767671400,133957,2026-01-06 03:50:00,4,-86.0,-49.50452380952384,-36.49547619047616,36.49547619047616
133957_1767671700,133957,2026-01-06 03:55:00,4,-40.0,-28.38103174603175,-11.618968253968252,11.618968253968252
133957_1767672000,133957,2026-01-06 04:00:00,4,-29.0,-29.299682539682514,0.29968253968251446,0.29968253968251446
133957_1767672300,133957,2026-01-06 04:05:00,4,-51.0,-64.4946031746032,13.4946031746032,13.4946031746032
133957_1767672600,133957,2026-01-06 04:10:00,4,-8.0,-43.5824603174603,35.5824603174603,35.5824603174603
133957_1767672900,133957,2026-01-06 04:15:00,4,-34.0,-37.12341269841271,3.1234126984127073,3.1234126984127073
133957_1767673800,133957,2026-01-06 04:30:00,4,32.0,35.56333333333333,-3.5633333333333326,3.5633333333333326
133957_1767674100,133957,2026-01-06 04:35:00,4,43.0,51.49650793650793,-8.496507936507932,8.496507936507932
133957_1767674400,133957,2026-01-06 04:40:00,4,74.0,52.19380952380955,21.80619047619045,21.80619047619045
133957_1767674700,133957,2026-01-06 04:45:00,4,171.0,77.75111111111116,93.24888888888884,93.24888888888884
133957_1767675000,133957,2026-01-06 04:50:00,4,92.0,93.45230158730159,-1.4523015873015908,1.4523015873015908
133957_1767675300,133957,2026-01-06 04:55:00,4,5.0,31.068888888888864,-26.068888888888864,26.068888888888864
133957_1767675600,133957,2026-01-06 05:00:00,4,-10.0,-14.38119047619048,4.381190476190479,4.381190476190479
133957_1767675900,133957,2026-01-06 05:05:00,4,-32.0,22.253650793650788,-54.25365079365079,54.25365079365079
133957_1767676200,133957,2026-01-06 05:10:00,4,95.0,6.260714285714284,88.73928571428571,88.73928571428571
133957_1767676500,133957,2026-01-06 05:15:00,4,61.0,27.440079365079367,33.55992063492063,33.55992063492063
133957_1767676800,133957,2026-01-06 05:20:00,4,7.0,-5.602777777777779,12.602777777777778,12.602777777777778
133957_1767677100,133957,2026-01-06 05:25:00,4,-94.0,15.582698412698406,-109.5826984126984,109.5826984126984
133957_1767677400,133957,2026-01-06 05:30:00,4,-91.0,-3.916746031746031,-87.08325396825397,87.08325396825397
133957_1767679500,133957,2026-01-06 06:05:00,4,49.0,41.27777777777777,7.7222222222222285,7.7222222222222285
133957_1767679800,133957,2026-01-06 06:10:00,4,71.0,65.58428571428574,5.415714285714259,5.415714285714259
133957_1767680100,133957,2026-01-06 06:15:00,4,111.0,72.8953968253968,38.1046031746032,38.1046031746032
133957_1767680400,133957,2026-01-06 06:20:00,4,18.0,68.9053968253968,-50.90539682539681,50.90539682539681
133957_1767680700,133957,2026-01-06 06:25:00,4,39.0,78.43936507936509,-39.43936507936509,39.43936507936509
133957_1767681000,133957,2026-01-06 06:30:00,4,-30.0,13.01555555555555,-43.01555555555555,43.01555555555555
133957_1767681300,133957,2026-01-06 06:35:00,4,-59.0,-22.20738095238095,-36.79261904761905,36.79261904761905
133957_1767681600,133957,2026-01-06 06:40:00,4,-30.0,-8.424523809523807,-21.575476190476195,21.575476190476195
133957_1767681900,133957,2026-01-06 06:45:00,4,-58.0,-34.36039682539682,-23.63960317460318,23.63960317460318
133957_1767682200,133957,2026-01-06 06:50:00,4,-19.0,-58.808095238095255,39.808095238095255,39.808095238095255
133957_1767682500,133957,2026-01-06 06:55:00,4,-45.0,-25.450238095238102,-19.549761904761898,19.549761904761898
133957_1767682800,133957,2026-01-06 07:00:00,4,-74.0,-44.93055555555554,-29.069444444444457,29.069444444444457
133957_1767683100,133957,2026-01-06 07:05:00,4,-8.0,-17.595952380952387,9.595952380952387,9.595952380952387
133957_1767683700,133957,2026-01-06 07:15:00,4,10.0,23.541666666666657,-13.541666666666657,13.541666666666657
133957_1767684000,133957,2026-01-06 07:20:00,4,33.0,62.683809523809536,-29.683809523809536,29.683809523809536
133957_1767684300,133957,2026-01-06 07:25:00,4,71.0,83.19325396825398,-12.193253968253984,12.193253968253984
122613_1767689700,122613,2026-01-06 08:55:00,4,49.0,49.83158730158733,-0.8315873015873265,0.8315873015873265
133957_1767690000,133957,2026-01-06 09:00:00,4,-116.0,-64.46865079365081,-51.53134920634919,51.53134920634919
133957_1767690300,133957,2026-01-06 09:05:00,4,-68.0,-82.84222222222229,14.84222222222229,14.84222222222229
133957_1767690600,133957,2026-01-06 09:10:00,4,-88.0,-83.96603174603179,-4.033968253968212,4.033968253968212
133957_1767690900,133957,2026-01-06 09:15:00,4,-111.0,-77.52460317460324,-33.47539682539676,33.47539682539676
133957_1767691200,133957,2026-01-06 09:20:00,4,9.0,-33.93484126984126,42.93484126984126,42.93484126984126
133957_1767691800,133957,2026-01-06 09:30:00,4,48.0,32.495952380952396,15.504047619047604,15.504047619047604
133957_1767692100,133957,2026-01-06 09:35:00,4,50.0,47.62626984126983,2.3737301587301687,2.3737301587301687
133957_1767692400,133957,2026-01-06 09:40:00,4,223.0,62.84293650793651,160.1570634920635,160.1570634920635
133957_1767692700,133957,2026-01-06 09:45:00,4,191.0,107.83293650793642,83.16706349206358,83.16706349206358
133957_1767693000,133957,2026-01-06 09:50:00,4,80.0,77.42039682539681,2.579603174603193,2.579603174603193
133957_1767693300,133957,2026-01-06 09:55:00,4,23.0,66.73984126984128,-43.73984126984128,43.73984126984128
122613_1767693600,122613,2026-01-06 10:00:00,4,-180.0,-144.20523809523806,-35.79476190476194,35.79476190476194
133957_1767693600,133957,2026-01-06 10:00:00,4,-24.0,44.406111111111095,-68.4061111111111,68.4061111111111
122613_1767693900,122613,2026-01-06 10:05:00,4,-108.0,-92.44515873015878,-15.55484126984122,15.55484126984122
133957_1767693900,133957,2026-01-06 10:05:00,4,13.0,39.79888888888888,-26.798888888888882,26.798888888888882
122613_1767694200,122613,2026-01-06 10:10:00,4,-140.0,-87.8015873015873,-52.198412698412696,52.198412698412696
133957_1767694200,133957,2026-01-06 10:10:00,4,21.0,43.57031746031746,-22.57031746031746,22.57031746031746
122613_1767694500,122613,2026-01-06 10:15:00,4,-70.0,-61.98007936507936,-8.019920634920638,8.019920634920638
133957_1767694500,133957,2026-01-06 10:15:00,4,-22.0,-35.7231746031746,13.723174603174598,13.723174603174598
133957_1767694800,133957,2026-01-06 10:20:00,4,24.0,54.53158730158732,-30.531587301587322,30.531587301587322
122613_1767694800,122613,2026-01-06 10:20:00,4,-38.0,-41.83603174603172,3.836031746031722,3.836031746031722
122613_1767695100,122613,2026-01-06 10:25:00,4,30.0,15.21031746031745,14.78968253968255,14.78968253968255
133957_1767695100,133957,2026-01-06 10:25:00,4,-17.0,-32.51428571428572,15.51428571428572,15.51428571428572
122613_1767695400,122613,2026-01-06 10:30:00,4,123.0,58.44325396825397,64.55674603174603,64.55674603174603
133957_1767695400,133957,2026-01-06 10:30:00,4,28.0,15.68380952380952,12.31619047619048,12.31619047619048
122613_1767695700,122613,2026-01-06 10:35:00,4,61.0,71.48968253968255,-10.489682539682548,10.489682539682548
133957_1767696000,133957,2026-01-06 10:40:00,4,138.0,43.40857142857144,94.59142857142857,94.59142857142857
133957_1767696300,133957,2026-01-06 10:45:00,4,156.0,112.45396825396823,43.54603174603177,43.54603174603177
133957_1767696600,133957,2026-01-06 10:50:00,4,185.0,134.63222222222217,50.36777777777783,50.36777777777783
122613_1767696900,122613,2026-01-06 10:55:00,4,0.0,30.757063492063505,-30.757063492063505,30.757063492063505
133957_1767696900,133957,2026-01-06 10:55:00,4,111.0,133.50412698412703,-22.504126984127026,22.504126984127026
133957_1767697200,133957,2026-01-06 11:00:00,4,64.0,96.69309523809524,-32.69309523809524,32.69309523809524
133957_1767697500,133957,2026-01-06 11:05:00,4,3.0,115.33730158730152,-112.33730158730152,112.33730158730152
133957_1767697800,133957,2026-01-06 11:10:00,4,18.0,38.816666666666684,-20.816666666666684,20.816666666666684
133957_1767698100,133957,2026-01-06 11:15:00,4,-47.0,-23.686587301587306,-23.313412698412694,23.313412698412694
133957_1767698400,133957,2026-01-06 11:20:00,4,-69.0,22.74015873015871,-91.74015873015871,91.74015873015871
133957_1767698700,133957,2026-01-06 11:25:00,4,-145.0,-72.81023809523812,-72.18976190476188,72.18976190476188
133957_1767699000,133957,2026-01-06 11:30:00,4,-96.0,-113.93396825396829,17.93396825396829,17.93396825396829
122613_1767699000,122613,2026-01-06 11:30:00,4,0.0,29.25206349206347,-29.25206349206347,29.25206349206347
122613_1767699300,122613,2026-01-06 11:35:00,4,0.0,-11.971507936507935,11.971507936507935,11.971507936507935
133957_1767699300,133957,2026-01-06 11:35:00,4,-249.0,-146.48261904761912,-102.51738095238088,102.51738095238088
133957_1767699600,133957,2026-01-06 11:40:00,4,-254.0,-139.4853968253968,-114.5146031746032,114.5146031746032
122613_1767699600,122613,2026-01-06 11:40:00,4,-145.0,-81.79682539682537,-63.20317460317463,63.20317460317463
133957_1767699900,133957,2026-01-06 11:45:00,4,-158.0,-30.136666666666667,-127.86333333333333,127.86333333333333
122613_1767699900,122613,2026-01-06 11:45:00,4,-230.0,-76.82666666666667,-153.17333333333335,153.17333333333335
133957_1767700200,133957,2026-01-06 11:50:00,4,80.0,124.5319841269841,-44.5319841269841,44.5319841269841
122613_1767700200,122613,2026-01-06 11:50:00,4,-116.0,-83.23206349206353,-32.76793650793647,32.76793650793647
133957_1767700500,133957,2026-01-06 11:55:00,4,42.0,17.659206349206354,24.340793650793646,24.340793650793646
122613_1767700500,122613,2026-01-06 11:55:00,4,-79.0,-78.42182539682543,-0.578174603174574,0.578174603174574
122613_1767700800,122613,2026-01-06 12:00:00,4,-50.0,-53.73761904761903,3.7376190476190274,3.7376190476190274
122613_1767701100,122613,2026-01-06 12:05:00,4,-155.0,-77.70119047619045,-77.29880952380955,77.29880952380955
122613_1767701400,122613,2026-01-06 12:10:00,4,-175.0,-118.06000000000003,-56.93999999999997,56.93999999999997
122613_1767701700,122613,2026-01-06 12:15:00,4,-47.0,-60.26404761904766,13.264047619047659,13.264047619047659
122613_1767702000,122613,2026-01-06 12:20:00,4,-61.0,-29.09007936507938,-31.90992063492062,31.90992063492062
122613_1767702300,122613,2026-01-06 12:25:00,4,66.0,20.18,45.82,45.82
133957_1767702600,133957,2026-01-06 12:30:00,4,172.0,81.57714285714295,90.42285714285705,90.42285714285705
133957_1767702900,133957,2026-01-06 12:35:00,4,97.0,83.89976190476187,13.100238095238126,13.100238095238126
133957_1767703200,133957,2026-01-06 12:40:00,4,101.0,102.03007936507935,-1.0300793650793452,1.0300793650793452
133957_1767703500,133957,2026-01-06 12:45:00,4,161.0,132.50833333333335,28.491666666666646,28.491666666666646
133957_1767703800,133957,2026-01-06 12:50:00,4,40.0,78.76253968253968,-38.76253968253968,38.76253968253968
133957_1767704100,133957,2026-01-06 12:55:00,4,139.0,100.35246031746036,38.647539682539644,38.647539682539644
133957_1767705600,133957,2026-01-06 13:20:00,4,113.0,99.24103174603175,13.758968253968249,13.758968253968249
122613_1767705900,122613,2026-01-06 13:25:00,4,0.0,0.5418253968253975,-0.5418253968253975,0.5418253968253975
133957_1767705900,133957,2026-01-06 13:25:00,4,123.0,103.8010317460317,19.198968253968303,19.198968253968303
133957_1767708000,133957,2026-01-06 14:00:00,4,253.0,184.67507936507948,68.32492063492052,68.32492063492052
122613_1767708000,122613,2026-01-06 14:00:00,4,0.0,11.361031746031744,-11.361031746031744,11.361031746031744
133957_1767708300,133957,2026-01-06 14:05:00,4,180.0,110.95055555555561,69.04944444444439,69.04944444444439
122613_1767708300,122613,2026-01-06 14:05:00,4,0.0,-7.786825396825397,7.786825396825397,7.786825396825397
122613_1767708600,122613,2026-01-06 14:10:00,4,-77.0,-65.33976190476187,-11.660238095238128,11.660238095238128
133957_1767708600,133957,2026-01-06 14:10:00,4,238.0,152.28793650793656,85.71206349206344,85.71206349206344
122613_1767708900,122613,2026-01-06 14:15:00,4,0.0,-29.299841269841288,29.299841269841288,29.299841269841288
133957_1767708900,133957,2026-01-06 14:15:00,4,170.0,138.9692063492063,31.030793650793697,31.030793650793697
122613_1767709200,122613,2026-01-06 14:20:00,4,0.0,-5.1056349206349205,5.1056349206349205,5.1056349206349205
133957_1767709200,133957,2026-01-06 14:20:00,4,81.0,87.46285714285716,-6.46285714285716,6.46285714285716
122613_1767709500,122613,2026-01-06 14:25:00,4,0.0,-5.952857142857144,5.952857142857144,5.952857142857144
122613_1767709800,122613,2026-01-06 14:30:00,4,0.0,-3.57436507936508,3.57436507936508,3.57436507936508
122613_1767710100,122613,2026-01-06 14:35:00,4,0.0,-14.547142857142852,14.547142857142852,14.547142857142852
122613_1767710400,122613,2026-01-06 14:40:00,4,0.0,-12.696904761904758,12.696904761904758,12.696904761904758
122613_1767710700,122613,2026-01-06 14:45:00,4,0.0,-9.051190476190474,9.051190476190474,9.051190476190474
122613_1767711000,122613,2026-01-06 14:50:00,4,0.0,-3.6519047619047607,3.6519047619047607,3.6519047619047607
122613_1767711300,122613,2026-01-06 14:55:00,4,0.0,-1.2223015873015872,1.2223015873015872,1.2223015873015872
133957_1767711600,133957,2026-01-06 15:00:00,4,26.0,123.59190476190477,-97.59190476190477,97.59190476190477
133957_1767711900,133957,2026-01-06 15:05:00,4,17.0,57.45952380952381,-40.45952380952381,40.45952380952381
133957_1767712200,133957,2026-01-06 15:10:00,4,28.0,65.35690476190479,-37.35690476190479,37.35690476190479
133957_1767712500,133957,2026-01-06 15:15:00,4,-36.0,39.25682539682539,-75.25682539682539,75.25682539682539
133957_1767712800,133957,2026-01-06 15:20:00,4,-93.0,-48.94087301587301,-44.05912698412699,44.05912698412699
133957_1767713100,133957,2026-01-06 15:25:00,4,74.0,-65.02999999999999,139.02999999999997,139.02999999999997
122613_1767713400,122613,2026-01-06 15:30:00,4,0.0,5.08825396825397,-5.08825396825397,5.08825396825397
133957_1767713400,133957,2026-01-06 15:30:00,4,75.0,-18.135476190476176,93.13547619047617,93.13547619047617
122613_1767713700,122613,2026-01-06 15:35:00,4,0.0,12.16126984126984,-12.16126984126984,12.16126984126984
133957_1767713700,133957,2026-01-06 15:35:00,4,-11.0,11.668492063492067,-22.668492063492067,22.668492063492067
122613_1767714000,122613,2026-01-06 15:40:00,4,0.0,11.861031746031747,-11.861031746031747,11.861031746031747
122613_1767714300,122613,2026-01-06 15:45:00,4,0.0,16.079047619047614,-16.079047619047614,16.079047619047614
122613_1767714600,122613,2026-01-06 15:50:00,4,0.0,-2.8864285714285716,2.8864285714285716,2.8864285714285716
122613_1767714900,122613,2026-01-06 15:55:00,4,0.0,0.2111904761904766,-0.2111904761904766,0.2111904761904766
122613_1767715200,122613,2026-01-06 16:00:00,4,0.0,-1.2923015873015875,1.2923015873015875,1.2923015873015875
122613_1767715500,122613,2026-01-06 16:05:00,4,0.0,-16.14103174603175,16.14103174603175,16.14103174603175
122613_1767715800,122613,2026-01-06 16:10:00,4,-18.0,-31.858888888888877,13.858888888888877,13.858888888888877
122613_1767716100,122613,2026-01-06 16:15:00,4,11.0,-9.123412698412704,20.123412698412704,20.123412698412704
133957_1767716400,133957,2026-01-06 16:20:00,4,115.0,88.36722222222228,26.63277777777772,26.63277777777772
122613_1767716400,122613,2026-01-06 16:20:00,4,-88.0,-61.624444444444414,-26.375555555555586,26.375555555555586
122613_1767716700,122613,2026-01-06 16:25:00,4,-27.0,38.36642857142854,-65.36642857142854,65.36642857142854
133957_1767716700,133957,2026-01-06 16:25:00,4,104.0,90.99690476190477,13.003095238095227,13.003095238095227
122613_1767717000,122613,2026-01-06 16:30:00,4,-62.0,-56.7468253968254,-5.2531746031746,5.2531746031746
122613_1767717300,122613,2026-01-06 16:35:00,4,-54.0,-24.03301587301588,-29.96698412698412,29.96698412698412
122613_1767717600,122613,2026-01-06 16:40:00,4,-11.0,-45.77507936507935,34.77507936507935,34.77507936507935
122613_1767717900,122613,2026-01-06 16:45:00,4,55.0,-16.398492063492068,71.39849206349207,71.39849206349207
122613_1767718200,122613,2026-01-06 16:50:00,4,72.0,81.35936507936512,-9.35936507936512,9.35936507936512
122613_1767718500,122613,2026-01-06 16:55:00,4,72.0,50.48317460317458,21.516825396825418,21.516825396825418
133957_1767718800,133957,2026-01-06 17:00:00,4,-35.0,-13.891111111111112,-21.108888888888888,21.108888888888888
133957_1767719100,133957,2026-01-06 17:05:00,4,-113.0,-65.15587301587306,-47.844126984126945,47.844126984126945
133957_1767719400,133957,2026-01-06 17:10:00,4,-174.0,-52.45642857142858,-121.54357142857143,121.54357142857143
133957_1767719700,133957,2026-01-06 17:15:00,4,-173.0,-113.45079365079367,-59.54920634920633,59.54920634920633
133957_1767720000,133957,2026-01-06 17:20:00,4,-218.0,-106.52428571428578,-111.47571428571422,111.47571428571422
133957_1767720900,133957,2026-01-06 17:35:00,4,67.0,24.724206349206337,42.27579365079366,42.27579365079366
133957_1767721200,133957,2026-01-06 17:40:00,4,28.0,40.57325396825398,-12.57325396825398,12.57325396825398
133957_1767721500,133957,2026-01-06 17:45:00,4,83.0,73.2748412698413,9.725158730158697,9.725158730158697
133957_1767721800,133957,2026-01-06 17:50:00,4,-28.0,51.864365079365086,-79.86436507936509,79.86436507936509
133957_1767722100,133957,2026-01-06 17:55:00,4,-73.0,95.85738095238094,-168.85738095238094,168.85738095238094
133957_1767729000,133957,2026-01-06 19:50:00,4,39.0,76.87714285714289,-37.877142857142886,37.877142857142886
133957_1767729300,133957,2026-01-06 19:55:00,4,171.0,136.82460317460328,34.17539682539672,34.17539682539672
133957_1767729600,133957,2026-01-06 20:00:00,4,141.0,133.01706349206358,7.982936507936415,7.982936507936415
133957_1767729900,133957,2026-01-06 20:05:00,4,126.0,135.4162698412698,-9.41626984126981,9.41626984126981
133957_1767730200,133957,2026-01-06 20:10:00,4,83.0,186.1401587301587,-103.1401587301587,103.1401587301587
133957_1767730500,133957,2026-01-06 20:15:00,4,53.0,66.41063492063493,-13.410634920634934,13.410634920634934
133957_1767730800,133957,2026-01-06 20:20:00,4,38.0,128.44746031746033,-90.44746031746033,90.44746031746033
133957_1767731100,133957,2026-01-06 20:25:00,4,59.0,81.84468253968254,-22.844682539682537,22.844682539682537
133957_1767731400,133957,2026-01-06 20:30:00,4,46.0,18.44452380952381,27.55547619047619,27.55547619047619
133957_1767731700,133957,2026-01-06 20:35:00,4,116.0,98.69515873015874,17.304841269841262,17.304841269841262
133957_1767732000,133957,2026-01-06 20:40:00,4,129.0,98.8040476190476,30.195952380952406,30.195952380952406
133957_1767732600,133957,2026-01-06 20:50:00,4,39.0,73.19896825396829,-34.19896825396829,34.19896825396829
133957_1767732900,133957,2026-01-06 20:55:00,4,-49.0,71.48452380952378,-120.48452380952378,120.48452380952378
133957_1767733200,133957,2026-01-06 21:00:00,4,59.0,151.4964285714286,-92.4964285714286,92.4964285714286
133957_1767733500,133957,2026-01-06 21:05:00,4,28.0,43.61777777777776,-15.61777777777776,15.61777777777776
133957_1767733800,133957,2026-01-06 21:10:00,4,15.0,7.940317460317459,7.059682539682541,7.059682539682541
133957_1767734100,133957,2026-01-06 21:15:00,4,45.0,58.57626984126987,-13.57626984126987,13.57626984126987
133957_1767734400,133957,2026-01-06 21:20:00,4,7.0,21.523809523809522,-14.523809523809522,14.523809523809522
133957_1767734700,133957,2026-01-06 21:25:00,4,65.0,90.48984126984125,-25.48984126984125,25.48984126984125
133957_1767735000,133957,2026-01-06 21:30:00,4,21.0,-7.323015873015874,28.323015873015873,28.323015873015873
133957_1767735300,133957,2026-01-06 21:35:00,4,50.0,98.13325396825394,-48.13325396825394,48.13325396825394
133957_1767735600,133957,2026-01-06 21:40:00,4,77.0,30.56873015873014,46.43126984126986,46.43126984126986
133957_1767736800,133957,2026-01-06 22:00:00,4,32.0,39.74230158730162,-7.742301587301618,7.742301587301618
133957_1767737100,133957,2026-01-06 22:05:00,4,-8.0,79.21373015873016,-87.21373015873016,87.21373015873016
133957_1767737400,133957,2026-01-06 22:10:00,4,27.0,81.72833333333327,-54.72833333333327,54.72833333333327
133957_1767737700,133957,2026-01-06 22:15:00,4,-22.0,40.11238095238095,-62.11238095238095,62.11238095238095
133957_1767738000,133957,2026-01-06 22:20:00,4,-77.0,-5.618015873015874,-71.38198412698412,71.38198412698412
