sample_id,tr_id,T,fold,target,prediction,error,abs_error
122048_1767665400,122048,2026-01-06 02:10:00,0,-25.0,79.74849655315573,-104.74849655315573,104.74849655315573
122048_1767665700,122048,2026-01-06 02:15:00,0,0.0,192.37399199412877,-192.37399199412877,192.37399199412877
122048_1767666000,122048,2026-01-06 02:20:00,0,0.0,212.6446314321606,-212.6446314321606,212.6446314321606
122048_1767666300,122048,2026-01-06 02:25:00,0,0.0,1.433166187743078,-1.433166187743078,1.433166187743078
122048_1767666600,122048,2026-01-06 02:30:00,0,0.0,-51.56207499202944,51.56207499202944,51.56207499202944
129964_1767666600,129964,2026-01-06 02:30:00,0,44.0,11.270102899751933,32.72989710024807,32.72989710024807
122048_1767666900,122048,2026-01-06 02:35:00,0,0.0,60.42076942640966,-60.42076942640966,60.42076942640966
129964_1767666900,129964,2026-01-06 02:35:00,0,16.0,-61.16306049874109,77.16306049874109,77.16306049874109
122048_1767667200,122048,2026-01-06 02:40:00,0,0.0,-19.182758666068572,19.182758666068572,19.182758666068572
129964_1767667200,129964,2026-01-06 02:40:00,0,-27.0,-18.695255830807092,-8.304744169192908,8.304744169192908
122048_1767667500,122048,2026-01-06 02:45:00,0,0.0,28.440952264391413,-28.440952264391413,28.440952264391413
129964_1767667500,129964,2026-01-06 02:45:00,0,2.0,77.09889878247722,-75.09889878247722,75.09889878247722
122048_1767667800,122048,2026-01-06 02:50:00,0,0.0,-70.70862037278582,70.70862037278582,70.70862037278582
129964_1767667800,129964,2026-01-06 02:50:00,0,-70.0,31.159977577448153,-101.15997757744816,101.15997757744816
129964_1767668100,129964,2026-01-06 02:55:00,0,-76.0,-1.941103028762905,-74.05889697123709,74.05889697123709
122048_1767668100,122048,2026-01-06 02:55:00,0,0.0,39.89673465862334,-39.89673465862334,39.89673465862334
122048_1767668400,122048,2026-01-06 03:00:00,0,0.0,81.0485374176969,-81.0485374176969,81.0485374176969
122048_1767668700,122048,2026-01-06 03:05:00,0,0.0,52.60100273904428,-52.60100273904428,52.60100273904428
122048_1767669000,122048,2026-01-06 03:10:00,0,0.0,67.03502824838884,-67.03502824838884,67.03502824838884
122048_1767669300,122048,2026-01-06 03:15:00,0,0.0,-18.993406571405508,18.993406571405508,18.993406571405508
122048_1767669600,122048,2026-01-06 03:20:00,0,0.0,22.32179701540261,-22.32179701540261,22.32179701540261
122048_1767669900,122048,2026-01-06 03:25:00,0,0.0,-29.148116424494347,29.148116424494347,29.148116424494347
129964_1767670200,129964,2026-01-06 03:30:00,0,74.0,96.79607533964408,-22.796075339644077,22.796075339644077
122048_1767670200,122048,2026-01-06 03:30:00,0,0.0,4.872775629185057,-4.872775629185057,4.872775629185057
122048_1767670500,122048,2026-01-06 03:35:00,0,0.0,-4.023219378447251,4.023219378447251,4.023219378447251
129964_1767670500,129964,2026-01-06 03:35:00,0,61.0,11.472563328033928,49.52743667196607,49.52743667196607
129964_1767670800,129964,2026-01-06 03:40:00,0,-16.0,37.25400123118527,-53.25400123118527,53.25400123118527
122048_1767670800,122048,2026-01-06 03:40:00,0,0.0,62.19884572159991,-62.19884572159991,62.19884572159991
129964_1767671100,129964,2026-01-06 03:45:00,0,-55.0,-1.3314903088263321,-53.66850969117367,53.66850969117367
122048_1767671100,122048,2026-01-06 03:45:00,0,0.0,40.46764706375718,-40.46764706375718,40.46764706375718
122048_1767671400,122048,2026-01-06 03:50:00,0,0.0,-8.140087975681295,8.140087975681295,8.140087975681295
129964_1767671400,129964,2026-01-06 03:50:00,0,22.0,16.660498686789964,5.339501313210036,5.339501313210036
122048_1767671700,122048,2026-01-06 03:55:00,0,0.0,-100.14223123642391,100.14223123642391,100.14223123642391
129964_1767671700,129964,2026-01-06 03:55:00,0,-50.0,-66.63043534373818,16.630435343738185,16.630435343738185
129964_1767672000,129964,2026-01-06 04:00:00,0,-7.0,-3.381514307326718,-3.618485692673282,3.618485692673282
122048_1767672300,122048,2026-01-06 04:05:00,0,66.0,-84.80030190287738,150.80030190287738,150.80030190287738
129964_1767672300,129964,2026-01-06 04:05:00,0,-9.0,53.30942600738712,-62.30942600738712,62.30942600738712
122048_1767672600,122048,2026-01-06 04:10:00,0,66.0,86.31069817731039,-20.310698177310385,20.310698177310385
122048_1767672900,122048,2026-01-06 04:15:00,0,170.0,215.42935342365203,-45.42935342365203,45.42935342365203
129964_1767672900,129964,2026-01-06 04:15:00,0,-29.0,-97.70410548135564,68.70410548135564,68.70410548135564
129964_1767673200,129964,2026-01-06 04:20:00,0,-57.0,-107.36925042166583,50.369250421665825,50.369250421665825
122048_1767673200,122048,2026-01-06 04:20:00,0,41.0,274.47345417544534,-233.47345417544534,233.47345417544534
129964_1767673500,129964,2026-01-06 04:25:00,0,19.0,-20.233884474931827,39.23388447493183,39.23388447493183
122048_1767673500,122048,2026-01-06 04:25:00,0,25.0,90.81505477731054,-65.81505477731054,65.81505477731054
129964_1767673800,129964,2026-01-06 04:30:00,0,-15.0,28.289070339273948,-43.28907033927395,43.28907033927395
129964_1767674100,129964,2026-01-06 04:35:00,0,72.0,60.88688900474224,11.113110995257763,11.113110995257763
129964_1767674400,129964,2026-01-06 04:40:00,0,95.0,81.65217202460023,13.347827975399767,13.347827975399767
129964_1767674700,129964,2026-01-06 04:45:00,0,46.0,-0.22214521031340517,46.22214521031341,46.22214521031341
129964_1767675000,129964,2026-01-06 04:50:00,0,38.0,-67.58916132155214,105.58916132155214,105.58916132155214
129964_1767675300,129964,2026-01-06 04:55:00,0,105.0,51.45892960046417,53.54107039953583,53.54107039953583
122048_1767675600,122048,2026-01-06 05:00:00,0,-68.0,-26.692298596118142,-41.30770140388186,41.30770140388186
129964_1767675600,129964,2026-01-06 05:00:00,0,46.0,49.778908604506846,-3.778908604506846,3.778908604506846
122048_1767675900,122048,2026-01-06 05:05:00,0,-86.0,-49.507951582841656,-36.492048417158344,36.492048417158344
129964_1767675900,129964,2026-01-06 05:05:00,0,20.0,24.070008657782438,-4.070008657782438,4.070008657782438
129964_1767676200,129964,2026-01-06 05:10:00,0,91.0,106.26578777979262,-15.265787779792618,15.265787779792618
122048_1767676200,122048,2026-01-06 05:10:00,0,25.0,34.345546895732824,-9.345546895732824,9.345546895732824
122048_1767676500,122048,2026-01-06 05:15:00,0,-41.0,2.7866292182126813,-43.78662921821268,43.78662921821268
122048_1767676800,122048,2026-01-06 05:20:00,0,-163.0,43.58044288637001,-206.58044288637,206.58044288637
122048_1767677100,122048,2026-01-06 05:25:00,0,-177.0,-18.16233043974544,-158.83766956025457,158.83766956025457
122048_1767677400,122048,2026-01-06 05:30:00,0,-65.0,-41.96917565644624,-23.03082434355376,23.03082434355376
122048_1767677700,122048,2026-01-06 05:35:00,0,12.0,-18.82755002941684,30.82755002941684,30.82755002941684
122048_1767678000,122048,2026-01-06 05:40:00,0,47.0,40.24444952968163,6.755550470318369,6.755550470318369
122048_1767678300,122048,2026-01-06 05:45:00,0,124.0,-40.957083368087666,164.95708336808767,164.95708336808767
122048_1767678600,122048,2026-01-06 05:50:00,0,172.0,47.32307979977199,124.67692020022801,124.67692020022801
122048_1767678900,122048,2026-01-06 05:55:00,0,140.0,83.39571826647713,56.60428173352287,56.60428173352287
129964_1767680400,129964,2026-01-06 06:20:00,0,-51.0,26.1080963675669,-77.1080963675669,77.1080963675669
129964_1767680700,129964,2026-01-06 06:25:00,0,-106.0,-46.871623154702235,-59.128376845297765,59.128376845297765
129964_1767681000,129964,2026-01-06 06:30:00,0,7.0,3.8047319855971864,3.1952680144028136,3.1952680144028136
129964_1767681300,129964,2026-01-06 06:35:00,0,47.0,20.561762148407894,26.438237851592106,26.438237851592106
129964_1767681600,129964,2026-01-06 06:40:00,0,39.0,36.324286964672424,2.6757130353275755,2.6757130353275755
129964_1767681900,129964,2026-01-06 06:45:00,0,148.0,50.81819778242563,97.18180221757437,97.18180221757437
129964_1767682200,129964,2026-01-06 06:50:00,0,188.0,22.66769616314871,165.33230383685128,165.33230383685128
129964_1767682500,129964,2026-01-06 06:55:00,0,84.0,27.259139486643804,56.740860513356196,56.740860513356196
129964_1767682800,129964,2026-01-06 07:00:00,0,70.0,29.19077399430259,40.80922600569741,40.80922600569741
129964_1767683100,129964,2026-01-06 07:05:00,0,154.0,128.02637172729544,25.97362827270456,25.97362827270456
129964_1767683400,129964,2026-01-06 07:10:00,0,81.0,-4.086972312313023,85.08697231231302,85.08697231231302
129964_1767683700,129964,2026-01-06 07:15:00,0,145.0,83.6507786685204,61.3492213314796,61.3492213314796
129964_1767684000,129964,2026-01-06 07:20:00,0,134.0,105.86864418164316,28.131355818356838,28.131355818356838
129964_1767684600,129964,2026-01-06 07:30:00,0,-29.0,-19.001048208463573,-9.998951791536427,9.998951791536427
122048_1767684600,122048,2026-01-06 07:30:00,0,350.0,241.0821980754923,108.9178019245077,108.9178019245077
122048_1767684900,122048,2026-01-06 07:35:00,0,304.0,306.31374521340604,-2.313745213406037,2.313745213406037
129964_1767684900,129964,2026-01-06 07:35:00,0,-70.0,4.140292472572128,-74.14029247257213,74.14029247257213
122048_1767685200,122048,2026-01-06 07:40:00,0,183.0,239.73506850522543,-56.73506850522543,56.73506850522543
129964_1767685200,129964,2026-01-06 07:40:00,0,-34.0,43.15664990283095,-77.15664990283095,77.15664990283095
122048_1767685500,122048,2026-01-06 07:45:00,0,141.0,258.6230919018692,-117.6230919018692,117.6230919018692
129964_1767685500,129964,2026-01-06 07:45:00,0,-4.0,-18.75911289826314,14.75911289826314,14.75911289826314
129964_1767685800,129964,2026-01-06 07:50:00,0,17.0,33.69328932057536,-16.69328932057536,16.69328932057536
122048_1767685800,122048,2026-01-06 07:50:00,0,45.0,120.70599736101477,-75.70599736101477,75.70599736101477
122048_1767686100,122048,2026-01-06 07:55:00,0,-35.0,33.81374658405494,-68.81374658405494,68.81374658405494
129964_1767686100,129964,2026-01-06 07:55:00,0,162.0,72.5331288453098,89.4668711546902,89.4668711546902
129964_1767686400,129964,2026-01-06 08:00:00,0,97.0,-5.702762899726187,102.70276289972618,102.70276289972618
122048_1767686400,122048,2026-01-06 08:00:00,0,-43.0,8.499894276667789,-51.49989427666779,51.49989427666779
122048_1767686700,122048,2026-01-06 08:05:00,0,-49.0,8.162112256112302,-57.1621122561123,57.1621122561123
129964_1767686700,129964,2026-01-06 08:05:00,0,64.0,44.94258358965415,19.05741641034585,19.05741641034585
122048_1767687000,122048,2026-01-06 08:10:00,0,104.0,44.59899174561427,59.40100825438573,59.40100825438573
129964_1767687000,129964,2026-01-06 08:10:00,0,42.0,36.42220520492752,5.577794795072478,5.577794795072478
122048_1767687300,122048,2026-01-06 08:15:00,0,99.0,-38.31975494728151,137.31975494728152,137.31975494728152
129964_1767687300,129964,2026-01-06 08:15:00,0,108.0,29.51710123474015,78.48289876525985,78.48289876525985
122048_1767687600,122048,2026-01-06 08:20:00,0,49.0,74.4474473794788,-25.447447379478803,25.447447379478803
129964_1767687600,129964,2026-01-06 08:20:00,0,8.0,-62.44532028585154,70.44532028585154,70.44532028585154
129964_1767687900,129964,2026-01-06 08:25:00,0,95.0,2.788371615196482,92.21162838480352,92.21162838480352
122048_1767687900,122048,2026-01-06 08:25:00,0,80.0,83.18712560522653,-3.1871256052265267,3.1871256052265267
122048_1767688200,122048,2026-01-06 08:30:00,0,68.0,9.726430701830814,58.273569298169186,58.273569298169186
122048_1767688500,122048,2026-01-06 08:35:00,0,49.0,84.21285662608096,-35.21285662608096,35.21285662608096
122048_1767688800,122048,2026-01-06 08:40:00,0,76.0,61.377292895078824,14.622707104921176,14.622707104921176
122048_1767689100,122048,2026-01-06 08:45:00,0,94.0,16.734500570254646,77.26549942974535,77.26549942974535
122048_1767689400,122048,2026-01-06 08:50:00,0,121.0,33.874687285490154,87.12531271450985,87.12531271450985
122048_1767689700,122048,2026-01-06 08:55:00,0,116.0,7.425709710014402,108.5742902899856,108.5742902899856
122048_1767690000,122048,2026-01-06 09:00:00,0,73.0,35.559148555551886,37.440851444448114,37.440851444448114
129964_1767690000,129964,2026-01-06 09:00:00,0,65.0,22.72081744977737,42.27918255022263,42.27918255022263
122048_1767690300,122048,2026-01-06 09:05:00,0,-33.0,66.7361690904949,-99.7361690904949,99.7361690904949
129964_1767690300,129964,2026-01-06 09:05:00,0,66.0,48.170508063809265,17.829491936190735,17.829491936190735
129964_1767690600,129964,2026-01-06 09:10:00,0,79.0,63.33707000095483,15.662929999045168,15.662929999045168
129964_1767690900,129964,2026-01-06 09:15:00,0,58.0,59.34565808567284,-1.345658085672838,1.345658085672838
129964_1767691200,129964,2026-01-06 09:20:00,0,64.0,25.746637356197382,38.25336264380262,38.25336264380262
129964_1767691500,129964,2026-01-06 09:25:00,0,94.0,99.95158765849403,-5.951587658494034,5.951587658494034
129964_1767691800,129964,2026-01-06 09:30:00,0,42.0,33.077047252799524,8.922952747200476,8.922952747200476
122048_1767691800,122048,2026-01-06 09:30:00,0,233.0,71.19093978418896,161.80906021581103,161.80906021581103
129964_1767692100,129964,2026-01-06 09:35:00,0,16.0,-1.8142870516818874,17.814287051681887,17.814287051681887
122048_1767692100,122048,2026-01-06 09:35:00,0,200.0,122.9479432874473,77.0520567125527,77.0520567125527
129964_1767692400,129964,2026-01-06 09:40:00,0,106.0,82.23025769621216,23.769742303787837,23.769742303787837
122048_1767692400,122048,2026-01-06 09:40:00,0,91.0,56.24389648020536,34.75610351979464,34.75610351979464
122048_1767692700,122048,2026-01-06 09:45:00,0,-63.0,-86.54719085939865,23.547190859398654,23.547190859398654
122048_1767693000,122048,2026-01-06 09:50:00,0,-67.0,-62.51746141848602,-4.482538581513978,4.482538581513978
122048_1767693300,122048,2026-01-06 09:55:00,0,-115.0,-143.1494770445293,28.149477044529306,28.149477044529306
122048_1767693600,122048,2026-01-06 10:00:00,0,-142.0,-58.97067324109714,-83.02932675890287,83.02932675890287
122048_1767693900,122048,2026-01-06 10:05:00,0,-110.0,-169.6125469096251,59.61254690962511,59.61254690962511
122048_1767694200,122048,2026-01-06 10:10:00,0,-50.0,-101.45214110834648,51.45214110834648,51.45214110834648
122048_1767694500,122048,2026-01-06 10:15:00,0,-184.0,-61.625683467549145,-122.37431653245085,122.37431653245085
122048_1767694800,122048,2026-01-06 10:20:00,0,-250.0,-155.43112834785273,-94.56887165214727,94.56887165214727
122048_1767695100,122048,2026-01-06 10:25:00,0,-359.0,-191.56,-167.44,167.44
129964_1767695400,129964,2026-01-06 10:30:00,0,-51.0,-113.4124552483407,62.412455248340706,62.412455248340706
129964_1767695700,129964,2026-01-06 10:35:00,0,-51.0,-45.38432420251732,-5.61567579748268,5.61567579748268
129964_1767696000,129964,2026-01-06 10:40:00,0,-11.0,-50.03770308592976,39.03770308592976,39.03770308592976
129964_1767696300,129964,2026-01-06 10:45:00,0,73.0,2.641198358789815,70.35880164121019,70.35880164121019
129964_1767696600,129964,2026-01-06 10:50:00,0,111.0,83.22674456525687,27.773255434743135,27.773255434743135
129964_1767696900,129964,2026-01-06 10:55:00,0,140.0,88.63204426936387,51.367955730636126,51.367955730636126
129964_1767697200,129964,2026-01-06 11:00:00,0,133.0,52.8761675525019,80.1238324474981,80.1238324474981
129964_1767697500,129964,2026-01-06 11:05:00,0,75.0,36.11867673422677,38.88132326577323,38.88132326577323
129964_1767697800,129964,2026-01-06 11:10:00,0,26.0,78.9304632721121,-52.93046327211211,52.93046327211211
129964_1767698100,129964,2026-01-06 11:15:00,0,10.0,34.84950650844181,-24.849506508441813,24.849506508441813
129964_1767698400,129964,2026-01-06 11:20:00,0,14.0,21.68696741092078,-7.686967410920779,7.686967410920779
129964_1767698700,129964,2026-01-06 11:25:00,0,0.0,-95.3448933625508,95.3448933625508,95.3448933625508
129964_1767699000,129964,2026-01-06 11:30:00,0,80.0,-1.119502081359478,81.11950208135949,81.11950208135949
129964_1767699300,129964,2026-01-06 11:35:00,0,49.0,16.104130098208486,32.895869901791514,32.895869901791514
129964_1767699900,129964,2026-01-06 11:45:00,0,-53.0,-63.374135115906086,10.374135115906086,10.374135115906086
129964_1767700200,129964,2026-01-06 11:50:00,0,-73.0,-20.678366157879523,-52.32163384212048,52.32163384212048
129964_1767700500,129964,2026-01-06 11:55:00,0,90.0,-15.907986765937395,105.9079867659374,105.9079867659374
122048_1767700800,122048,2026-01-06 12:00:00,0,374.0,140.46003014461036,233.53996985538964,233.53996985538964
122048_1767701100,122048,2026-01-06 12:05:00,0,312.0,294.59608788546535,17.40391211453465,17.40391211453465
122048_1767701400,122048,2026-01-06 12:10:00,0,354.0,345.2645944610886,8.73540553891138,8.73540553891138
122048_1767701700,122048,2026-01-06 12:15:00,0,273.0,155.62431841969686,117.37568158030314,117.37568158030314
122048_1767702000,122048,2026-01-06 12:20:00,0,252.0,131.37962885624881,120.62037114375119,120.62037114375119
122048_1767702300,122048,2026-01-06 12:25:00,0,158.0,206.5343899628688,-48.5343899628688,48.5343899628688
122048_1767702600,122048,2026-01-06 12:30:00,0,144.0,139.9312338500543,4.068766149945702,4.068766149945702
122048_1767702900,122048,2026-01-06 12:35:00,0,138.0,168.43819913083212,-30.438199130832118,30.438199130832118
122048_1767703200,122048,2026-01-06 12:40:00,0,87.0,62.84552222067306,24.15447777932694,24.15447777932694
122048_1767703500,122048,2026-01-06 12:45:00,0,84.0,-21.95990099357377,105.95990099357377,105.95990099357377
122048_1767703800,122048,2026-01-06 12:50:00,0,84.0,-1.0424573794060308,85.04245737940603,85.04245737940603
122048_1767704100,122048,2026-01-06 12:55:00,0,0.0,1.421569520709582,-1.421569520709582,1.421569520709582
122048_1767704400,122048,2026-01-06 13:00:00,0,0.0,8.317354035084804,-8.317354035084804,8.317354035084804
129964_1767704400,129964,2026-01-06 13:00:00,0,-106.0,-32.890889381162935,-73.10911061883706,73.10911061883706
122048_1767704700,122048,2026-01-06 13:05:00,0,0.0,-86.38250264483574,86.38250264483574,86.38250264483574
129964_1767704700,129964,2026-01-06 13:05:00,0,-150.0,-68.54327781606504,-81.45672218393496,81.45672218393496
122048_1767705000,122048,2026-01-06 13:10:00,0,0.0,-150.59133065134031,150.59133065134031,150.59133065134031
129964_1767705000,129964,2026-01-06 13:10:00,0,-165.0,-45.31970350309996,-119.68029649690004,119.68029649690004
122048_1767705300,122048,2026-01-06 13:15:00,0,0.0,-67.08601798770303,67.08601798770303,67.08601798770303
129964_1767705300,129964,2026-01-06 13:15:00,0,-95.0,-28.019982387733734,-66.98001761226627,66.98001761226627
129964_1767705600,129964,2026-01-06 13:20:00,0,11.0,-44.13645691001717,55.13645691001717,55.13645691001717
122048_1767705600,122048,2026-01-06 13:20:00,0,0.0,-26.71397147380177,26.71397147380177,26.71397147380177
129964_1767705900,129964,2026-01-06 13:25:00,0,-32.0,-89.50227994685116,57.50227994685116,57.50227994685116
122048_1767705900,122048,2026-01-06 13:25:00,0,0.0,-11.683596790193555,11.683596790193555,11.683596790193555
122048_1767706200,122048,2026-01-06 13:30:00,0,0.0,-34.353537172742456,34.353537172742456,34.353537172742456
129964_1767706200,129964,2026-01-06 13:30:00,0,-50.0,-37.09267392986259,-12.907326070137408,12.907326070137408
122048_1767706500,122048,2026-01-06 13:35:00,0,0.0,0.014200981236994537,-0.014200981236994537,0.014200981236994537
129964_1767706500,129964,2026-01-06 13:35:00,0,-51.0,-43.755859407433476,-7.244140592566524,7.244140592566524
129964_1767706800,129964,2026-01-06 13:40:00,0,-34.0,-53.753584259677936,19.753584259677936,19.753584259677936
122048_1767706800,122048,2026-01-06 13:40:00,0,0.0,-150.1621826457122,150.1621826457122,150.1621826457122
129964_1767707100,129964,2026-01-06 13:45:00,0,25.0,-40.03490876903183,65.03490876903183,65.03490876903183
122048_1767707100,122048,2026-01-06 13:45:00,0,0.0,-54.699803686194244,54.699803686194244,54.699803686194244
122048_1767707400,122048,2026-01-06 13:50:00,0,0.0,-42.80258033011587,42.80258033011587,42.80258033011587
129964_1767707400,129964,2026-01-06 13:50:00,0,-62.0,-131.78277314497416,69.78277314497416,69.78277314497416
122048_1767707700,122048,2026-01-06 13:55:00,0,0.0,-96.85478614713146,96.85478614713146,96.85478614713146
129964_1767707700,129964,2026-01-06 13:55:00,0,5.0,20.364957608859044,-15.364957608859044,15.364957608859044
129964_1767708000,129964,2026-01-06 14:00:00,0,-6.0,-33.363206980535686,27.363206980535686,27.363206980535686
129964_1767708600,129964,2026-01-06 14:10:00,0,-114.0,-148.00769580885287,34.00769580885287,34.00769580885287
129964_1767708900,129964,2026-01-06 14:15:00,0,-106.0,-26.986394664735975,-79.01360533526403,79.01360533526403
129964_1767709200,129964,2026-01-06 14:20:00,0,-77.0,-63.09452675765761,-13.905473242342389,13.905473242342389
129964_1767709500,129964,2026-01-06 14:25:00,0,-93.0,-74.00930343300725,-18.990696566992753,18.990696566992753
129964_1767709800,129964,2026-01-06 14:30:00,0,-69.0,-3.7137741297308082,-65.28622587026919,65.28622587026919
129964_1767710100,129964,2026-01-06 14:35:00,0,-42.0,-80.8021093805385,38.8021093805385,38.8021093805385
129964_1767710400,129964,2026-01-06 14:40:00,0,-145.0,-119.70650277356154,-25.29349722643846,25.29349722643846
129964_1767710700,129964,2026-01-06 14:45:00,0,-127.0,-109.48595883199117,-17.51404116800883,17.51404116800883
129964_1767711000,129964,2026-01-06 14:50:00,0,-207.0,-109.85946745771194,-97.14053254228806,97.14053254228806
129964_1767711300,129964,2026-01-06 14:55:00,0,-66.0,-66.55565122462164,0.5556512246216414,0.5556512246216414
122048_1767713400,122048,2026-01-06 15:30:00,0,0.0,0.2669001417052641,-0.2669001417052641,0.2669001417052641
129964_1767713400,129964,2026-01-06 15:30:00,0,-129.0,-102.2053933458464,-26.794606654153597,26.794606654153597
129964_1767713700,129964,2026-01-06 15:35:00,0,-33.0,-56.088996315879136,23.088996315879136,23.088996315879136
122048_1767713700,122048,2026-01-06 15:35:00,0,0.0,12.727492660527048,-12.727492660527048,12.727492660527048
122048_1767714000,122048,2026-01-06 15:40:00,0,0.0,-66.25315258163175,66.25315258163175,66.25315258163175
129964_1767714000,129964,2026-01-06 15:40:00,0,25.0,-32.42121943671776,57.42121943671776,57.42121943671776
129964_1767714300,129964,2026-01-06 15:45:00,0,8.0,-48.16212434699624,56.16212434699624,56.16212434699624
122048_1767714300,122048,2026-01-06 15:45:00,0,0.0,38.040804555695225,-38.040804555695225,38.040804555695225
122048_1767714600,122048,2026-01-06 15:50:00,0,0.0,-54.994835893969864,54.994835893969864,54.994835893969864
129964_1767714600,129964,2026-01-06 15:50:00,0,-49.0,-74.9553566339765,25.955356633976507,25.955356633976507
129964_1767714900,129964,2026-01-06 15:55:00,0,-82.0,-31.93590051439439,-50.06409948560561,50.06409948560561
122048_1767714900,122048,2026-01-06 15:55:00,0,0.0,-40.858335521747826,40.858335521747826,40.858335521747826
122048_1767715200,122048,2026-01-06 16:00:00,0,0.0,30.050722828021733,-30.050722828021733,30.050722828021733
129964_1767715200,129964,2026-01-06 16:00:00,0,-134.0,-45.36637666145539,-88.63362333854461,88.63362333854461
122048_1767715500,122048,2026-01-06 16:05:00,0,0.0,61.20155006236946,-61.20155006236946,61.20155006236946
129964_1767715500,129964,2026-01-06 16:05:00,0,-115.0,-41.095216221719895,-73.9047837782801,73.9047837782801
122048_1767715800,122048,2026-01-06 16:10:00,0,0.0,-26.20368192730458,26.20368192730458,26.20368192730458
129964_1767715800,129964,2026-01-06 16:10:00,0,-2.0,-25.822360477302496,23.822360477302496,23.822360477302496
129964_1767716100,129964,2026-01-06 16:15:00,0,-46.0,-154.7986902883763,108.79869028837629,108.79869028837629
122048_1767716100,122048,2026-01-06 16:15:00,0,0.0,24.043015655844982,-24.043015655844982,24.043015655844982
122048_1767716400,122048,2026-01-06 16:20:00,0,0.0,43.05652759304242,-43.05652759304242,43.05652759304242
129964_1767716400,129964,2026-01-06 16:20:00,0,-13.0,-3.0023303181536534,-9.997669681846347,9.997669681846347
122048_1767716700,122048,2026-01-06 16:25:00,0,0.0,4.6636913202836645,-4.6636913202836645,4.6636913202836645
129964_1767716700,129964,2026-01-06 16:25:00,0,303.0,-42.79521555290065,345.79521555290063,345.79521555290063
129964_1767717300,129964,2026-01-06 16:35:00,0,-111.0,-139.38510570648282,28.38510570648282,28.38510570648282
129964_1767717600,129964,2026-01-06 16:40:00,0,-126.0,-191.56,65.56,65.56
129964_1767717900,129964,2026-01-06 16:45:00,0,38.0,-139.28411552992603,177.28411552992603,177.28411552992603
129964_1767718200,129964,2026-01-06 16:50:00,0,57.0,-10.00954568715838,67.00954568715838,67.00954568715838
129964_1767718500,129964,2026-01-06 16:55:00,0,71.0,31.70415349443899,39.29584650556101,39.29584650556101
129964_1767718800,129964,2026-01-06 17:00:00,0,39.0,-1.822506224645295,40.822506224645295,40.822506224645295
129964_1767719100,129964,2026-01-06 17:05:00,0,-44.0,-75.91577931075071,31.915779310750708,31.915779310750708
129964_1767719400,129964,2026-01-06 17:10:00,0,-130.0,-93.95100850443166,-36.048991495568345,36.048991495568345
129964_1767719700,129964,2026-01-06 17:15:00,0,-135.0,-83.44716737802388,-51.55283262197612,51.55283262197612
122048_1767720000,122048,2026-01-06 17:20:00,0,-336.0,-163.7384844395869,-172.2615155604131,172.2615155604131
129964_1767720000,129964,2026-01-06 17:20:00,0,-14.0,-47.58400930544708,33.58400930544708,33.58400930544708
129964_1767720300,129964,2026-01-06 17:25:00,0,-105.0,-75.29015671460999,-29.709843285390008,29.709843285390008
122048_1767720300,122048,2026-01-06 17:25:00,0,-130.0,-31.91225737639285,-98.08774262360714,98.08774262360714
122048_1767720600,122048,2026-01-06 17:30:00,0,-32.0,-8.949713890865402,-23.050286109134596,23.050286109134596
129964_1767720600,129964,2026-01-06 17:30:00,0,-10.0,-10.545568690790127,0.5455686907901267,0.5455686907901267
122048_1767720900,122048,2026-01-06 17:35:00,0,-32.0,-95.68124247372216,63.681242473722165,63.681242473722165
129964_1767720900,129964,2026-01-06 17:35:00,0,49.0,12.796068960124828,36.20393103987517,36.20393103987517
122048_1767721200,122048,2026-01-06 17:40:00,0,-108.0,-34.16323578487351,-73.8367642151265,73.8367642151265
122048_1767721500,122048,2026-01-06 17:45:00,0,-141.0,-45.91203502451181,-95.08796497548819,95.08796497548819
122048_1767721800,122048,2026-01-06 17:50:00,0,-174.0,25.449139131982648,-199.44913913198263,199.44913913198263
122048_1767722100,122048,2026-01-06 17:55:00,0,-157.0,-48.42728673293422,-108.57271326706578,108.57271326706578
122048_1767722400,122048,2026-01-06 18:00:00,0,-146.0,-113.11645226863712,-32.88354773136288,32.88354773136288
122048_1767722700,122048,2026-01-06 18:05:00,0,-104.0,-116.6389268160855,12.638926816085501,12.638926816085501
122048_1767723000,122048,2026-01-06 18:10:00,0,-70.0,-80.30451096096331,10.304510960963313,10.304510960963313
122048_1767723300,122048,2026-01-06 18:15:00,0,48.0,-1.0509200975909323,49.05092009759093,49.05092009759093
122048_1767723600,122048,2026-01-06 18:20:00,0,66.0,82.95737966362074,-16.957379663620742,16.957379663620742
122048_1767723900,122048,2026-01-06 18:25:00,0,50.0,75.03656784571007,-25.036567845710067,25.036567845710067
122048_1767724200,122048,2026-01-06 18:30:00,0,35.0,193.8747746847553,-158.8747746847553,158.8747746847553
122048_1767724500,122048,2026-01-06 18:35:00,0,133.0,17.2632375000008,115.7367624999992,115.7367624999992
122048_1767724800,122048,2026-01-06 18:40:00,0,250.0,98.9983997095685,151.0016002904315,151.0016002904315
122048_1767725100,122048,2026-01-06 18:45:00,0,274.0,253.94553033367743,20.054469666322575,20.054469666322575
122048_1767725400,122048,2026-01-06 18:50:00,0,356.0,359.57516730215576,-3.575167302155762,3.575167302155762
122048_1767725700,122048,2026-01-06 18:55:00,0,417.0,112.49086492725704,304.509135072743,304.509135072743
122048_1767726000,122048,2026-01-06 19:00:00,0,481.0,357.08437683771274,123.91562316228726,123.91562316228726
122048_1767726300,122048,2026-01-06 19:05:00,0,523.0,319.0090291157993,203.9909708842007,203.9909708842007
122048_1767727200,122048,2026-01-06 19:20:00,0,-54.0,-115.92527420745421,61.92527420745421,61.92527420745421
122048_1767728700,122048,2026-01-06 19:45:00,0,-348.0,-127.31389662568034,-220.68610337431966,220.68610337431966
122048_1767729000,122048,2026-01-06 19:50:00,0,-142.0,-29.441670289519372,-112.55832971048062,112.55832971048062
122048_1767729300,122048,2026-01-06 19:55:00,0,36.0,9.86104468016319,26.13895531983681,26.13895531983681
122048_1767729600,122048,2026-01-06 20:00:00,0,41.0,-29.375264017455294,70.3752640174553,70.3752640174553
122048_1767729900,122048,2026-01-06 20:05:00,0,93.0,130.8397899968508,-37.83978999685081,37.83978999685081
122048_1767730200,122048,2026-01-06 20:10:00,0,99.0,133.61462132497502,-34.61462132497502,34.61462132497502
130072_1767730200,130072,2026-01-06 20:10:00,0,60.0,89.73103324455448,-29.73103324455448,29.73103324455448
122048_1767730500,122048,2026-01-06 20:15:00,0,-3.0,113.6783739943342,-116.6783739943342,116.6783739943342
130072_1767730500,130072,2026-01-06 20:15:00,0,60.0,20.38776851093874,39.61223148906126,39.61223148906126
130072_1767730800,130072,2026-01-06 20:20:00,0,106.0,46.12984166926709,59.87015833073291,59.87015833073291
122048_1767730800,122048,2026-01-06 20:20:00,0,25.0,157.20447444581987,-132.20447444581987,132.20447444581987
130072_1767731100,130072,2026-01-06 20:25:00,0,22.0,88.79555297016596,-66.79555297016596,66.79555297016596
122048_1767731100,122048,2026-01-06 20:25:00,0,4.0,-4.293793316930838,8.293793316930838,8.293793316930838
130072_1767731400,130072,2026-01-06 20:30:00,0,49.0,152.13569310079868,-103.13569310079868,103.13569310079868
130072_1767731700,130072,2026-01-06 20:35:00,0,78.0,65.89940025579459,12.100599744205411,12.100599744205411
130072_1767732000,130072,2026-01-06 20:40:00,0,158.0,51.60034542921761,106.39965457078239,106.39965457078239
130072_1767732300,130072,2026-01-06 20:45:00,0,161.0,91.95843479069033,69.04156520930967,69.04156520930967
130072_1767732600,130072,2026-01-06 20:50:00,0,226.0,231.92996469772393,-5.929964697723932,5.929964697723932
130072_1767732900,130072,2026-01-06 20:55:00,0,187.0,241.58913090132768,-54.58913090132768,54.58913090132768
130072_1767733200,130072,2026-01-06 21:00:00,0,125.0,144.14962276281287,-19.149622762812868,19.149622762812868
122048_1767733200,122048,2026-01-06 21:00:00,0,0.0,-6.584894012053473,6.584894012053473,6.584894012053473
130072_1767733500,130072,2026-01-06 21:05:00,0,125.0,166.90012114131787,-41.90012114131787,41.90012114131787
122048_1767733500,122048,2026-01-06 21:05:00,0,0.0,44.22742377183085,-44.22742377183085,44.22742377183085
130072_1767733800,130072,2026-01-06 21:10:00,0,168.0,101.46994765212797,66.53005234787203,66.53005234787203
122048_1767733800,122048,2026-01-06 21:10:00,0,0.0,70.55630566922751,-70.55630566922751,70.55630566922751
130072_1767734100,130072,2026-01-06 21:15:00,0,195.0,82.66509391092589,112.33490608907411,112.33490608907411
122048_1767734100,122048,2026-01-06 21:15:00,0,0.0,26.908696859653446,-26.908696859653446,26.908696859653446
122048_1767734400,122048,2026-01-06 21:20:00,0,0.0,11.224932422244622,-11.224932422244622,11.224932422244622
130072_1767734400,130072,2026-01-06 21:20:00,0,163.0,87.81433154864614,75.18566845135386,75.18566845135386
130072_1767734700,130072,2026-01-06 21:25:00,0,0.0,2.3982340988766566,-2.3982340988766566,2.3982340988766566
122048_1767734700,122048,2026-01-06 21:25:00,0,0.0,-93.8800931285805,93.8800931285805,93.8800931285805
130072_1767735000,130072,2026-01-06 21:30:00,0,0.0,16.619175347347692,-16.619175347347692,16.619175347347692
130072_1767735300,130072,2026-01-06 21:35:00,0,0.0,92.33191072127181,-92.33191072127181,92.33191072127181
130072_1767735600,130072,2026-01-06 21:40:00,0,0.0,-82.39519958435511,82.39519958435511,82.39519958435511
130072_1767735900,130072,2026-01-06 21:45:00,0,0.0,112.8460995587875,-112.8460995587875,112.8460995587875
130072_1767736200,130072,2026-01-06 21:50:00,0,0.0,-71.87925699130044,71.87925699130044,71.87925699130044
130072_1767736500,130072,2026-01-06 21:55:00,0,0.0,53.86289263715469,-53.86289263715469,53.86289263715469
130072_1767740700,130072,2026-01-06 23:05:00,0,0.0,-44.30696781230595,44.30696781230595,44.30696781230595
130072_1767741000,130072,2026-01-06 23:10:00,0,0.0,-31.368351633635505,31.368351633635505,31.368351633635505
130072_1767741300,130072,2026-01-06 23:15:00,0,0.0,-36.53287882915954,36.53287882915954,36.53287882915954
130072_1767741600,130072,2026-01-06 23:20:00,0,0.0,57.68176851954695,-57.68176851954695,57.68176851954695
130072_1767741900,130072,2026-01-06 23:25:00,0,0.0,68.25415195489686,-68.25415195489686,68.25415195489686
134040_1767667800,134040,2026-01-06 02:50:00,1,20.0,-29.876853413468755,49.87685341346875,49.87685341346875
134040_1767668100,134040,2026-01-06 02:55:00,1,93.0,41.63451636122281,51.36548363877719,51.36548363877719
134040_1767670200,134040,2026-01-06 03:30:00,1,110.0,90.60350580473411,19.396494195265888,19.396494195265888
134040_1767670500,134040,2026-01-06 03:35:00,1,129.0,168.71930130884226,-39.71930130884226,39.71930130884226
134040_1767670800,134040,2026-01-06 03:40:00,1,132.0,158.6165820955024,-26.616582095502395,26.616582095502395
134040_1767671100,134040,2026-01-06 03:45:00,1,60.0,181.68490447567402,-121.68490447567402,121.68490447567402
134040_1767671400,134040,2026-01-06 03:50:00,1,43.0,118.9656192470498,-75.9656192470498,75.9656192470498
134040_1767671700,134040,2026-01-06 03:55:00,1,-29.0,8.124715855520208,-37.12471585552021,37.12471585552021
131672_1767673800,131672,2026-01-06 04:30:00,1,-73.0,-30.790429139234895,-42.209570860765105,42.209570860765105
131672_1767674100,131672,2026-01-06 04:35:00,1,121.0,28.843199145178243,92.15680085482175,92.15680085482175
131672_1767674400,131672,2026-01-06 04:40:00,1,145.0,-8.893549931346076,153.8935499313461,153.8935499313461
131672_1767674700,131672,2026-01-06 04:45:00,1,125.0,47.79725596136619,77.20274403863381,77.20274403863381
131672_1767675000,131672,2026-01-06 04:50:00,1,166.0,102.6684422811247,63.3315577188753,63.3315577188753
133300_1767675000,133300,2026-01-06 04:50:00,1,99.0,-126.53301118525592,225.53301118525593,225.53301118525593
133300_1767675300,133300,2026-01-06 04:55:00,1,99.0,-84.32459279014421,183.3245927901442,183.3245927901442
131672_1767675300,131672,2026-01-06 04:55:00,1,88.0,49.42190739774793,38.57809260225207,38.57809260225207
133300_1767675600,133300,2026-01-06 05:00:00,1,180.0,5.736094241654644,174.26390575834535,174.26390575834535
133300_1767675900,133300,2026-01-06 05:05:00,1,135.0,86.03049526316725,48.96950473683275,48.96950473683275
133300_1767676200,133300,2026-01-06 05:10:00,1,170.0,163.39079329266576,6.609206707334238,6.609206707334238
133300_1767676500,133300,2026-01-06 05:15:00,1,169.0,211.42636151622918,-42.42636151622918,42.42636151622918
133300_1767676800,133300,2026-01-06 05:20:00,1,289.0,267.1573604352858,21.842639564714204,21.842639564714204
133300_1767677400,133300,2026-01-06 05:30:00,1,87.0,110.84755063048368,-23.84755063048368,23.84755063048368
134040_1767677400,134040,2026-01-06 05:30:00,1,71.0,81.60055322006363,-10.600553220063631,10.600553220063631
134040_1767677700,134040,2026-01-06 05:35:00,1,174.0,125.5143321647637,48.4856678352363,48.4856678352363
133300_1767677700,133300,2026-01-06 05:35:00,1,87.0,5.850280256979545,81.14971974302046,81.14971974302046
133300_1767678000,133300,2026-01-06 05:40:00,1,108.0,64.18663877714766,43.813361222852336,43.813361222852336
134040_1767678000,134040,2026-01-06 05:40:00,1,-25.0,11.01609282084145,-36.01609282084145,36.01609282084145
133300_1767678300,133300,2026-01-06 05:45:00,1,59.0,54.96639174409613,4.0336082559038715,4.0336082559038715
133300_1767678600,133300,2026-01-06 05:50:00,1,40.0,116.67451579062924,-76.67451579062924,76.67451579062924
133300_1767678900,133300,2026-01-06 05:55:00,1,-2.0,99.40919295371559,-101.40919295371559,101.40919295371559
134040_1767679800,134040,2026-01-06 06:10:00,1,23.0,14.731790688390063,8.268209311609937,8.268209311609937
134040_1767680100,134040,2026-01-06 06:15:00,1,26.0,-9.120844303015401,35.1208443030154,35.1208443030154
134040_1767680400,134040,2026-01-06 06:20:00,1,-52.0,29.64089755700205,-81.64089755700205,81.64089755700205
134040_1767680700,134040,2026-01-06 06:25:00,1,-87.0,5.5487439156687905,-92.5487439156688,92.5487439156688
133300_1767681000,133300,2026-01-06 06:30:00,1,12.0,14.219669309692794,-2.2196693096927937,2.2196693096927937
134040_1767681000,134040,2026-01-06 06:30:00,1,-111.0,-16.087066500235792,-94.91293349976421,94.91293349976421
134040_1767681300,134040,2026-01-06 06:35:00,1,-75.0,-21.057101858573546,-53.942898141426454,53.942898141426454
133300_1767681300,133300,2026-01-06 06:35:00,1,-61.0,112.02760275321043,-173.02760275321043,173.02760275321043
133300_1767681600,133300,2026-01-06 06:40:00,1,159.0,156.43850205630812,2.561497943691876,2.561497943691876
134040_1767681600,134040,2026-01-06 06:40:00,1,1.0,27.093379201379946,-26.093379201379946,26.093379201379946
131672_1767681900,131672,2026-01-06 06:45:00,1,37.0,50.7870304138451,-13.787030413845102,13.787030413845102
133300_1767681900,133300,2026-01-06 06:45:00,1,79.0,-8.390668797151775,87.39066879715178,87.39066879715178
134040_1767681900,134040,2026-01-06 06:45:00,1,-38.0,-14.293834469182926,-23.706165530817074,23.706165530817074
133300_1767682200,133300,2026-01-06 06:50:00,1,79.0,28.023501787143502,50.9764982128565,50.9764982128565
131672_1767682200,131672,2026-01-06 06:50:00,1,13.0,112.66195716629987,-99.66195716629987,99.66195716629987
134040_1767682200,134040,2026-01-06 06:50:00,1,-71.0,-32.299620751900875,-38.700379248099125,38.700379248099125
133300_1767682500,133300,2026-01-06 06:55:00,1,173.0,76.6769579306677,96.3230420693323,96.3230420693323
131672_1767682500,131672,2026-01-06 06:55:00,1,16.0,99.06102223854593,-83.06102223854593,83.06102223854593
134040_1767682500,134040,2026-01-06 06:55:00,1,46.0,3.978873744536415,42.021126255463585,42.021126255463585
133300_1767682800,133300,2026-01-06 07:00:00,1,135.0,55.65312964120229,79.3468703587977,79.3468703587977
131672_1767682800,131672,2026-01-06 07:00:00,1,-48.0,46.467117519659,-94.467117519659,94.467117519659
133300_1767683100,133300,2026-01-06 07:05:00,1,169.0,142.50393226913252,26.49606773086748,26.49606773086748
131672_1767683100,131672,2026-01-06 07:05:00,1,-52.0,83.40873252186984,-135.40873252186984,135.40873252186984
131672_1767683400,131672,2026-01-06 07:10:00,1,-178.0,-85.58369421397532,-92.41630578602468,92.41630578602468
133300_1767683400,133300,2026-01-06 07:10:00,1,166.0,198.6089902860353,-32.608990286035294,32.608990286035294
133300_1767683700,133300,2026-01-06 07:15:00,1,240.0,289.7248241911916,-49.7248241911916,49.7248241911916
131672_1767683700,131672,2026-01-06 07:15:00,1,-200.0,-107.39266566063705,-92.60733433936295,92.60733433936295
131672_1767684000,131672,2026-01-06 07:20:00,1,-74.0,-30.522813917653483,-43.47718608234652,43.47718608234652
133300_1767684000,133300,2026-01-06 07:20:00,1,116.0,193.896952409428,-77.896952409428,77.896952409428
133300_1767684300,133300,2026-01-06 07:25:00,1,116.0,126.51928034107218,-10.519280341072175,10.519280341072175
131672_1767684300,131672,2026-01-06 07:25:00,1,24.0,18.130174174711243,5.869825825288757,5.869825825288757
131672_1767684600,131672,2026-01-06 07:30:00,1,-63.0,40.707383950404164,-103.70738395040416,103.70738395040416
133300_1767684600,133300,2026-01-06 07:30:00,1,214.0,124.18829816896485,89.81170183103515,89.81170183103515
131672_1767684900,131672,2026-01-06 07:35:00,1,-96.0,-2.4351729931866,-93.5648270068134,93.5648270068134
133300_1767684900,133300,2026-01-06 07:35:00,1,244.0,94.96555457161594,149.03444542838406,149.03444542838406
133300_1767685200,133300,2026-01-06 07:40:00,1,255.0,108.32840433761169,146.6715956623883,146.6715956623883
131672_1767685200,131672,2026-01-06 07:40:00,1,-126.0,-61.40277844213867,-64.59722155786133,64.59722155786133
133300_1767685500,133300,2026-01-06 07:45:00,1,286.0,258.5688342559359,27.431165744064117,27.431165744064117
133300_1767685800,133300,2026-01-06 07:50:00,1,404.0,359.4048674616764,44.59513253832358,44.59513253832358
133300_1767686400,133300,2026-01-06 08:00:00,1,-26.0,116.88301903074449,-142.8830190307445,142.8830190307445
131672_1767688200,131672,2026-01-06 08:30:00,1,16.0,70.9577109410153,-54.95771094101531,54.95771094101531
134040_1767688200,134040,2026-01-06 08:30:00,1,154.0,109.04245643850605,44.95754356149395,44.95754356149395
134040_1767688500,134040,2026-01-06 08:35:00,1,141.0,141.39095435335958,-0.3909543533595752,0.3909543533595752
131672_1767688500,131672,2026-01-06 08:35:00,1,20.0,-0.9424227992405321,20.942422799240532,20.942422799240532
134040_1767688800,134040,2026-01-06 08:40:00,1,128.0,58.527306325625986,69.47269367437401,69.47269367437401
131672_1767688800,131672,2026-01-06 08:40:00,1,-17.0,12.906138917298136,-29.906138917298136,29.906138917298136
131672_1767689100,131672,2026-01-06 08:45:00,1,17.0,110.43962237671441,-93.43962237671441,93.43962237671441
134040_1767689100,134040,2026-01-06 08:45:00,1,26.0,61.567382894844016,-35.567382894844016,35.567382894844016
131672_1767689400,131672,2026-01-06 08:50:00,1,-72.0,23.170936550643795,-95.1709365506438,95.1709365506438
133300_1767689400,133300,2026-01-06 08:50:00,1,9.0,45.83862287971628,-36.83862287971628,36.83862287971628
134040_1767689400,134040,2026-01-06 08:50:00,1,94.0,94.69318698998771,-0.6931869899877086,0.6931869899877086
134040_1767689700,134040,2026-01-06 08:55:00,1,46.0,80.96189509022449,-34.96189509022449,34.96189509022449
133300_1767689700,133300,2026-01-06 08:55:00,1,9.0,11.555687903001285,-2.555687903001285,2.555687903001285
131672_1767689700,131672,2026-01-06 08:55:00,1,-222.0,-16.48876202323504,-205.51123797676496,205.51123797676496
134040_1767690000,134040,2026-01-06 09:00:00,1,159.0,74.5326032578595,84.4673967421405,84.4673967421405
131672_1767690000,131672,2026-01-06 09:00:00,1,-208.0,-79.26425241674816,-128.73574758325185,128.73574758325185
133300_1767690000,133300,2026-01-06 09:00:00,1,68.0,104.78971932993022,-36.78971932993022,36.78971932993022
133300_1767690300,133300,2026-01-06 09:05:00,1,69.0,80.81136116995948,-11.811361169959483,11.811361169959483
134040_1767690300,134040,2026-01-06 09:05:00,1,-28.0,-5.519671547362009,-22.48032845263799,22.48032845263799
131672_1767690300,131672,2026-01-06 09:05:00,1,-157.0,-103.52930802386992,-53.470691976130084,53.470691976130084
133300_1767690600,133300,2026-01-06 09:10:00,1,59.0,111.2338061901967,-52.2338061901967,52.2338061901967
131672_1767690600,131672,2026-01-06 09:10:00,1,-39.0,-32.67960120774384,-6.320398792256157,6.320398792256157
133300_1767690900,133300,2026-01-06 09:15:00,1,62.0,168.4132787290358,-106.4132787290358,106.4132787290358
131672_1767690900,131672,2026-01-06 09:15:00,1,-68.0,-77.74382856790476,9.743828567904757,9.743828567904757
131672_1767691200,131672,2026-01-06 09:20:00,1,-65.0,-25.05484625109088,-39.94515374890912,39.94515374890912
133300_1767691200,133300,2026-01-06 09:20:00,1,135.0,194.53931311662163,-59.53931311662163,59.53931311662163
131672_1767691500,131672,2026-01-06 09:25:00,1,-10.0,-22.235917752908886,12.235917752908886,12.235917752908886
133300_1767693600,133300,2026-01-06 10:00:00,1,168.0,154.35039490427934,13.64960509572066,13.64960509572066
133300_1767694200,133300,2026-01-06 10:10:00,1,-63.0,32.29981731537012,-95.29981731537012,95.29981731537012
133300_1767694500,133300,2026-01-06 10:15:00,1,-63.0,-0.5849357856836264,-62.415064214316374,62.415064214316374
133300_1767694800,133300,2026-01-06 10:20:00,1,54.0,131.3502063474864,-77.35020634748639,77.35020634748639
133300_1767695100,133300,2026-01-06 10:25:00,1,90.0,17.94161690741987,72.05838309258013,72.05838309258013
133300_1767697200,133300,2026-01-06 11:00:00,1,49.0,120.65337940354367,-71.65337940354367,71.65337940354367
133300_1767697500,133300,2026-01-06 11:05:00,1,77.0,11.43340022288723,65.56659977711277,65.56659977711277
133300_1767697800,133300,2026-01-06 11:10:00,1,65.0,57.33249667686157,7.667503323138433,7.667503323138433
133300_1767698100,133300,2026-01-06 11:15:00,1,151.0,113.0300188098858,37.9699811901142,37.9699811901142
131672_1767698100,131672,2026-01-06 11:15:00,1,27.0,61.30983439413566,-34.30983439413566,34.30983439413566
131672_1767698400,131672,2026-01-06 11:20:00,1,60.0,94.97206735535929,-34.972067355359286,34.972067355359286
133300_1767698400,133300,2026-01-06 11:20:00,1,225.0,144.40430386099464,80.59569613900536,80.59569613900536
131672_1767698700,131672,2026-01-06 11:25:00,1,82.0,90.34350250544463,-8.343502505444633,8.343502505444633
131672_1767699000,131672,2026-01-06 11:30:00,1,4.0,31.796606854157833,-27.796606854157833,27.796606854157833
131672_1767699300,131672,2026-01-06 11:35:00,1,40.0,95.47651196663884,-55.47651196663884,55.47651196663884
131672_1767699600,131672,2026-01-06 11:40:00,1,-28.0,-16.70324632100406,-11.296753678995941,11.296753678995941
131672_1767699900,131672,2026-01-06 11:45:00,1,-29.0,-86.28308658802897,57.283086588028965,57.283086588028965
131672_1767700200,131672,2026-01-06 11:50:00,1,-23.0,-5.903956954866288,-17.09604304513371,17.09604304513371
131672_1767700500,131672,2026-01-06 11:55:00,1,-47.0,44.44111540816047,-91.44111540816047,91.44111540816047
131672_1767700800,131672,2026-01-06 12:00:00,1,-105.0,-40.58383708060228,-64.41616291939772,64.41616291939772
133300_1767700800,133300,2026-01-06 12:00:00,1,260.0,142.35244041655233,117.64755958344767,117.64755958344767
131672_1767701100,131672,2026-01-06 12:05:00,1,-83.0,-40.94421084160655,-42.05578915839345,42.05578915839345
133300_1767701400,133300,2026-01-06 12:10:00,1,-7.0,39.881666236558814,-46.881666236558814,46.881666236558814
131672_1767701400,131672,2026-01-06 12:10:00,1,-207.0,-86.82379392868381,-120.17620607131619,120.17620607131619
133300_1767701700,133300,2026-01-06 12:15:00,1,-7.0,-3.125642769511842,-3.874357230488158,3.874357230488158
133300_1767702000,133300,2026-01-06 12:20:00,1,132.0,181.50048502441712,-49.50048502441712,49.50048502441712
133300_1767702300,133300,2026-01-06 12:25:00,1,114.0,57.24821133982982,56.75178866017018,56.75178866017018
133300_1767702600,133300,2026-01-06 12:30:00,1,47.0,115.13645989730189,-68.13645989730189,68.13645989730189
133300_1767702900,133300,2026-01-06 12:35:00,1,95.0,99.15722657280689,-4.157226572806891,4.157226572806891
134040_1767703200,134040,2026-01-06 12:40:00,1,-35.0,-191.07999999999998,156.07999999999998,156.07999999999998
131672_1767703200,131672,2026-01-06 12:40:00,1,17.0,113.14836638744254,-96.14836638744254,96.14836638744254
133300_1767703200,133300,2026-01-06 12:40:00,1,322.0,153.13331006985365,168.86668993014635,168.86668993014635
134040_1767703500,134040,2026-01-06 12:45:00,1,-35.0,55.600741910668745,-90.60074191066875,90.60074191066875
131672_1767703500,131672,2026-01-06 12:45:00,1,76.0,-12.212583515713447,88.21258351571345,88.21258351571345
131672_1767703800,131672,2026-01-06 12:50:00,1,53.0,29.240339896515792,23.759660103484208,23.759660103484208
134040_1767703800,134040,2026-01-06 12:50:00,1,52.0,27.872832298999,24.127167701001,24.127167701001
133300_1767703800,133300,2026-01-06 12:50:00,1,-25.0,-20.56704719633342,-4.432952803666581,4.432952803666581
131672_1767704100,131672,2026-01-06 12:55:00,1,192.0,72.55438801402755,119.44561198597245,119.44561198597245
134040_1767704100,134040,2026-01-06 12:55:00,1,87.0,73.59254629917598,13.407453700824021,13.407453700824021
134040_1767704400,134040,2026-01-06 13:00:00,1,91.0,88.21404367329954,2.7859563267004575,2.7859563267004575
134040_1767704700,134040,2026-01-06 13:05:00,1,-7.0,117.45739997846556,-124.45739997846556,124.45739997846556
134040_1767705000,134040,2026-01-06 13:10:00,1,47.0,106.0633821137431,-59.0633821137431,59.0633821137431
134040_1767705300,134040,2026-01-06 13:15:00,1,84.0,107.18738960516686,-23.187389605166857,23.187389605166857
134040_1767705600,134040,2026-01-06 13:20:00,1,113.0,40.04502202878395,72.95497797121605,72.95497797121605
134040_1767705900,134040,2026-01-06 13:25:00,1,37.0,50.881364201347395,-13.881364201347395,13.881364201347395
131672_1767706200,131672,2026-01-06 13:30:00,1,37.0,30.622835757321116,6.377164242678884,6.377164242678884
134040_1767706200,134040,2026-01-06 13:30:00,1,123.0,79.71072152591852,43.289278474081485,43.289278474081485
134040_1767706500,134040,2026-01-06 13:35:00,1,172.0,160.37737832608266,11.622621673917337,11.622621673917337
131672_1767706500,131672,2026-01-06 13:35:00,1,131.0,63.64059116094839,67.35940883905161,67.35940883905161
134040_1767706800,134040,2026-01-06 13:40:00,1,317.0,173.6728197479314,143.3271802520686,143.3271802520686
134040_1767707100,134040,2026-01-06 13:45:00,1,231.0,150.08211832306452,80.91788167693548,80.91788167693548
134040_1767707400,134040,2026-01-06 13:50:00,1,234.0,213.69603940687597,20.30396059312403,20.30396059312403
134040_1767707700,134040,2026-01-06 13:55:00,1,200.0,167.05071105980699,32.949288940193014,32.949288940193014
131672_1767708600,131672,2026-01-06 14:10:00,1,60.0,63.98316126024143,-3.983161260241431,3.983161260241431
131672_1767708900,131672,2026-01-06 14:15:00,1,90.0,-5.054643582878867,95.05464358287887,95.05464358287887
131672_1767709200,131672,2026-01-06 14:20:00,1,91.0,92.3941283091689,-1.3941283091689058,1.3941283091689058
131672_1767709500,131672,2026-01-06 14:25:00,1,115.0,70.1909704885991,44.809029511400894,44.809029511400894
134040_1767709800,134040,2026-01-06 14:30:00,1,79.0,60.2409285562393,18.759071443760703,18.759071443760703
134040_1767710100,134040,2026-01-06 14:35:00,1,4.0,9.807978679665904,-5.807978679665904,5.807978679665904
134040_1767710400,134040,2026-01-06 14:40:00,1,68.0,26.657105683437692,41.34289431656231,41.34289431656231
134040_1767710700,134040,2026-01-06 14:45:00,1,87.0,103.03279903636881,-16.032799036368814,16.032799036368814
134040_1767711000,134040,2026-01-06 14:50:00,1,187.0,247.18495856921882,-60.18495856921882,60.18495856921882
134040_1767711300,134040,2026-01-06 14:55:00,1,267.0,145.45246370893807,121.54753629106193,121.54753629106193
131672_1767711600,131672,2026-01-06 15:00:00,1,-47.0,-38.908885081126115,-8.091114918873885,8.091114918873885
134040_1767711600,134040,2026-01-06 15:00:00,1,199.0,136.8868751589299,62.11312484107009,62.11312484107009
134040_1767711900,134040,2026-01-06 15:05:00,1,181.0,230.27535269456465,-49.275352694564646,49.275352694564646
131672_1767711900,131672,2026-01-06 15:05:00,1,-52.0,-75.44251976074656,23.442519760746563,23.442519760746563
133300_1767712200,133300,2026-01-06 15:10:00,1,-35.0,28.530636594703893,-63.53063659470389,63.53063659470389
134040_1767712200,134040,2026-01-06 15:10:00,1,202.0,227.82617246773577,-25.826172467735773,25.826172467735773
133300_1767712500,133300,2026-01-06 15:15:00,1,-35.0,15.180998270717708,-50.18099827071771,50.18099827071771
134040_1767712500,134040,2026-01-06 15:15:00,1,199.0,214.5323071516856,-15.532307151685586,15.532307151685586
134040_1767712800,134040,2026-01-06 15:20:00,1,183.0,126.86843854131331,56.13156145868669,56.13156145868669
133300_1767712800,133300,2026-01-06 15:20:00,1,36.0,62.471909797286116,-26.471909797286116,26.471909797286116
134040_1767713100,134040,2026-01-06 15:25:00,1,91.0,83.42098826336291,7.579011736637085,7.579011736637085
133300_1767713100,133300,2026-01-06 15:25:00,1,-9.0,39.346885410589636,-48.346885410589636,48.346885410589636
131672_1767713400,131672,2026-01-06 15:30:00,1,12.0,-18.76733344443825,30.76733344443825,30.76733344443825
131672_1767713700,131672,2026-01-06 15:35:00,1,86.0,-67.98437281680133,153.98437281680134,153.98437281680134
131672_1767714000,131672,2026-01-06 15:40:00,1,67.0,-51.38444530400035,118.38444530400035,118.38444530400035
131672_1767714300,131672,2026-01-06 15:45:00,1,70.0,81.64362894111858,-11.643628941118578,11.643628941118578
131672_1767714600,131672,2026-01-06 15:50:00,1,13.0,48.94676750108695,-35.94676750108695,35.94676750108695
131672_1767714900,131672,2026-01-06 15:55:00,1,-150.0,-66.65015294377106,-83.34984705622894,83.34984705622894
133300_1767715200,133300,2026-01-06 16:00:00,1,22.0,68.53823298370736,-46.53823298370736,46.53823298370736
133300_1767715500,133300,2026-01-06 16:05:00,1,-24.0,37.69037287132373,-61.69037287132373,61.69037287132373
133300_1767715800,133300,2026-01-06 16:10:00,1,-87.0,43.97890504437002,-130.97890504437004,130.97890504437004
133300_1767716100,133300,2026-01-06 16:15:00,1,-38.0,52.27985778202944,-90.27985778202944,90.27985778202944
133300_1767716400,133300,2026-01-06 16:20:00,1,207.0,78.4348970939933,128.5651029060067,128.5651029060067
133300_1767718800,133300,2026-01-06 17:00:00,1,231.0,178.85237957798972,52.14762042201028,52.14762042201028
133300_1767719400,133300,2026-01-06 17:10:00,1,-24.0,25.70476300993701,-49.70476300993701,49.70476300993701
133300_1767719700,133300,2026-01-06 17:15:00,1,22.0,102.9900826940414,-80.9900826940414,80.9900826940414
133300_1767720000,133300,2026-01-06 17:20:00,1,-46.0,54.59912743330227,-100.59912743330227,100.59912743330227
133300_1767720300,133300,2026-01-06 17:25:00,1,-26.0,85.28810943914583,-111.28810943914583,111.28810943914583
133300_1767722400,133300,2026-01-06 18:00:00,1,310.0,96.26851379173827,213.73148620826174,213.73148620826174
134040_1767722400,134040,2026-01-06 18:00:00,1,107.0,141.25468325436555,-34.254683254365546,34.254683254365546
134040_1767722700,134040,2026-01-06 18:05:00,1,295.0,128.81195459811175,166.18804540188825,166.18804540188825
133300_1767722700,133300,2026-01-06 18:05:00,1,406.0,249.08947483748995,156.91052516251005,156.91052516251005
133300_1767723000,133300,2026-01-06 18:10:00,1,580.0,391.03999999999996,188.96000000000004,188.96000000000004
134040_1767723000,134040,2026-01-06 18:10:00,1,407.0,242.8277857676614,164.1722142323386,164.1722142323386
134040_1767723300,134040,2026-01-06 18:15:00,1,342.0,181.54819039427693,160.45180960572307,160.45180960572307
134040_1767723600,134040,2026-01-06 18:20:00,1,401.0,269.6864865466861,131.31351345331387,131.31351345331387
133300_1767723600,133300,2026-01-06 18:20:00,1,-5.0,210.1212428012801,-215.1212428012801,215.1212428012801
134040_1767723900,134040,2026-01-06 18:25:00,1,487.0,353.1973286130119,133.8026713869881,133.8026713869881
134040_1767724200,134040,2026-01-06 18:30:00,1,465.0,343.4140227375847,121.58597726241533,121.58597726241533
131672_1767724200,131672,2026-01-06 18:30:00,1,368.0,320.29451279475535,47.70548720524465,47.70548720524465
131672_1767724500,131672,2026-01-06 18:35:00,1,365.0,191.75324154465378,173.24675845534622,173.24675845534622
134040_1767724500,134040,2026-01-06 18:35:00,1,409.0,371.0589023209884,37.94109767901159,37.94109767901159
131672_1767726900,131672,2026-01-06 19:15:00,1,-3.0,-31.802661364696178,28.802661364696178,28.802661364696178
131672_1767727200,131672,2026-01-06 19:20:00,1,-9.0,105.76353489516134,-114.76353489516134,114.76353489516134
131672_1767727500,131672,2026-01-06 19:25:00,1,163.0,163.7605558227862,-0.7605558227861877,0.7605558227861877
131672_1767727800,131672,2026-01-06 19:30:00,1,302.0,146.50828125251124,155.49171874748876,155.49171874748876
131672_1767728100,131672,2026-01-06 19:35:00,1,382.0,119.37828622907914,262.62171377092085,262.62171377092085
131672_1767728400,131672,2026-01-06 19:40:00,1,359.0,157.82432288309482,201.17567711690518,201.17567711690518
131672_1767728700,131672,2026-01-06 19:45:00,1,492.0,248.2788091426731,243.7211908573269,243.7211908573269
131672_1767729000,131672,2026-01-06 19:50:00,1,533.0,313.7650743594352,219.23492564056482,219.23492564056482
131672_1767729300,131672,2026-01-06 19:55:00,1,478.0,391.03999999999996,86.96000000000004,86.96000000000004
131672_1767729600,131672,2026-01-06 20:00:00,1,557.0,346.0177827157494,210.98221728425062,210.98221728425062
131672_1767732000,131672,2026-01-06 20:40:00,1,32.0,0.0743173843736713,31.92568261562633,31.92568261562633
131672_1767732300,131672,2026-01-06 20:45:00,1,16.0,150.79596632854134,-134.79596632854134,134.79596632854134
131672_1767732600,131672,2026-01-06 20:50:00,1,34.0,280.7358575427654,-246.73585754276542,246.73585754276542
131672_1767732900,131672,2026-01-06 20:55:00,1,41.0,119.88103370195033,-78.88103370195033,78.88103370195033
134040_1767735000,134040,2026-01-06 21:30:00,1,434.0,379.6703754984593,54.32962450154071,54.32962450154071
134040_1767735300,134040,2026-01-06 21:35:00,1,434.0,384.80665531801475,49.19334468198525,49.19334468198525
134040_1767735900,134040,2026-01-06 21:45:00,1,0.0,87.6319739050594,-87.6319739050594,87.6319739050594
134040_1767736200,134040,2026-01-06 21:50:00,1,0.0,56.514611563874894,-56.514611563874894,56.514611563874894
134040_1767736500,134040,2026-01-06 21:55:00,1,0.0,150.62206326343738,-150.62206326343738,150.62206326343738
134040_1767736800,134040,2026-01-06 22:00:00,1,0.0,-64.8856103232836,64.8856103232836,64.8856103232836
134040_1767737100,134040,2026-01-06 22:05:00,1,0.0,-75.28909708632199,75.28909708632199,75.28909708632199
134040_1767737400,134040,2026-01-06 22:10:00,1,0.0,-5.54332230956879,5.54332230956879,5.54332230956879
134040_1767737700,134040,2026-01-06 22:15:00,1,0.0,25.67063014760929,-25.67063014760929,25.67063014760929
134040_1767738000,134040,2026-01-06 22:20:00,1,0.0,8.770856072894194,-8.770856072894194,8.770856072894194
134040_1767738300,134040,2026-01-06 22:25:00,1,0.0,67.80664592962079,-67.80664592962079,67.80664592962079
134040_1767738600,134040,2026-01-06 22:30:00,1,0.0,17.976525652718625,-17.976525652718625,17.976525652718625
134040_1767738900,134040,2026-01-06 22:35:00,1,0.0,-22.677923387885375,22.677923387885375,22.677923387885375
134040_1767739200,134040,2026-01-06 22:40:00,1,0.0,-28.22617367611272,28.22617367611272,28.22617367611272
134040_1767739500,134040,2026-01-06 22:45:00,1,0.0,45.86325719544287,-45.86325719544287,45.86325719544287
134040_1767739800,134040,2026-01-06 22:50:00,1,0.0,97.47170584055183,-97.47170584055183,97.47170584055183
134040_1767740100,134040,2026-01-06 22:55:00,1,0.0,43.17337529083147,-43.17337529083147,43.17337529083147
134040_1767740400,134040,2026-01-06 23:00:00,1,0.0,74.65334964676676,-74.65334964676676,74.65334964676676
134040_1767740700,134040,2026-01-06 23:05:00,1,0.0,33.77175701566523,-33.77175701566523,33.77175701566523
132430_1767666900,132430,2026-01-06 02:35:00,2,46.0,92.02070292014271,-46.02070292014271,46.02070292014271
132430_1767667200,132430,2026-01-06 02:40:00,2,102.0,89.69189304074902,12.308106959250978,12.308106959250978
132430_1767667500,132430,2026-01-06 02:45:00,2,-23.0,22.550298867790282,-45.55029886779028,45.55029886779028
132430_1767667800,132430,2026-01-06 02:50:00,2,-2.0,139.89220293052847,-141.89220293052847,141.89220293052847
132430_1767668100,132430,2026-01-06 02:55:00,2,27.0,191.8770839485105,-164.8770839485105,164.8770839485105
132430_1767668400,132430,2026-01-06 03:00:00,2,22.0,198.25270326924448,-176.25270326924448,176.25270326924448
132430_1767668700,132430,2026-01-06 03:05:00,2,74.0,116.46271334676479,-42.46271334676479,42.46271334676479
132430_1767669000,132430,2026-01-06 03:10:00,2,1.0,-13.802543041820357,14.802543041820357,14.802543041820357
132430_1767669300,132430,2026-01-06 03:15:00,2,4.0,113.68311602525779,-109.68311602525779,109.68311602525779
132430_1767669600,132430,2026-01-06 03:20:00,2,84.0,66.18840428675169,17.81159571324831,17.81159571324831
132430_1767669900,132430,2026-01-06 03:25:00,2,58.0,-0.3229461128067008,58.322946112806704,58.322946112806704
135081_1767670200,135081,2026-01-06 03:30:00,2,14.0,12.933189214868325,1.0668107851316755,1.0668107851316755
135081_1767670500,135081,2026-01-06 03:35:00,2,63.0,36.03780797239244,26.962192027607557,26.962192027607557
132430_1767670500,132430,2026-01-06 03:35:00,2,215.0,-14.525220141828228,229.52522014182824,229.52522014182824
135081_1767670800,135081,2026-01-06 03:40:00,2,54.0,46.8879969652387,7.112003034761301,7.112003034761301
132430_1767670800,132430,2026-01-06 03:40:00,2,162.0,10.621426407427279,151.3785735925727,151.3785735925727
132430_1767671100,132430,2026-01-06 03:45:00,2,137.0,50.86804532717237,86.13195467282763,86.13195467282763
135081_1767671100,135081,2026-01-06 03:45:00,2,45.0,74.91648606857349,-29.91648606857349,29.91648606857349
132430_1767671400,132430,2026-01-06 03:50:00,2,244.0,223.56488383791526,20.43511616208474,20.43511616208474
135081_1767671400,135081,2026-01-06 03:50:00,2,84.0,80.7636419934593,3.236358006540698,3.236358006540698
135081_1767671700,135081,2026-01-06 03:55:00,2,104.0,51.79940515018447,52.20059484981553,52.20059484981553
132430_1767671700,132430,2026-01-06 03:55:00,2,324.0,232.74154920642928,91.25845079357072,91.25845079357072
135081_1767672000,135081,2026-01-06 04:00:00,2,-33.0,-52.385009314683955,19.385009314683955,19.385009314683955
132430_1767672000,132430,2026-01-06 04:00:00,2,364.0,241.0746871388314,122.9253128611686,122.9253128611686
135081_1767672300,135081,2026-01-06 04:05:00,2,-40.0,-63.25480522574581,23.254805225745812,23.254805225745812
132430_1767672300,132430,2026-01-06 04:05:00,2,275.0,104.62838845168318,170.37161154831682,170.37161154831682
135081_1767672600,135081,2026-01-06 04:10:00,2,-145.0,-94.5969663404627,-50.4030336595373,50.4030336595373
132430_1767672600,132430,2026-01-06 04:10:00,2,322.0,193.43257981840162,128.56742018159838,128.56742018159838
132430_1767672900,132430,2026-01-06 04:15:00,2,130.0,189.24087359746943,-59.24087359746943,59.24087359746943
130238_1767672900,130238,2026-01-06 04:15:00,2,-23.0,21.420914484129913,-44.42091448412991,44.42091448412991
135081_1767672900,135081,2026-01-06 04:15:00,2,-98.0,-28.439655476693357,-69.56034452330664,69.56034452330664
130238_1767673200,130238,2026-01-06 04:20:00,2,39.0,45.827952353614776,-6.827952353614776,6.827952353614776
132430_1767673200,132430,2026-01-06 04:20:00,2,129.0,210.04030797482062,-81.04030797482062,81.04030797482062
135081_1767673200,135081,2026-01-06 04:20:00,2,71.0,-39.162979646524875,110.16297964652487,110.16297964652487
132430_1767673500,132430,2026-01-06 04:25:00,2,265.0,261.796508371025,3.203491628974973,3.203491628974973
130238_1767673500,130238,2026-01-06 04:25:00,2,26.0,128.14915149369648,-102.14915149369648,102.14915149369648
135081_1767673500,135081,2026-01-06 04:25:00,2,64.0,-70.67667880851795,134.67667880851795,134.67667880851795
130238_1767673800,130238,2026-01-06 04:30:00,2,10.0,114.65447578339145,-104.65447578339145,104.65447578339145
135081_1767673800,135081,2026-01-06 04:30:00,2,111.0,-24.65621590030591,135.6562159003059,135.6562159003059
130238_1767674100,130238,2026-01-06 04:35:00,2,131.0,128.62454304975995,2.37545695024005,2.37545695024005
135081_1767674100,135081,2026-01-06 04:35:00,2,80.0,63.08551761685749,16.914482383142513,16.914482383142513
135081_1767674400,135081,2026-01-06 04:40:00,2,122.0,50.825963806455505,71.1740361935445,71.1740361935445
130238_1767674400,130238,2026-01-06 04:40:00,2,168.0,39.85765314178691,128.1423468582131,128.1423468582131
130238_1767674700,130238,2026-01-06 04:45:00,2,240.0,164.3240720221952,75.6759279778048,75.6759279778048
135081_1767674700,135081,2026-01-06 04:45:00,2,94.0,27.281289742018984,66.71871025798102,66.71871025798102
130238_1767675000,130238,2026-01-06 04:50:00,2,233.0,171.74152090339436,61.25847909660564,61.25847909660564
135081_1767675000,135081,2026-01-06 04:50:00,2,53.0,57.43891325999506,-4.438913259995061,4.438913259995061
135081_1767675300,135081,2026-01-06 04:55:00,2,208.0,112.40056509804344,95.59943490195656,95.59943490195656
135081_1767675600,135081,2026-01-06 05:00:00,2,299.0,99.61558667193113,199.3844133280689,199.3844133280689
135081_1767675900,135081,2026-01-06 05:05:00,2,224.0,175.125255310582,48.87474468941801,48.87474468941801
135081_1767676200,135081,2026-01-06 05:10:00,2,126.0,212.50889471034932,-86.50889471034932,86.50889471034932
135081_1767676500,135081,2026-01-06 05:15:00,2,-30.0,72.3519046564376,-102.3519046564376,102.3519046564376
130238_1767677400,130238,2026-01-06 05:30:00,2,-50.0,5.779373564403743,-55.77937356440374,55.77937356440374
130238_1767677700,130238,2026-01-06 05:35:00,2,-47.0,11.640710690848254,-58.64071069084825,58.64071069084825
130238_1767678000,130238,2026-01-06 05:40:00,2,-45.0,51.67983598945442,-96.67983598945442,96.67983598945442
130238_1767678300,130238,2026-01-06 05:45:00,2,-142.0,-98.10506399140294,-43.89493600859706,43.89493600859706
130238_1767679500,130238,2026-01-06 06:05:00,2,0.0,-77.72838845549535,77.72838845549535,77.72838845549535
130238_1767679800,130238,2026-01-06 06:10:00,2,0.0,-51.296155609883236,51.296155609883236,51.296155609883236
132430_1767679800,132430,2026-01-06 06:10:00,2,73.0,2.3893552145014336,70.61064478549856,70.61064478549856
132430_1767680100,132430,2026-01-06 06:15:00,2,73.0,12.054792152026355,60.94520784797365,60.94520784797365
130238_1767680100,130238,2026-01-06 06:15:00,2,0.0,-64.25824040410885,64.25824040410885,64.25824040410885
130238_1767680400,130238,2026-01-06 06:20:00,2,0.0,-49.27781737070296,49.27781737070296,49.27781737070296
132430_1767680400,132430,2026-01-06 06:20:00,2,-15.0,-38.658683420673384,23.658683420673384,23.658683420673384
132430_1767680700,132430,2026-01-06 06:25:00,2,-42.0,14.807024017869054,-56.807024017869054,56.807024017869054
130238_1767680700,130238,2026-01-06 06:25:00,2,0.0,14.63566519952332,-14.63566519952332,14.63566519952332
132430_1767681000,132430,2026-01-06 06:30:00,2,32.0,121.94433067487734,-89.94433067487734,89.94433067487734
130238_1767681000,130238,2026-01-06 06:30:00,2,0.0,-27.089596287619056,27.089596287619056,27.089596287619056
132430_1767681300,132430,2026-01-06 06:35:00,2,126.0,112.24367580510537,13.756324194894631,13.756324194894631
130238_1767681300,130238,2026-01-06 06:35:00,2,0.0,13.69051702107977,-13.69051702107977,13.69051702107977
130238_1767681600,130238,2026-01-06 06:40:00,2,0.0,-15.605903415973776,15.605903415973776,15.605903415973776
132430_1767681600,132430,2026-01-06 06:40:00,2,65.0,-12.863042249067131,77.86304224906714,77.86304224906714
130238_1767681900,130238,2026-01-06 06:45:00,2,0.0,-24.14626222094324,24.14626222094324,24.14626222094324
132430_1767681900,132430,2026-01-06 06:45:00,2,-62.0,-47.622240075665616,-14.377759924334384,14.377759924334384
132430_1767682200,132430,2026-01-06 06:50:00,2,-16.0,89.28708929876126,-105.28708929876126,105.28708929876126
132430_1767682500,132430,2026-01-06 06:55:00,2,248.0,62.42189459536816,185.57810540463186,185.57810540463186
132430_1767682800,132430,2026-01-06 07:00:00,2,267.0,74.24604662565685,192.75395337434315,192.75395337434315
132430_1767683100,132430,2026-01-06 07:05:00,2,408.0,88.8729893380764,319.1270106619236,319.1270106619236
132430_1767683400,132430,2026-01-06 07:10:00,2,270.0,152.2863716709848,117.7136283290152,117.7136283290152
132430_1767683700,132430,2026-01-06 07:15:00,2,163.0,132.9710339495827,30.028966050417296,30.028966050417296
132430_1767684000,132430,2026-01-06 07:20:00,2,246.0,144.75789714043185,101.24210285956815,101.24210285956815
132430_1767684300,132430,2026-01-06 07:25:00,2,230.0,171.7030959549401,58.296904045059904,58.296904045059904
130238_1767684300,130238,2026-01-06 07:25:00,2,16.0,24.77827400002956,-8.778274000029558,8.778274000029558
135081_1767684600,135081,2026-01-06 07:30:00,2,-78.0,-55.45551035359583,-22.544489646404173,22.544489646404173
132430_1767684600,132430,2026-01-06 07:30:00,2,215.0,107.06028643109421,107.93971356890579,107.93971356890579
135081_1767684900,135081,2026-01-06 07:35:00,2,-28.0,-51.2664764611726,23.2664764611726,23.2664764611726
132430_1767684900,132430,2026-01-06 07:35:00,2,183.0,119.4056168296735,63.594383170326495,63.594383170326495
135081_1767685200,135081,2026-01-06 07:40:00,2,59.0,-28.378924211453835,87.37892421145384,87.37892421145384
132430_1767685500,132430,2026-01-06 07:45:00,2,167.0,28.95253519870124,138.04746480129876,138.04746480129876
135081_1767685500,135081,2026-01-06 07:45:00,2,275.0,111.71401516243205,163.28598483756795,163.28598483756795
135081_1767685800,135081,2026-01-06 07:50:00,2,288.0,92.71895636817365,195.28104363182635,195.28104363182635
132430_1767685800,132430,2026-01-06 07:50:00,2,64.0,47.48339214309405,16.51660785690595,16.51660785690595
135081_1767686100,135081,2026-01-06 07:55:00,2,247.0,161.93146885082655,85.06853114917345,85.06853114917345
132430_1767686100,132430,2026-01-06 07:55:00,2,53.0,77.6401883766635,-24.640188376663502,24.640188376663502
132430_1767686400,132430,2026-01-06 08:00:00,2,30.0,135.43733971442174,-105.43733971442174,105.43733971442174
130238_1767686400,130238,2026-01-06 08:00:00,2,107.0,114.36675103671551,-7.366751036715513,7.366751036715513
130238_1767686700,130238,2026-01-06 08:05:00,2,1.0,5.971778637637982,-4.971778637637982,4.971778637637982
132430_1767686700,132430,2026-01-06 08:05:00,2,53.0,42.786035686907866,10.213964313092134,10.213964313092134
132430_1767687000,132430,2026-01-06 08:10:00,2,42.0,-21.65758272228048,63.65758272228048,63.65758272228048
132430_1767687300,132430,2026-01-06 08:15:00,2,-108.0,-14.158875554118566,-93.84112444588143,93.84112444588143
132430_1767687600,132430,2026-01-06 08:20:00,2,-132.0,-40.72017506193676,-91.27982493806324,91.27982493806324
132430_1767687900,132430,2026-01-06 08:25:00,2,-101.0,18.5292525538391,-119.5292525538391,119.5292525538391
130238_1767688200,130238,2026-01-06 08:30:00,2,27.0,45.62827688852239,-18.628276888522393,18.628276888522393
132430_1767688200,132430,2026-01-06 08:30:00,2,194.0,52.867561791357275,141.13243820864272,141.13243820864272
130238_1767688500,130238,2026-01-06 08:35:00,2,-8.0,-93.6427185967247,85.6427185967247,85.6427185967247
132430_1767688500,132430,2026-01-06 08:35:00,2,268.0,60.692576692330505,207.3074233076695,207.3074233076695
132430_1767688800,132430,2026-01-06 08:40:00,2,284.0,244.88113609620783,39.118863903792175,39.118863903792175
130238_1767688800,130238,2026-01-06 08:40:00,2,-92.0,-100.56359376404544,8.563593764045436,8.563593764045436
132430_1767689100,132430,2026-01-06 08:45:00,2,163.0,115.88902676891104,47.11097323108896,47.11097323108896
130238_1767689100,130238,2026-01-06 08:45:00,2,-120.0,-62.57147773151142,-57.42852226848858,57.42852226848858
130238_1767689400,130238,2026-01-06 08:50:00,2,37.0,-5.818605513261261,42.81860551326126,42.81860551326126
132430_1767689400,132430,2026-01-06 08:50:00,2,85.0,161.4166853900382,-76.4166853900382,76.4166853900382
130238_1767689700,130238,2026-01-06 08:55:00,2,57.0,-14.841736308386388,71.84173630838639,71.84173630838639
132430_1767689700,132430,2026-01-06 08:55:00,2,7.0,178.18143820122486,-171.18143820122486,171.18143820122486
130238_1767690000,130238,2026-01-06 09:00:00,2,40.0,-60.088660641533195,100.0886606415332,100.0886606415332
130238_1767690300,130238,2026-01-06 09:05:00,2,49.0,43.36421258453035,5.63578741546965,5.63578741546965
130238_1767690600,130238,2026-01-06 09:10:00,2,57.0,105.16906186637547,-48.16906186637547,48.16906186637547
130238_1767691200,130238,2026-01-06 09:20:00,2,0.0,-101.65860602002132,101.65860602002132,101.65860602002132
130238_1767691500,130238,2026-01-06 09:25:00,2,0.0,-101.55600512164946,101.55600512164946,101.55600512164946
130238_1767691800,130238,2026-01-06 09:30:00,2,0.0,-194.94,194.94,194.94
130238_1767692100,130238,2026-01-06 09:35:00,2,0.0,44.628005875345096,-44.628005875345096,44.628005875345096
130238_1767692400,130238,2026-01-06 09:40:00,2,0.0,-27.669056944841007,27.669056944841007,27.669056944841007
130238_1767692700,130238,2026-01-06 09:45:00,2,0.0,94.37596390783065,-94.37596390783065,94.37596390783065
130238_1767693000,130238,2026-01-06 09:50:00,2,0.0,67.18785774046816,-67.18785774046816,67.18785774046816
130238_1767693300,130238,2026-01-06 09:55:00,2,0.0,116.03748167167655,-116.03748167167655,116.03748167167655
132430_1767693300,132430,2026-01-06 09:55:00,2,132.0,102.23685862097625,29.76314137902375,29.76314137902375
132430_1767693600,132430,2026-01-06 10:00:00,2,132.0,46.15832426780753,85.84167573219247,85.84167573219247
132430_1767693900,132430,2026-01-06 10:05:00,2,33.0,-32.26904497579386,65.26904497579386,65.26904497579386
132430_1767694200,132430,2026-01-06 10:10:00,2,90.0,77.87701227836946,12.122987721630537,12.122987721630537
132430_1767694500,132430,2026-01-06 10:15:00,2,144.0,126.75090417388624,17.24909582611376,17.24909582611376
132430_1767694800,132430,2026-01-06 10:20:00,2,233.0,118.43934435573988,114.56065564426012,114.56065564426012
132430_1767695100,132430,2026-01-06 10:25:00,2,116.0,127.07880727013861,-11.078807270138611,11.078807270138611
132430_1767695400,132430,2026-01-06 10:30:00,2,26.0,103.79991240512949,-77.79991240512949,77.79991240512949
130238_1767695400,130238,2026-01-06 10:30:00,2,-12.0,22.61945499528017,-34.619454995280165,34.619454995280165
132430_1767695700,132430,2026-01-06 10:35:00,2,30.0,161.67978079281653,-131.67978079281653,131.67978079281653
130238_1767695700,130238,2026-01-06 10:35:00,2,2.0,66.48283500270821,-64.48283500270821,64.48283500270821
132430_1767696000,132430,2026-01-06 10:40:00,2,-71.0,58.711804527227144,-129.71180452722714,129.71180452722714
130238_1767696000,130238,2026-01-06 10:40:00,2,-34.0,-2.775480765106156,-31.224519234893844,31.224519234893844
132430_1767696300,132430,2026-01-06 10:45:00,2,221.0,138.88141748173527,82.11858251826473,82.11858251826473
130238_1767696300,130238,2026-01-06 10:45:00,2,10.0,30.775431216128553,-20.775431216128553,20.775431216128553
132430_1767696600,132430,2026-01-06 10:50:00,2,264.0,122.69910840811653,141.30089159188347,141.30089159188347
130238_1767696600,130238,2026-01-06 10:50:00,2,46.0,-17.3664934705063,63.3664934705063,63.3664934705063
132430_1767696900,132430,2026-01-06 10:55:00,2,113.0,140.8302795671614,-27.830279567161398,27.830279567161398
130238_1767696900,130238,2026-01-06 10:55:00,2,29.0,-50.568724944572,79.568724944572,79.568724944572
132430_1767697200,132430,2026-01-06 11:00:00,2,17.0,132.84503881182795,-115.84503881182795,115.84503881182795
130238_1767697200,130238,2026-01-06 11:00:00,2,40.0,82.11339114906276,-42.113391149062764,42.113391149062764
132430_1767697500,132430,2026-01-06 11:05:00,2,86.0,90.01272316174042,-4.012723161740425,4.012723161740425
130238_1767697500,130238,2026-01-06 11:05:00,2,32.0,22.16630589776517,9.83369410223483,9.83369410223483
135081_1767697800,135081,2026-01-06 11:10:00,2,77.0,-90.46848415924217,167.46848415924217,167.46848415924217
132430_1767697800,132430,2026-01-06 11:10:00,2,70.0,74.9269418051802,-4.926941805180206,4.926941805180206
135081_1767698100,135081,2026-01-06 11:15:00,2,95.0,45.95414571681917,49.04585428318083,49.04585428318083
132430_1767698100,132430,2026-01-06 11:15:00,2,49.0,61.29717701090743,-12.297177010907433,12.297177010907433
135081_1767698400,135081,2026-01-06 11:20:00,2,135.0,110.43051928578447,24.56948071421553,24.56948071421553
132430_1767698400,132430,2026-01-06 11:20:00,2,49.0,77.72019091179551,-28.720190911795513,28.720190911795513
135081_1767698700,135081,2026-01-06 11:25:00,2,126.0,44.817560296632024,81.18243970336798,81.18243970336798
132430_1767699000,132430,2026-01-06 11:30:00,2,14.0,-15.349011235055897,29.349011235055897,29.349011235055897
135081_1767699000,135081,2026-01-06 11:30:00,2,28.0,153.5810289774515,-125.5810289774515,125.5810289774515
132430_1767699300,132430,2026-01-06 11:35:00,2,14.0,34.322630298887255,-20.322630298887255,20.322630298887255
135081_1767699300,135081,2026-01-06 11:35:00,2,45.0,132.18593599462088,-87.18593599462088,87.18593599462088
135081_1767699600,135081,2026-01-06 11:40:00,2,55.0,32.22595948449871,22.77404051550129,22.77404051550129
132430_1767699600,132430,2026-01-06 11:40:00,2,-87.0,9.097716794366022,-96.09771679436602,96.09771679436602
135081_1767699900,135081,2026-01-06 11:45:00,2,36.0,-72.2649842039027,108.2649842039027,108.2649842039027
132430_1767699900,132430,2026-01-06 11:45:00,2,-110.0,15.406996092482498,-125.4069960924825,125.4069960924825
135081_1767700200,135081,2026-01-06 11:50:00,2,-24.0,-114.6010037155068,90.6010037155068,90.6010037155068
132430_1767700200,132430,2026-01-06 11:50:00,2,-136.0,59.0337191986975,-195.0337191986975,195.0337191986975
132430_1767700500,132430,2026-01-06 11:55:00,2,-6.0,-77.86155837072606,71.86155837072606,71.86155837072606
135081_1767700500,135081,2026-01-06 11:55:00,2,-98.0,-183.96337202996557,85.96337202996557,85.96337202996557
132430_1767702600,132430,2026-01-06 12:30:00,2,-64.0,64.22452389519681,-128.2245238951968,128.2245238951968
135081_1767702600,135081,2026-01-06 12:30:00,2,-131.0,-76.23321436237644,-54.766785637623556,54.766785637623556
135081_1767702900,135081,2026-01-06 12:35:00,2,-144.0,-118.49052791616204,-25.509472083837963,25.509472083837963
132430_1767702900,132430,2026-01-06 12:35:00,2,-181.0,-69.87481036601756,-111.12518963398244,111.12518963398244
132430_1767703200,132430,2026-01-06 12:40:00,2,-100.0,-34.974974377221926,-65.02502562277807,65.02502562277807
135081_1767703200,135081,2026-01-06 12:40:00,2,-171.0,-69.7197434762461,-101.2802565237539,101.2802565237539
132430_1767703500,132430,2026-01-06 12:45:00,2,-75.0,-36.008574079130796,-38.991425920869204,38.991425920869204
135081_1767703500,135081,2026-01-06 12:45:00,2,-72.0,-43.82923430952593,-28.17076569047407,28.17076569047407
132430_1767703800,132430,2026-01-06 12:50:00,2,-58.0,-35.54896036726939,-22.451039632730613,22.451039632730613
135081_1767703800,135081,2026-01-06 12:50:00,2,-16.0,39.32315929495064,-55.32315929495064,55.32315929495064
132430_1767704100,132430,2026-01-06 12:55:00,2,-74.0,-51.73917671505018,-22.260823284949822,22.260823284949822
135081_1767704100,135081,2026-01-06 12:55:00,2,-27.0,26.952571892507933,-53.95257189250793,53.95257189250793
135081_1767704400,135081,2026-01-06 13:00:00,2,11.0,54.72675466225992,-43.72675466225992,43.72675466225992
132430_1767704700,132430,2026-01-06 13:05:00,2,16.0,3.364824380259762,12.635175619740238,12.635175619740238
132430_1767705000,132430,2026-01-06 13:10:00,2,16.0,16.162161249620254,-0.16216124962025447,0.16216124962025447
132430_1767705300,132430,2026-01-06 13:15:00,2,17.0,33.3809012389672,-16.380901238967198,16.380901238967198
132430_1767705600,132430,2026-01-06 13:20:00,2,77.0,-14.976227086086155,91.97622708608615,91.97622708608615
132430_1767705900,132430,2026-01-06 13:25:00,2,57.0,78.38792968040977,-21.38792968040977,21.38792968040977
135081_1767705900,135081,2026-01-06 13:25:00,2,79.0,39.18893857312516,39.81106142687484,39.81106142687484
132430_1767706200,132430,2026-01-06 13:30:00,2,196.0,154.81457419383656,41.18542580616344,41.18542580616344
132430_1767706500,132430,2026-01-06 13:35:00,2,103.0,130.59304785461342,-27.593047854613417,27.593047854613417
132430_1767706800,132430,2026-01-06 13:40:00,2,53.0,53.560156244128734,-0.5601562441287342,0.5601562441287342
132430_1767707100,132430,2026-01-06 13:45:00,2,78.0,155.45913493461518,-77.45913493461518,77.45913493461518
132430_1767707400,132430,2026-01-06 13:50:00,2,39.0,155.16419874715217,-116.16419874715217,116.16419874715217
132430_1767707700,132430,2026-01-06 13:55:00,2,58.0,172.01454876516894,-114.01454876516894,114.01454876516894
132430_1767708000,132430,2026-01-06 14:00:00,2,192.0,241.2089851528241,-49.20898515282411,49.20898515282411
135081_1767708000,135081,2026-01-06 14:00:00,2,19.0,126.66212966874102,-107.66212966874102,107.66212966874102
132430_1767708300,132430,2026-01-06 14:05:00,2,68.0,98.88211787367084,-30.882117873670836,30.882117873670836
135081_1767708300,135081,2026-01-06 14:05:00,2,-36.0,-20.35486639365169,-15.64513360634831,15.64513360634831
135081_1767708600,135081,2026-01-06 14:10:00,2,-19.0,-91.56927437345607,72.56927437345607,72.56927437345607
132430_1767708600,132430,2026-01-06 14:10:00,2,-7.0,21.7053145216977,-28.7053145216977,28.7053145216977
132430_1767708900,132430,2026-01-06 14:15:00,2,115.0,48.49043790919072,66.50956209080928,66.50956209080928
135081_1767708900,135081,2026-01-06 14:15:00,2,-17.0,-42.49283410045379,25.49283410045379,25.49283410045379
132430_1767709200,132430,2026-01-06 14:20:00,2,98.0,67.76562028032967,30.23437971967033,30.23437971967033
135081_1767709200,135081,2026-01-06 14:20:00,2,-17.0,-91.37414383593277,74.37414383593277,74.37414383593277
132430_1767709500,132430,2026-01-06 14:25:00,2,158.0,199.08304407250597,-41.08304407250597,41.08304407250597
135081_1767709500,135081,2026-01-06 14:25:00,2,-102.0,-78.4597696216308,-23.540230378369202,23.540230378369202
135081_1767709800,135081,2026-01-06 14:30:00,2,-84.0,-65.22576925223164,-18.774230747768357,18.774230747768357
132430_1767709800,132430,2026-01-06 14:30:00,2,137.0,124.25144245106631,12.74855754893369,12.74855754893369
135081_1767710100,135081,2026-01-06 14:35:00,2,-126.0,-75.00675088770271,-50.99324911229729,50.99324911229729
132430_1767710400,132430,2026-01-06 14:40:00,2,23.0,1.8451719314341801,21.15482806856582,21.15482806856582
135081_1767710400,135081,2026-01-06 14:40:00,2,-128.0,-56.14943560902488,-71.85056439097512,71.85056439097512
135081_1767710700,135081,2026-01-06 14:45:00,2,-145.0,-104.16136679884646,-40.83863320115354,40.83863320115354
132430_1767710700,132430,2026-01-06 14:45:00,2,23.0,57.97855745841068,-34.97855745841068,34.97855745841068
132430_1767711000,132430,2026-01-06 14:50:00,2,47.0,80.9720546595548,-33.9720546595548,33.9720546595548
135081_1767711000,135081,2026-01-06 14:50:00,2,-175.0,-130.77338668446274,-44.226613315537264,44.226613315537264
132430_1767711300,132430,2026-01-06 14:55:00,2,33.0,97.74633330035181,-64.74633330035181,64.74633330035181
135081_1767711300,135081,2026-01-06 14:55:00,2,-168.0,-51.7553151519262,-116.2446848480738,116.2446848480738
135081_1767711600,135081,2026-01-06 15:00:00,2,11.0,2.7533733105996703,8.24662668940033,8.24662668940033
132430_1767711600,132430,2026-01-06 15:00:00,2,171.0,95.1126047546622,75.8873952453378,75.8873952453378
132430_1767711900,132430,2026-01-06 15:05:00,2,384.0,125.62639205566276,258.3736079443372,258.3736079443372
135081_1767711900,135081,2026-01-06 15:05:00,2,-12.0,9.091506534397155,-21.091506534397155,21.091506534397155
132430_1767712200,132430,2026-01-06 15:10:00,2,291.0,181.11814212620516,109.88185787379484,109.88185787379484
135081_1767712200,135081,2026-01-06 15:10:00,2,-28.0,59.44327364487185,-87.44327364487185,87.44327364487185
135081_1767712500,135081,2026-01-06 15:15:00,2,59.0,1.9013834962231329,57.09861650377687,57.09861650377687
132430_1767712500,132430,2026-01-06 15:15:00,2,226.0,188.37974865384282,37.620251346157175,37.620251346157175
130238_1767712500,130238,2026-01-06 15:15:00,2,10.0,-62.665996612497636,72.66599661249764,72.66599661249764
130238_1767712800,130238,2026-01-06 15:20:00,2,-40.0,11.688167265924179,-51.68816726592418,51.68816726592418
132430_1767712800,132430,2026-01-06 15:20:00,2,258.0,287.9969555297355,-29.996955529735487,29.996955529735487
130238_1767713100,130238,2026-01-06 15:25:00,2,-124.0,69.36226545732407,-193.36226545732407,193.36226545732407
132430_1767713100,132430,2026-01-06 15:25:00,2,199.0,297.43839322354256,-98.43839322354256,98.43839322354256
130238_1767713400,130238,2026-01-06 15:30:00,2,-99.0,50.940906832964316,-149.94090683296432,149.94090683296432
130238_1767713700,130238,2026-01-06 15:35:00,2,-47.0,-42.92091338349363,-4.079086616506373,4.079086616506373
130238_1767714000,130238,2026-01-06 15:40:00,2,-41.0,-72.21736329365815,31.217363293658153,31.217363293658153
130238_1767714300,130238,2026-01-06 15:45:00,2,-45.0,-58.83426601742164,13.83426601742164,13.83426601742164
130238_1767714600,130238,2026-01-06 15:50:00,2,-30.0,-53.39312896963402,23.39312896963402,23.39312896963402
130238_1767714900,130238,2026-01-06 15:55:00,2,-78.0,9.69724228405262,-87.69724228405262,87.69724228405262
132430_1767715200,132430,2026-01-06 16:00:00,2,485.0,311.0138739632467,173.98612603675332,173.98612603675332
130238_1767715200,130238,2026-01-06 16:00:00,2,-97.0,-14.654843899376303,-82.3451561006237,82.3451561006237
132430_1767715500,132430,2026-01-06 16:05:00,2,483.0,364.59427485240246,118.40572514759754,118.40572514759754
130238_1767716400,130238,2026-01-06 16:20:00,2,98.0,29.026761848786634,68.97323815121337,68.97323815121337
130238_1767716700,130238,2026-01-06 16:25:00,2,9.0,-15.931562448616916,24.931562448616916,24.931562448616916
130238_1767717000,130238,2026-01-06 16:30:00,2,-55.0,2.0373125204371547,-57.037312520437155,57.037312520437155
135081_1767717000,135081,2026-01-06 16:30:00,2,92.0,58.44884622894169,33.55115377105831,33.55115377105831
135081_1767717300,135081,2026-01-06 16:35:00,2,-22.0,-2.8417775246353187,-19.15822247536468,19.15822247536468
130238_1767717300,130238,2026-01-06 16:35:00,2,-41.0,77.7233921967771,-118.7233921967771,118.7233921967771
130238_1767717600,130238,2026-01-06 16:40:00,2,-57.0,20.784220176104327,-77.78422017610433,77.78422017610433
135081_1767717600,135081,2026-01-06 16:40:00,2,-133.0,54.08522752715075,-187.08522752715075,187.08522752715075
135081_1767717900,135081,2026-01-06 16:45:00,2,-127.0,-91.00898489838458,-35.99101510161542,35.99101510161542
130238_1767717900,130238,2026-01-06 16:45:00,2,-92.0,-20.704473886184743,-71.29552611381526,71.29552611381526
130238_1767718200,130238,2026-01-06 16:50:00,2,-38.0,-30.476306558609906,-7.523693441390094,7.523693441390094
135081_1767718200,135081,2026-01-06 16:50:00,2,-51.0,-89.84395387178913,38.843953871789125,38.843953871789125
135081_1767718500,135081,2026-01-06 16:55:00,2,-77.0,-69.96294184393443,-7.037058156065569,7.037058156065569
130238_1767718500,130238,2026-01-06 16:55:00,2,-3.0,16.64339209777397,-19.64339209777397,19.64339209777397
130238_1767718800,130238,2026-01-06 17:00:00,2,-85.0,-30.13629896065962,-54.863701039340384,54.863701039340384
135081_1767718800,135081,2026-01-06 17:00:00,2,-153.0,-106.06474793118565,-46.93525206881435,46.93525206881435
135081_1767719100,135081,2026-01-06 17:05:00,2,-144.0,-37.83746024062232,-106.16253975937768,106.16253975937768
130238_1767719100,130238,2026-01-06 17:05:00,2,99.0,43.23042477589978,55.76957522410022,55.76957522410022
135081_1767719400,135081,2026-01-06 17:10:00,2,-123.0,-52.47891926916981,-70.52108073083019,70.52108073083019
130238_1767719400,130238,2026-01-06 17:10:00,2,160.0,-47.1905894403062,207.1905894403062,207.1905894403062
135081_1767719700,135081,2026-01-06 17:15:00,2,-137.0,-98.311985585955,-38.688014414045,38.688014414045
130238_1767719700,130238,2026-01-06 17:15:00,2,134.0,2.3092719883956363,131.69072801160436,131.69072801160436
130238_1767720000,130238,2026-01-06 17:20:00,2,35.0,111.44019845192227,-76.44019845192227,76.44019845192227
135081_1767720000,135081,2026-01-06 17:20:00,2,-199.0,-77.89429557609672,-121.10570442390328,121.10570442390328
135081_1767720300,135081,2026-01-06 17:25:00,2,-231.0,-87.17447899935856,-143.82552100064146,143.82552100064146
130238_1767720300,130238,2026-01-06 17:25:00,2,41.0,77.67875671274672,-36.67875671274672,36.67875671274672
135081_1767720600,135081,2026-01-06 17:30:00,2,-180.0,-86.78298693897136,-93.21701306102864,93.21701306102864
130238_1767720600,130238,2026-01-06 17:30:00,2,-64.0,39.540491590848774,-103.54049159084877,103.54049159084877
135081_1767720900,135081,2026-01-06 17:35:00,2,-34.0,-12.848693955229123,-21.151306044770877,21.151306044770877
130238_1767720900,130238,2026-01-06 17:35:00,2,-125.0,-8.566573544500216,-116.43342645549978,116.43342645549978
130238_1767721200,130238,2026-01-06 17:40:00,2,-103.0,16.970631027782403,-119.9706310277824,119.9706310277824
135081_1767721200,135081,2026-01-06 17:40:00,2,4.0,-16.247738024927457,20.247738024927457,20.247738024927457
135081_1767721500,135081,2026-01-06 17:45:00,2,12.0,24.302480146956555,-12.302480146956555,12.302480146956555
130238_1767721500,130238,2026-01-06 17:45:00,2,-170.0,-79.7843344960712,-90.2156655039288,90.2156655039288
135081_1767721800,135081,2026-01-06 17:50:00,2,48.0,44.173265918748484,3.826734081251516,3.826734081251516
132430_1767722400,132430,2026-01-06 18:00:00,2,380.0,352.8751867478183,27.124813252181696,27.124813252181696
132430_1767722700,132430,2026-01-06 18:05:00,2,324.0,370.3018830204641,-46.30188302046412,46.30188302046412
132430_1767723000,132430,2026-01-06 18:10:00,2,452.0,400.8800000000001,51.11999999999989,51.11999999999989
132430_1767723300,132430,2026-01-06 18:15:00,2,333.0,254.88884466336015,78.11115533663985,78.11115533663985
132430_1767723600,132430,2026-01-06 18:20:00,2,310.0,326.5316767013185,-16.531676701318474,16.531676701318474
132430_1767723900,132430,2026-01-06 18:25:00,2,285.0,361.66258603255903,-76.66258603255903,76.66258603255903
132430_1767724200,132430,2026-01-06 18:30:00,2,309.0,222.31533363295247,86.68466636704753,86.68466636704753
132430_1767724500,132430,2026-01-06 18:35:00,2,299.0,313.5840394360393,-14.58403943603929,14.58403943603929
132430_1767724800,132430,2026-01-06 18:40:00,2,45.0,221.4245789989981,-176.4245789989981,176.4245789989981
132430_1767725100,132430,2026-01-06 18:45:00,2,45.0,192.80245448246876,-147.80245448246876,147.80245448246876
132430_1767725400,132430,2026-01-06 18:50:00,2,-1.0,171.51052192978327,-172.51052192978327,172.51052192978327
132430_1767725700,132430,2026-01-06 18:55:00,2,27.0,118.96731344284947,-91.96731344284947,91.96731344284947
135081_1767726000,135081,2026-01-06 19:00:00,2,311.0,184.82683270209318,126.17316729790682,126.17316729790682
135081_1767726300,135081,2026-01-06 19:05:00,2,146.0,79.43085331960208,66.56914668039792,66.56914668039792
135081_1767726600,135081,2026-01-06 19:10:00,2,53.0,92.17382197516503,-39.173821975165026,39.173821975165026
135081_1767726900,135081,2026-01-06 19:15:00,2,-68.0,-28.156756439564617,-39.84324356043538,39.84324356043538
135081_1767727200,135081,2026-01-06 19:20:00,2,-32.0,44.284278429744276,-76.28427842974428,76.28427842974428
135081_1767727500,135081,2026-01-06 19:25:00,2,-15.0,-39.43538762733125,24.435387627331252,24.435387627331252
132430_1767729600,132430,2026-01-06 20:00:00,2,21.0,80.41737863830595,-59.41737863830595,59.41737863830595
132430_1767729900,132430,2026-01-06 20:05:00,2,177.0,149.38728618872494,27.612713811275057,27.612713811275057
132430_1767730200,132430,2026-01-06 20:10:00,2,173.0,-28.44156648850057,201.44156648850057,201.44156648850057
132430_1767730500,132430,2026-01-06 20:15:00,2,146.0,113.9122570632641,32.08774293673591,32.08774293673591
132430_1767730800,132430,2026-01-06 20:20:00,2,234.0,245.44334003254588,-11.443340032545876,11.443340032545876
132430_1767731100,132430,2026-01-06 20:25:00,2,277.0,285.03460564364093,-8.03460564364093,8.03460564364093
132430_1767731400,132430,2026-01-06 20:30:00,2,192.0,204.66494549420347,-12.664945494203465,12.664945494203465
132430_1767731700,132430,2026-01-06 20:35:00,2,201.0,212.3284466987494,-11.328446698749389,11.328446698749389
132430_1767732000,132430,2026-01-06 20:40:00,2,167.0,293.89607431664547,-126.89607431664547,126.89607431664547
132430_1767732300,132430,2026-01-06 20:45:00,2,337.0,180.09545390600275,156.90454609399725,156.90454609399725
132430_1767732600,132430,2026-01-06 20:50:00,2,338.0,269.0842566569858,68.91574334301419,68.91574334301419
135081_1767732600,135081,2026-01-06 20:50:00,2,79.0,35.275911838916755,43.724088161083245,43.724088161083245
132430_1767732900,132430,2026-01-06 20:55:00,2,238.0,314.6104722942262,-76.61047229422621,76.61047229422621
135081_1767732900,135081,2026-01-06 20:55:00,2,136.0,116.48255465416972,19.517445345830282,19.517445345830282
135081_1767733200,135081,2026-01-06 21:00:00,2,40.0,127.2181952109703,-87.2181952109703,87.2181952109703
132430_1767733200,132430,2026-01-06 21:00:00,2,153.0,195.72685730118232,-42.72685730118232,42.72685730118232
132430_1767733500,132430,2026-01-06 21:05:00,2,168.0,262.16497913359217,-94.16497913359217,94.16497913359217
135081_1767733500,135081,2026-01-06 21:05:00,2,44.0,121.29203859632285,-77.29203859632285,77.29203859632285
135081_1767733800,135081,2026-01-06 21:10:00,2,51.0,118.44377699735621,-67.44377699735621,67.44377699735621
132430_1767733800,132430,2026-01-06 21:10:00,2,179.0,242.37132260977756,-63.371322609777565,63.371322609777565
135081_1767734100,135081,2026-01-06 21:15:00,2,-16.0,-47.36617260022504,31.366172600225042,31.366172600225042
132430_1767734100,132430,2026-01-06 21:15:00,2,96.0,222.83973838422347,-126.83973838422347,126.83973838422347
135081_1767734400,135081,2026-01-06 21:20:00,2,-59.0,-8.320096790924183,-50.67990320907582,50.67990320907582
135081_1767734700,135081,2026-01-06 21:25:00,2,-170.0,-94.77719865133517,-75.22280134866483,75.22280134866483
135081_1767736800,135081,2026-01-06 22:00:00,2,-98.0,-152.50206013161616,54.50206013161616,54.50206013161616
135081_1767737100,135081,2026-01-06 22:05:00,2,37.0,-104.68076153276316,141.68076153276314,141.68076153276314
135081_1767737400,135081,2026-01-06 22:10:00,2,13.0,-79.89027042001234,92.89027042001234,92.89027042001234
135081_1767737700,135081,2026-01-06 22:15:00,2,172.0,63.387069668096444,108.61293033190356,108.61293033190356
132430_1767738000,132430,2026-01-06 22:20:00,2,90.0,14.694391002275239,75.30560899772476,75.30560899772476
135081_1767738000,135081,2026-01-06 22:20:00,2,87.0,138.4812326160758,-51.4812326160758,51.4812326160758
135081_1767738300,135081,2026-01-06 22:25:00,2,73.0,67.28533821999451,5.7146617800054855,5.7146617800054855
132430_1767738300,132430,2026-01-06 22:25:00,2,108.0,-13.276375614051489,121.27637561405149,121.27637561405149
132430_1767740400,132430,2026-01-06 23:00:00,2,151.0,131.63836309793464,19.361636902065356,19.361636902065356
132430_1767740700,132430,2026-01-06 23:05:00,2,124.0,127.74219837803881,-3.7421983780388075,3.7421983780388075
132430_1767741000,132430,2026-01-06 23:10:00,2,60.0,109.4207282613455,-49.4207282613455,49.4207282613455
132430_1767741300,132430,2026-01-06 23:15:00,2,85.0,54.13532730947979,30.86467269052021,30.86467269052021
132430_1767741600,132430,2026-01-06 23:20:00,2,189.0,144.6906505992199,44.30934940078009,44.30934940078009
132430_1767741900,132430,2026-01-06 23:25:00,2,160.0,80.16686105446861,79.83313894553139,79.83313894553139
132430_1767742200,132430,2026-01-06 23:30:00,2,74.0,118.71141070444429,-44.71141070444429,44.71141070444429
132430_1767743400,132430,2026-01-06 23:50:00,2,91.0,80.94900895748685,10.050991042513147,10.050991042513147
132430_1767743700,132430,2026-01-06 23:55:00,2,154.0,57.433232063321825,96.56676793667818,96.56676793667818
122658_1767681000,122658,2026-01-06 06:30:00,3,181.0,158.50173182092888,22.49826817907112,22.49826817907112
122658_1767681300,122658,2026-01-06 06:35:00,3,0.0,-69.03804516373216,69.03804516373216,69.03804516373216
122658_1767681600,122658,2026-01-06 06:40:00,3,0.0,-37.19534006537705,37.19534006537705,37.19534006537705
122658_1767681900,122658,2026-01-06 06:45:00,3,0.0,301.35373595849705,-301.35373595849705,301.35373595849705
122658_1767682200,122658,2026-01-06 06:50:00,3,0.0,57.18645164235013,-57.18645164235013,57.18645164235013
122658_1767682500,122658,2026-01-06 06:55:00,3,0.0,26.782360239498544,-26.782360239498544,26.782360239498544
122658_1767682800,122658,2026-01-06 07:00:00,3,0.0,49.67192049695379,-49.67192049695379,49.67192049695379
122658_1767683100,122658,2026-01-06 07:05:00,3,0.0,45.35584911097997,-45.35584911097997,45.35584911097997
122658_1767683400,122658,2026-01-06 07:10:00,3,-11.0,-118.39841109268423,107.39841109268423,107.39841109268423
122658_1767683700,122658,2026-01-06 07:15:00,3,96.0,14.961355260441202,81.0386447395588,81.0386447395588
122658_1767684000,122658,2026-01-06 07:20:00,3,58.0,124.53500169728017,-66.53500169728017,66.53500169728017
122658_1767684300,122658,2026-01-06 07:25:00,3,118.0,-19.771225756707587,137.7712257567076,137.7712257567076
122658_1767684600,122658,2026-01-06 07:30:00,3,97.0,151.90852446075874,-54.90852446075874,54.90852446075874
122658_1767684900,122658,2026-01-06 07:35:00,3,97.0,75.91549743385691,21.084502566143087,21.084502566143087
122658_1767685200,122658,2026-01-06 07:40:00,3,0.0,-84.68334321571191,84.68334321571191,84.68334321571191
122658_1767685500,122658,2026-01-06 07:45:00,3,0.0,-59.54030373475652,59.54030373475652,59.54030373475652
122658_1767685800,122658,2026-01-06 07:50:00,3,0.0,199.89306886563685,-199.89306886563685,199.89306886563685
122658_1767686100,122658,2026-01-06 07:55:00,3,0.0,346.3180189515814,-346.3180189515814,346.3180189515814
122658_1767688200,122658,2026-01-06 08:30:00,3,137.0,18.624300696219294,118.3756993037807,118.3756993037807
122658_1767688500,122658,2026-01-06 08:35:00,3,-33.0,148.4077050602091,-181.4077050602091,181.4077050602091
122658_1767688800,122658,2026-01-06 08:40:00,3,-34.0,137.7551981061146,-171.7551981061146,171.7551981061146
122658_1767689100,122658,2026-01-06 08:45:00,3,-34.0,-107.03645821169874,73.03645821169874,73.03645821169874
122658_1767689400,122658,2026-01-06 08:50:00,3,-34.0,-149.85023285579172,115.85023285579172,115.85023285579172
122658_1767689700,122658,2026-01-06 08:55:00,3,-34.0,-91.26134309105943,57.26134309105943,57.26134309105943
122658_1767690000,122658,2026-01-06 09:00:00,3,-34.0,7.9698091322613465,-41.96980913226135,41.96980913226135
122658_1767690300,122658,2026-01-06 09:05:00,3,-34.0,103.9791177448354,-137.9791177448354,137.9791177448354
122658_1767690600,122658,2026-01-06 09:10:00,3,-34.0,65.56770095076537,-99.56770095076537,99.56770095076537
122658_1767690900,122658,2026-01-06 09:15:00,3,-34.0,-30.62340013761813,-3.3765998623818696,3.3765998623818696
122658_1767700800,122658,2026-01-06 12:00:00,3,143.0,125.60736652381098,17.39263347618902,17.39263347618902
122658_1767701100,122658,2026-01-06 12:05:00,3,121.0,265.07635897605735,-144.07635897605735,144.07635897605735
122658_1767701700,122658,2026-01-06 12:15:00,3,0.0,-35.862290822066,35.862290822066,35.862290822066
122658_1767702000,122658,2026-01-06 12:20:00,3,0.0,-108.1006794109513,108.1006794109513,108.1006794109513
122658_1767702300,122658,2026-01-06 12:25:00,3,0.0,191.96388210053567,-191.96388210053567,191.96388210053567
122658_1767702600,122658,2026-01-06 12:30:00,3,0.0,174.54416310582783,-174.54416310582783,174.54416310582783
122658_1767702900,122658,2026-01-06 12:35:00,3,0.0,41.69950128793224,-41.69950128793224,41.69950128793224
122658_1767703200,122658,2026-01-06 12:40:00,3,0.0,15.140261862123449,-15.140261862123449,15.140261862123449
122658_1767703500,122658,2026-01-06 12:45:00,3,0.0,61.853811569627155,-61.853811569627155,61.853811569627155
122658_1767703800,122658,2026-01-06 12:50:00,3,103.0,83.64624603961846,19.35375396038154,19.35375396038154
122658_1767704100,122658,2026-01-06 12:55:00,3,252.0,125.3833490249871,126.6166509750129,126.6166509750129
122658_1767704400,122658,2026-01-06 13:00:00,3,289.0,181.75857534781863,107.24142465218137,107.24142465218137
122658_1767704700,122658,2026-01-06 13:05:00,3,321.0,115.0176018593844,205.9823981406156,205.9823981406156
122658_1767705000,122658,2026-01-06 13:10:00,3,406.0,215.0311565971412,190.9688434028588,190.9688434028588
122658_1767705600,122658,2026-01-06 13:20:00,3,0.0,122.76108487752072,-122.76108487752072,122.76108487752072
122658_1767705900,122658,2026-01-06 13:25:00,3,0.0,144.64306386048037,-144.64306386048037,144.64306386048037
122658_1767713100,122658,2026-01-06 15:25:00,3,27.0,40.56836360566645,-13.568363605666448,13.568363605666448
122658_1767713400,122658,2026-01-06 15:30:00,3,86.0,18.41196311144453,67.58803688855548,67.58803688855548
122658_1767713700,122658,2026-01-06 15:35:00,3,159.0,76.73985548370243,82.26014451629757,82.26014451629757
122658_1767714000,122658,2026-01-06 15:40:00,3,225.0,126.31622042015549,98.68377957984451,98.68377957984451
122658_1767714300,122658,2026-01-06 15:45:00,3,348.0,179.16855118527195,168.83144881472805,168.83144881472805
122658_1767714600,122658,2026-01-06 15:50:00,3,362.0,208.94498078943386,153.05501921056614,153.05501921056614
122658_1767714900,122658,2026-01-06 15:55:00,3,2.0,99.81920168856702,-97.81920168856702,97.81920168856702
122658_1767715200,122658,2026-01-06 16:00:00,3,0.0,126.84861485197328,-126.84861485197328,126.84861485197328
122658_1767715500,122658,2026-01-06 16:05:00,3,0.0,77.65041709683004,-77.65041709683004,77.65041709683004
122658_1767715800,122658,2026-01-06 16:10:00,3,0.0,-193.0,193.0,193.0
122658_1767716100,122658,2026-01-06 16:15:00,3,0.0,15.944736924153045,-15.944736924153045,15.944736924153045
122658_1767716400,122658,2026-01-06 16:20:00,3,0.0,9.70478889937096,-9.70478889937096,9.70478889937096
122658_1767716700,122658,2026-01-06 16:25:00,3,0.0,15.18079263028499,-15.18079263028499,15.18079263028499
122658_1767717000,122658,2026-01-06 16:30:00,3,0.0,-41.20625778054425,41.20625778054425,41.20625778054425
122658_1767717600,122658,2026-01-06 16:40:00,3,-46.0,6.52092053054971,-52.52092053054971,52.52092053054971
122658_1767717900,122658,2026-01-06 16:45:00,3,38.0,10.69631973183499,27.30368026816501,27.30368026816501
122658_1767718200,122658,2026-01-06 16:50:00,3,39.0,158.5698525769309,-119.56985257693091,119.56985257693091
122658_1767718500,122658,2026-01-06 16:55:00,3,63.0,65.46194324655059,-2.4619432465505895,2.4619432465505895
122658_1767718800,122658,2026-01-06 17:00:00,3,107.0,61.6621865091475,45.3378134908525,45.3378134908525
122658_1767719100,122658,2026-01-06 17:05:00,3,88.0,163.05346079132133,-75.05346079132133,75.05346079132133
122658_1767719400,122658,2026-01-06 17:10:00,3,0.0,13.551209813753047,-13.551209813753047,13.551209813753047
122658_1767719700,122658,2026-01-06 17:15:00,3,0.0,-193.0,193.0,193.0
122658_1767720000,122658,2026-01-06 17:20:00,3,0.0,-101.90415163849505,101.90415163849505,101.90415163849505
122658_1767720300,122658,2026-01-06 17:25:00,3,0.0,33.263421251099984,-33.263421251099984,33.263421251099984
122658_1767720600,122658,2026-01-06 17:30:00,3,0.0,49.668612282172205,-49.668612282172205,49.668612282172205
122658_1767720900,122658,2026-01-06 17:35:00,3,0.0,285.93498112694886,-285.93498112694886,285.93498112694886
122658_1767721200,122658,2026-01-06 17:40:00,3,0.0,-193.0,193.0,193.0
134494_1767738000,134494,2026-01-06 22:20:00,3,0.0,-19.281034992918716,19.281034992918716,19.281034992918716
134494_1767738300,134494,2026-01-06 22:25:00,3,0.0,8.459920286534317,-8.459920286534317,8.459920286534317
134494_1767738600,134494,2026-01-06 22:30:00,3,0.0,-10.603583917375726,10.603583917375726,10.603583917375726
134494_1767738900,134494,2026-01-06 22:35:00,3,0.0,2.62838507901085,-2.62838507901085,2.62838507901085
134494_1767739200,134494,2026-01-06 22:40:00,3,0.0,-38.47889605731308,38.47889605731308,38.47889605731308
134494_1767739500,134494,2026-01-06 22:45:00,3,0.0,-24.271392104800206,24.271392104800206,24.271392104800206
134494_1767739800,134494,2026-01-06 22:50:00,3,0.0,-20.551640009145302,20.551640009145302,20.551640009145302
134494_1767740100,134494,2026-01-06 22:55:00,3,0.0,-39.70528117526611,39.70528117526611,39.70528117526611
134494_1767742200,134494,2026-01-06 23:30:00,3,0.0,-20.276573296043328,20.276573296043328,20.276573296043328
134494_1767742500,134494,2026-01-06 23:35:00,3,0.0,-35.6626534600114,35.6626534600114,35.6626534600114
134494_1767742800,134494,2026-01-06 23:40:00,3,0.0,-21.548732556425954,21.548732556425954,21.548732556425954
134494_1767743100,134494,2026-01-06 23:45:00,3,0.0,-42.58207311797666,42.58207311797666,42.58207311797666
133957_1767666600,133957,2026-01-06 02:30:00,4,-32.0,-121.28164446700566,89.28164446700566,89.28164446700566
133957_1767666900,133957,2026-01-06 02:35:00,4,-32.0,49.201840362876325,-81.20184036287633,81.20184036287633
133957_1767667200,133957,2026-01-06 02:40:00,4,17.0,76.60339444499249,-59.60339444499249,59.60339444499249
133957_1767667500,133957,2026-01-06 02:45:00,4,-66.0,64.75650830569218,-130.7565083056922,130.7565083056922
133957_1767667800,133957,2026-01-06 02:50:00,4,-74.0,13.45574112963438,-87.45574112963438,87.45574112963438
133957_1767668100,133957,2026-01-06 02:55:00,4,-61.0,27.7938954552298,-88.7938954552298,88.7938954552298
133957_1767668400,133957,2026-01-06 03:00:00,4,-34.0,51.85765647973116,-85.85765647973116,85.85765647973116
133957_1767669300,133957,2026-01-06 03:15:00,4,46.0,2.908919306666199,43.0910806933338,43.0910806933338
133957_1767669600,133957,2026-01-06 03:20:00,4,58.0,55.928255329236805,2.071744670763195,2.071744670763195
133957_1767669900,133957,2026-01-06 03:25:00,4,40.0,-27.139089874097206,67.13908987409721,67.13908987409721
133957_1767670200,133957,2026-01-06 03:30:00,4,133.0,98.29929487984307,34.700705120156925,34.700705120156925
133957_1767670500,133957,2026-01-06 03:35:00,4,55.0,88.12395837348156,-33.12395837348156,33.12395837348156
133957_1767670800,133957,2026-01-06 03:40:00,4,-10.0,37.28595366186052,-47.28595366186052,47.28595366186052
133957_1767671100,133957,2026-01-06 03:45:00,4,-86.0,2.870204474199909,-88.87020447419991,88.87020447419991
133957_1767671400,133957,2026-01-06 03:50:00,4,-86.0,-48.976846750519826,-37.023153249480174,37.023153249480174
133957_1767671700,133957,2026-01-06 03:55:00,4,-40.0,-39.14090364466003,-0.8590963553399718,0.8590963553399718
133957_1767672000,133957,2026-01-06 04:00:00,4,-29.0,-39.836861321742276,10.836861321742276,10.836861321742276
133957_1767672300,133957,2026-01-06 04:05:00,4,-51.0,-55.74894676256309,4.748946762563087,4.748946762563087
133957_1767672600,133957,2026-01-06 04:10:00,4,-8.0,-13.95799320834552,5.9579932083455205,5.9579932083455205
133957_1767672900,133957,2026-01-06 04:15:00,4,-34.0,-61.851118651005315,27.851118651005315,27.851118651005315
133957_1767673800,133957,2026-01-06 04:30:00,4,32.0,51.29095397197032,-19.290953971970318,19.290953971970318
133957_1767674100,133957,2026-01-06 04:35:00,4,43.0,84.25625424174116,-41.25625424174116,41.25625424174116
133957_1767674400,133957,2026-01-06 04:40:00,4,74.0,86.14284193833048,-12.142841938330477,12.142841938330477
133957_1767674700,133957,2026-01-06 04:45:00,4,171.0,78.89622044841204,92.10377955158796,92.10377955158796
133957_1767675000,133957,2026-01-06 04:50:00,4,92.0,117.69357967457455,-25.69357967457455,25.69357967457455
133957_1767675300,133957,2026-01-06 04:55:00,4,5.0,82.12445014121265,-77.12445014121265,77.12445014121265
133957_1767675600,133957,2026-01-06 05:00:00,4,-10.0,-25.695816288051475,15.695816288051475,15.695816288051475
133957_1767675900,133957,2026-01-06 05:05:00,4,-32.0,-22.533018164005505,-9.466981835994495,9.466981835994495
133957_1767676200,133957,2026-01-06 05:10:00,4,95.0,-5.782020788551577,100.78202078855158,100.78202078855158
133957_1767676500,133957,2026-01-06 05:15:00,4,61.0,-6.323726936769052,67.32372693676905,67.32372693676905
133957_1767676800,133957,2026-01-06 05:20:00,4,7.0,47.30961735208581,-40.30961735208581,40.30961735208581
133957_1767677100,133957,2026-01-06 05:25:00,4,-94.0,99.86288111355587,-193.8628811135559,193.8628811135559
133957_1767677400,133957,2026-01-06 05:30:00,4,-91.0,33.239327203161764,-124.23932720316176,124.23932720316176
133957_1767679500,133957,2026-01-06 06:05:00,4,49.0,45.20695615803317,3.7930438419668278,3.7930438419668278
133957_1767679800,133957,2026-01-06 06:10:00,4,71.0,21.85615934678149,49.14384065321851,49.14384065321851
133957_1767680100,133957,2026-01-06 06:15:00,4,111.0,128.15769212752494,-17.15769212752494,17.15769212752494
133957_1767680400,133957,2026-01-06 06:20:00,4,18.0,72.70892678578302,-54.70892678578302,54.70892678578302
133957_1767680700,133957,2026-01-06 06:25:00,4,39.0,52.931870289807506,-13.931870289807506,13.931870289807506
133957_1767681000,133957,2026-01-06 06:30:00,4,-30.0,-15.75167814567412,-14.24832185432588,14.24832185432588
133957_1767681300,133957,2026-01-06 06:35:00,4,-59.0,-18.65272390503057,-40.34727609496943,40.34727609496943
133957_1767681600,133957,2026-01-06 06:40:00,4,-30.0,-24.02204014317071,-5.97795985682929,5.97795985682929
133957_1767681900,133957,2026-01-06 06:45:00,4,-58.0,-14.433029356602965,-43.566970643397035,43.566970643397035
133957_1767682200,133957,2026-01-06 06:50:00,4,-19.0,-28.50952860033635,9.509528600336349,9.509528600336349
133957_1767682500,133957,2026-01-06 06:55:00,4,-45.0,37.04984693031519,-82.0498469303152,82.0498469303152
133957_1767682800,133957,2026-01-06 07:00:00,4,-74.0,-39.07295748857038,-34.92704251142962,34.92704251142962
133957_1767683100,133957,2026-01-06 07:05:00,4,-8.0,110.9509340049917,-118.9509340049917,118.9509340049917
133957_1767683700,133957,2026-01-06 07:15:00,4,10.0,-0.1957790308643057,10.195779030864305,10.195779030864305
133957_1767684000,133957,2026-01-06 07:20:00,4,33.0,4.753125192733716,28.246874807266284,28.246874807266284
133957_1767684300,133957,2026-01-06 07:25:00,4,71.0,117.16230682848325,-46.16230682848325,46.16230682848325
122613_1767689700,122613,2026-01-06 08:55:00,4,49.0,116.03112711834737,-67.03112711834737,67.03112711834737
133957_1767690000,133957,2026-01-06 09:00:00,4,-116.0,-45.58772403484211,-70.41227596515789,70.41227596515789
133957_1767690300,133957,2026-01-06 09:05:00,4,-68.0,-19.795808422407468,-48.20419157759253,48.20419157759253
133957_1767690600,133957,2026-01-06 09:10:00,4,-88.0,-59.70942803912353,-28.29057196087647,28.29057196087647
133957_1767690900,133957,2026-01-06 09:15:00,4,-111.0,-79.2999661401445,-31.700033859855495,31.700033859855495
133957_1767691200,133957,2026-01-06 09:20:00,4,9.0,39.71062219498512,-30.71062219498512,30.71062219498512
133957_1767691800,133957,2026-01-06 09:30:00,4,48.0,66.9773915976854,-18.977391597685397,18.977391597685397
133957_1767692100,133957,2026-01-06 09:35:00,4,50.0,23.181718024933375,26.818281975066625,26.818281975066625
133957_1767692400,133957,2026-01-06 09:40:00,4,223.0,121.39935252838306,101.60064747161694,101.60064747161694
133957_1767692700,133957,2026-01-06 09:45:00,4,191.0,60.868364433144436,130.13163556685555,130.13163556685555
133957_1767693000,133957,2026-01-06 09:50:00,4,80.0,133.94869888281292,-53.94869888281292,53.94869888281292
133957_1767693300,133957,2026-01-06 09:55:00,4,23.0,12.371566048388473,10.628433951611527,10.628433951611527
122613_1767693600,122613,2026-01-06 10:00:00,4,-180.0,-32.570500159323245,-147.42949984067675,147.42949984067675
133957_1767693600,133957,2026-01-06 10:00:00,4,-24.0,18.84380090813589,-42.84380090813589,42.84380090813589
122613_1767693900,122613,2026-01-06 10:05:00,4,-108.0,-125.69149133335638,17.69149133335638,17.69149133335638
133957_1767693900,133957,2026-01-06 10:05:00,4,13.0,-8.461555332237907,21.461555332237907,21.461555332237907
122613_1767694200,122613,2026-01-06 10:10:00,4,-140.0,-73.3825208827032,-66.6174791172968,66.6174791172968
133957_1767694200,133957,2026-01-06 10:10:00,4,21.0,16.111901718969566,4.888098281030434,4.888098281030434
122613_1767694500,122613,2026-01-06 10:15:00,4,-70.0,-54.63123009046541,-15.368769909534592,15.368769909534592
133957_1767694500,133957,2026-01-06 10:15:00,4,-22.0,-50.54317343178187,28.543173431781867,28.543173431781867
133957_1767694800,133957,2026-01-06 10:20:00,4,24.0,28.0776827909949,-4.077682790994899,4.077682790994899
122613_1767694800,122613,2026-01-06 10:20:00,4,-38.0,-5.42235027895866,-32.57764972104134,32.57764972104134
122613_1767695100,122613,2026-01-06 10:25:00,4,30.0,-25.1987850492948,55.1987850492948,55.1987850492948
133957_1767695100,133957,2026-01-06 10:25:00,4,-17.0,-64.94099690462613,47.94099690462613,47.94099690462613
122613_1767695400,122613,2026-01-06 10:30:00,4,123.0,35.99227644238621,87.00772355761379,87.00772355761379
133957_1767695400,133957,2026-01-06 10:30:00,4,28.0,-13.421204197796719,41.42120419779672,41.42120419779672
122613_1767695700,122613,2026-01-06 10:35:00,4,61.0,119.7855989647488,-58.7855989647488,58.7855989647488
133957_1767696000,133957,2026-01-06 10:40:00,4,138.0,5.963701354419754,132.03629864558025,132.03629864558025
133957_1767696300,133957,2026-01-06 10:45:00,4,156.0,51.562178368371924,104.43782163162808,104.43782163162808
133957_1767696600,133957,2026-01-06 10:50:00,4,185.0,143.95702225439217,41.04297774560783,41.04297774560783
122613_1767696900,122613,2026-01-06 10:55:00,4,0.0,-59.238907996591635,59.238907996591635,59.238907996591635
133957_1767696900,133957,2026-01-06 10:55:00,4,111.0,139.59739607138152,-28.597396071381525,28.597396071381525
133957_1767697200,133957,2026-01-06 11:00:00,4,64.0,144.15099465279135,-80.15099465279135,80.15099465279135
133957_1767697500,133957,2026-01-06 11:05:00,4,3.0,136.60835629802483,-133.60835629802483,133.60835629802483
133957_1767697800,133957,2026-01-06 11:10:00,4,18.0,0.9752316136468835,17.024768386353117,17.024768386353117
133957_1767698100,133957,2026-01-06 11:15:00,4,-47.0,-24.916114296200277,-22.083885703799723,22.083885703799723
133957_1767698400,133957,2026-01-06 11:20:00,4,-69.0,59.92099837858217,-128.92099837858217,128.92099837858217
133957_1767698700,133957,2026-01-06 11:25:00,4,-145.0,-40.51192327782546,-104.48807672217454,104.48807672217454
133957_1767699000,133957,2026-01-06 11:30:00,4,-96.0,-82.10962108031292,-13.89037891968708,13.89037891968708
122613_1767699000,122613,2026-01-06 11:30:00,4,0.0,33.00004319318671,-33.00004319318671,33.00004319318671
122613_1767699300,122613,2026-01-06 11:35:00,4,0.0,-58.70315044271807,58.70315044271807,58.70315044271807
133957_1767699300,133957,2026-01-06 11:35:00,4,-249.0,-88.9415080635262,-160.05849193647379,160.05849193647379
133957_1767699600,133957,2026-01-06 11:40:00,4,-254.0,-107.73889269462683,-146.26110730537317,146.26110730537317
122613_1767699600,122613,2026-01-06 11:40:00,4,-145.0,-122.58918485560318,-22.41081514439682,22.41081514439682
133957_1767699900,133957,2026-01-06 11:45:00,4,-158.0,17.37364725852086,-175.37364725852086,175.37364725852086
122613_1767699900,122613,2026-01-06 11:45:00,4,-230.0,-37.57453897523305,-192.42546102476695,192.42546102476695
133957_1767700200,133957,2026-01-06 11:50:00,4,80.0,28.005180715205483,51.99481928479452,51.99481928479452
122613_1767700200,122613,2026-01-06 11:50:00,4,-116.0,20.490813539126513,-136.49081353912652,136.49081353912652
133957_1767700500,133957,2026-01-06 11:55:00,4,42.0,-61.61362014842349,103.6136201484235,103.6136201484235
122613_1767700500,122613,2026-01-06 11:55:00,4,-79.0,-43.06228380679613,-35.93771619320387,35.93771619320387
122613_1767700800,122613,2026-01-06 12:00:00,4,-50.0,-18.609993890690987,-31.390006109309013,31.390006109309013
122613_1767701100,122613,2026-01-06 12:05:00,4,-155.0,-116.18849944477626,-38.811500555223745,38.811500555223745
122613_1767701400,122613,2026-01-06 12:10:00,4,-175.0,-108.11026352969529,-66.88973647030471,66.88973647030471
122613_1767701700,122613,2026-01-06 12:15:00,4,-47.0,-20.877001092602185,-26.122998907397815,26.122998907397815
122613_1767702000,122613,2026-01-06 12:20:00,4,-61.0,-28.129914662669833,-32.87008533733017,32.87008533733017
122613_1767702300,122613,2026-01-06 12:25:00,4,66.0,16.34504146314157,49.65495853685843,49.65495853685843
133957_1767702600,133957,2026-01-06 12:30:00,4,172.0,52.71053511689338,119.28946488310662,119.28946488310662
133957_1767702900,133957,2026-01-06 12:35:00,4,97.0,55.248327112010685,41.751672887989315,41.751672887989315
133957_1767703200,133957,2026-01-06 12:40:00,4,101.0,145.75003434473757,-44.75003434473757,44.75003434473757
133957_1767703500,133957,2026-01-06 12:45:00,4,161.0,81.87047435418042,79.12952564581958,79.12952564581958
133957_1767703800,133957,2026-01-06 12:50:00,4,40.0,-19.8601823108403,59.8601823108403,59.8601823108403
133957_1767704100,133957,2026-01-06 12:55:00,4,139.0,105.7145830416246,33.28541695837539,33.28541695837539
133957_1767705600,133957,2026-01-06 13:20:00,4,113.0,37.13662054817949,75.8633794518205,75.8633794518205
122613_1767705900,122613,2026-01-06 13:25:00,4,0.0,-124.20295900025602,124.20295900025602,124.20295900025602
133957_1767705900,133957,2026-01-06 13:25:00,4,123.0,80.46055203128893,42.53944796871107,42.53944796871107
133957_1767708000,133957,2026-01-06 14:00:00,4,253.0,153.33427733474048,99.66572266525952,99.66572266525952
122613_1767708000,122613,2026-01-06 14:00:00,4,0.0,8.177733490281838,-8.177733490281838,8.177733490281838
133957_1767708300,133957,2026-01-06 14:05:00,4,180.0,146.3701598794088,33.62984012059121,33.62984012059121
122613_1767708300,122613,2026-01-06 14:05:00,4,0.0,3.5546312880190483,-3.5546312880190483,3.5546312880190483
122613_1767708600,122613,2026-01-06 14:10:00,4,-77.0,-98.51801084581777,21.51801084581777,21.51801084581777
133957_1767708600,133957,2026-01-06 14:10:00,4,238.0,90.86255722593197,147.13744277406803,147.13744277406803
122613_1767708900,122613,2026-01-06 14:15:00,4,0.0,-42.93662418928513,42.93662418928513,42.93662418928513
133957_1767708900,133957,2026-01-06 14:15:00,4,170.0,156.50506595100978,13.494934048990217,13.494934048990217
122613_1767709200,122613,2026-01-06 14:20:00,4,0.0,6.5266142358360115,-6.5266142358360115,6.5266142358360115
133957_1767709200,133957,2026-01-06 14:20:00,4,81.0,109.29884146895343,-28.298841468953427,28.298841468953427
122613_1767709500,122613,2026-01-06 14:25:00,4,0.0,-12.826312727535633,12.826312727535633,12.826312727535633
122613_1767709800,122613,2026-01-06 14:30:00,4,0.0,-36.70141969955322,36.70141969955322,36.70141969955322
122613_1767710100,122613,2026-01-06 14:35:00,4,0.0,-46.862180699329464,46.862180699329464,46.862180699329464
122613_1767710400,122613,2026-01-06 14:40:00,4,0.0,-28.475075887343014,28.475075887343014,28.475075887343014
122613_1767710700,122613,2026-01-06 14:45:00,4,0.0,12.174389544772044,-12.174389544772044,12.174389544772044
122613_1767711000,122613,2026-01-06 14:50:00,4,0.0,13.238677607943682,-13.238677607943682,13.238677607943682
122613_1767711300,122613,2026-01-06 14:55:00,4,0.0,29.5922993663963,-29.5922993663963,29.5922993663963
133957_1767711600,133957,2026-01-06 15:00:00,4,26.0,95.68806213699774,-69.68806213699774,69.68806213699774
133957_1767711900,133957,2026-01-06 15:05:00,4,17.0,85.26388222183724,-68.26388222183724,68.26388222183724
133957_1767712200,133957,2026-01-06 15:10:00,4,28.0,78.606682917929,-50.60668291792901,50.60668291792901
133957_1767712500,133957,2026-01-06 15:15:00,4,-36.0,40.693712457286615,-76.69371245728661,76.69371245728661
133957_1767712800,133957,2026-01-06 15:20:00,4,-93.0,7.115446190203965,-100.11544619020397,100.11544619020397
133957_1767713100,133957,2026-01-06 15:25:00,4,74.0,-33.39953558327405,107.39953558327406,107.39953558327406
122613_1767713400,122613,2026-01-06 15:30:00,4,0.0,-2.816751725330273,2.816751725330273,2.816751725330273
133957_1767713400,133957,2026-01-06 15:30:00,4,75.0,-31.890130034835337,106.89013003483534,106.89013003483534
122613_1767713700,122613,2026-01-06 15:35:00,4,0.0,39.171792322601355,-39.171792322601355,39.171792322601355
133957_1767713700,133957,2026-01-06 15:35:00,4,-11.0,-35.73522909296365,24.73522909296365,24.73522909296365
122613_1767714000,122613,2026-01-06 15:40:00,4,0.0,13.847208252039533,-13.847208252039533,13.847208252039533
122613_1767714300,122613,2026-01-06 15:45:00,4,0.0,-6.422992295498255,6.422992295498255,6.422992295498255
122613_1767714600,122613,2026-01-06 15:50:00,4,0.0,-36.66544490523965,36.66544490523965,36.66544490523965
122613_1767714900,122613,2026-01-06 15:55:00,4,0.0,8.315565721271813,-8.315565721271813,8.315565721271813
122613_1767715200,122613,2026-01-06 16:00:00,4,0.0,-2.4524389028039506,2.4524389028039506,2.4524389028039506
122613_1767715500,122613,2026-01-06 16:05:00,4,0.0,-76.38397582178366,76.38397582178366,76.38397582178366
122613_1767715800,122613,2026-01-06 16:10:00,4,-18.0,-32.53365339231668,14.53365339231668,14.53365339231668
122613_1767716100,122613,2026-01-06 16:15:00,4,11.0,-56.011003360085994,67.011003360086,67.011003360086
133957_1767716400,133957,2026-01-06 16:20:00,4,115.0,67.28204651110272,47.71795348889728,47.71795348889728
122613_1767716400,122613,2026-01-06 16:20:00,4,-88.0,-50.532947956130485,-37.467052043869515,37.467052043869515
122613_1767716700,122613,2026-01-06 16:25:00,4,-27.0,-5.84637680167198,-21.15362319832802,21.15362319832802
133957_1767716700,133957,2026-01-06 16:25:00,4,104.0,49.480673600050196,54.519326399949804,54.519326399949804
122613_1767717000,122613,2026-01-06 16:30:00,4,-62.0,-8.542068088227175,-53.457931911772825,53.457931911772825
122613_1767717300,122613,2026-01-06 16:35:00,4,-54.0,4.7424899136780105,-58.742489913678014,58.742489913678014
122613_1767717600,122613,2026-01-06 16:40:00,4,-11.0,14.105227240857403,-25.105227240857403,25.105227240857403
122613_1767717900,122613,2026-01-06 16:45:00,4,55.0,-16.74584410547409,71.74584410547409,71.74584410547409
122613_1767718200,122613,2026-01-06 16:50:00,4,72.0,95.86738898760697,-23.867388987606972,23.867388987606972
122613_1767718500,122613,2026-01-06 16:55:00,4,72.0,92.98769504290766,-20.98769504290766,20.98769504290766
133957_1767718800,133957,2026-01-06 17:00:00,4,-35.0,9.261488995019581,-44.26148899501958,44.26148899501958
133957_1767719100,133957,2026-01-06 17:05:00,4,-113.0,-12.817300257580413,-100.18269974241959,100.18269974241959
133957_1767719400,133957,2026-01-06 17:10:00,4,-174.0,10.356519049097297,-184.3565190490973,184.3565190490973
133957_1767719700,133957,2026-01-06 17:15:00,4,-173.0,-8.71610420800556,-164.28389579199444,164.28389579199444
133957_1767720000,133957,2026-01-06 17:20:00,4,-218.0,-54.62850017864833,-163.37149982135168,163.37149982135168
133957_1767720900,133957,2026-01-06 17:35:00,4,67.0,25.806043891072278,41.19395610892772,41.19395610892772
133957_1767721200,133957,2026-01-06 17:40:00,4,28.0,42.05883869681466,-14.05883869681466,14.05883869681466
133957_1767721500,133957,2026-01-06 17:45:00,4,83.0,120.80913690690701,-37.809136906907014,37.809136906907014
133957_1767721800,133957,2026-01-06 17:50:00,4,-28.0,65.80678930819678,-93.80678930819678,93.80678930819678
133957_1767722100,133957,2026-01-06 17:55:00,4,-73.0,51.51617189917407,-124.51617189917407,124.51617189917407
133957_1767729000,133957,2026-01-06 19:50:00,4,39.0,118.82909137938853,-79.82909137938853,79.82909137938853
133957_1767729300,133957,2026-01-06 19:55:00,4,171.0,75.11709801937582,95.88290198062418,95.88290198062418
133957_1767729600,133957,2026-01-06 20:00:00,4,141.0,190.99958952084754,-49.999589520847536,49.999589520847536
133957_1767729900,133957,2026-01-06 20:05:00,4,126.0,176.95930049369713,-50.95930049369713,50.95930049369713
133957_1767730200,133957,2026-01-06 20:10:00,4,83.0,173.48815349943413,-90.48815349943413,90.48815349943413
133957_1767730500,133957,2026-01-06 20:15:00,4,53.0,41.906525863853446,11.093474136146554,11.093474136146554
133957_1767730800,133957,2026-01-06 20:20:00,4,38.0,57.17556892998097,-19.17556892998097,19.17556892998097
133957_1767731100,133957,2026-01-06 20:25:00,4,59.0,31.80740813577987,27.19259186422013,27.19259186422013
133957_1767731400,133957,2026-01-06 20:30:00,4,46.0,59.04628202936591,-13.046282029365912,13.046282029365912
133957_1767731700,133957,2026-01-06 20:35:00,4,116.0,125.29247402218158,-9.29247402218158,9.29247402218158
133957_1767732000,133957,2026-01-06 20:40:00,4,129.0,87.5616732219255,41.4383267780745,41.4383267780745
133957_1767732600,133957,2026-01-06 20:50:00,4,39.0,102.92525197243954,-63.92525197243954,63.92525197243954
133957_1767732900,133957,2026-01-06 20:55:00,4,-49.0,68.47390971005596,-117.47390971005596,117.47390971005596
133957_1767733200,133957,2026-01-06 21:00:00,4,59.0,151.77298472525712,-92.77298472525712,92.77298472525712
133957_1767733500,133957,2026-01-06 21:05:00,4,28.0,25.518730187801637,2.481269812198363,2.481269812198363
133957_1767733800,133957,2026-01-06 21:10:00,4,15.0,57.31452525808864,-42.31452525808864,42.31452525808864
133957_1767734100,133957,2026-01-06 21:15:00,4,45.0,-0.5065648037441974,45.5065648037442,45.5065648037442
133957_1767734400,133957,2026-01-06 21:20:00,4,7.0,39.742371511837554,-32.742371511837554,32.742371511837554
133957_1767734700,133957,2026-01-06 21:25:00,4,65.0,43.48736411885209,21.512635881147908,21.512635881147908
133957_1767735000,133957,2026-01-06 21:30:00,4,21.0,14.710777311448162,6.289222688551838,6.289222688551838
133957_1767735300,133957,2026-01-06 21:35:00,4,50.0,98.82105207197934,-48.82105207197934,48.82105207197934
133957_1767735600,133957,2026-01-06 21:40:00,4,77.0,80.05855248514166,-3.058552485141661,3.058552485141661
133957_1767736800,133957,2026-01-06 22:00:00,4,32.0,54.22857823260779,-22.228578232607788,22.228578232607788
133957_1767737100,133957,2026-01-06 22:05:00,4,-8.0,84.10875261408607,-92.10875261408607,92.10875261408607
133957_1767737400,133957,2026-01-06 22:10:00,4,27.0,150.58145345752988,-123.58145345752988,123.58145345752988
133957_1767737700,133957,2026-01-06 22:15:00,4,-22.0,64.77324802075677,-86.77324802075677,86.77324802075677
133957_1767738000,133957,2026-01-06 22:20:00,4,-77.0,-41.59081762202788,-35.40918237797212,35.40918237797212
