sample_id,tr_id,T,fold,target,prediction,error,abs_error
122048_1767665400,122048,2026-01-06 02:10:00,0,-25.0,81.81912759185259,-106.81912759185259,106.81912759185259
122048_1767665700,122048,2026-01-06 02:15:00,0,0.0,209.4148417562466,-209.4148417562466,209.4148417562466
122048_1767666000,122048,2026-01-06 02:20:00,0,0.0,215.95657382031624,-215.95657382031624,215.95657382031624
122048_1767666300,122048,2026-01-06 02:25:00,0,0.0,13.666389215638493,-13.666389215638493,13.666389215638493
122048_1767666600,122048,2026-01-06 02:30:00,0,0.0,-26.738652760224046,26.738652760224046,26.738652760224046
133957_1767666600,133957,2026-01-06 02:30:00,0,-32.0,-122.45193053630528,90.45193053630528,90.45193053630528
129964_1767666600,129964,2026-01-06 02:30:00,0,44.0,18.447458950542938,25.552541049457062,25.552541049457062
133957_1767666900,133957,2026-01-06 02:35:00,0,-32.0,43.61789262739242,-75.61789262739242,75.61789262739242
132430_1767666900,132430,2026-01-06 02:35:00,0,46.0,57.54347543771418,-11.543475437714179,11.543475437714179
122048_1767666900,122048,2026-01-06 02:35:00,0,0.0,-4.794665649278237,4.794665649278237,4.794665649278237
129964_1767666900,129964,2026-01-06 02:35:00,0,16.0,-63.93704000686419,79.93704000686418,79.93704000686418
133957_1767667200,133957,2026-01-06 02:40:00,0,17.0,70.47175418149865,-53.47175418149865,53.47175418149865
132430_1767667200,132430,2026-01-06 02:40:00,0,102.0,53.832016223599325,48.167983776400675,48.167983776400675
122048_1767667200,122048,2026-01-06 02:40:00,0,0.0,-10.14226656711569,10.14226656711569,10.14226656711569
129964_1767667200,129964,2026-01-06 02:40:00,0,-27.0,-3.926013205961887,-23.073986794038113,23.073986794038113
132430_1767667500,132430,2026-01-06 02:45:00,0,-23.0,5.659617730915027,-28.659617730915027,28.659617730915027
122048_1767667500,122048,2026-01-06 02:45:00,0,0.0,16.83262516102565,-16.83262516102565,16.83262516102565
129964_1767667500,129964,2026-01-06 02:45:00,0,2.0,71.21916684093587,-69.21916684093587,69.21916684093587
133957_1767667500,133957,2026-01-06 02:45:00,0,-66.0,65.06137962744069,-131.0613796274407,131.0613796274407
122048_1767667800,122048,2026-01-06 02:50:00,0,0.0,-64.05761837646008,64.05761837646008,64.05761837646008
133957_1767667800,133957,2026-01-06 02:50:00,0,-74.0,10.697949599004572,-84.69794959900457,84.69794959900457
132430_1767667800,132430,2026-01-06 02:50:00,0,-2.0,135.88595579432808,-137.88595579432808,137.88595579432808
129964_1767667800,129964,2026-01-06 02:50:00,0,-70.0,10.157414868856764,-80.15741486885676,80.15741486885676
134040_1767667800,134040,2026-01-06 02:50:00,0,20.0,-25.864616531300683,45.86461653130068,45.86461653130068
129964_1767668100,129964,2026-01-06 02:55:00,0,-76.0,-18.952272443281892,-57.04772755671811,57.04772755671811
132430_1767668100,132430,2026-01-06 02:55:00,0,27.0,205.06025991207844,-178.06025991207844,178.06025991207844
122048_1767668100,122048,2026-01-06 02:55:00,0,0.0,31.694601436477864,-31.694601436477864,31.694601436477864
133957_1767668100,133957,2026-01-06 02:55:00,0,-61.0,25.295193883506627,-86.29519388350663,86.29519388350663
134040_1767668100,134040,2026-01-06 02:55:00,0,93.0,32.45549099226842,60.54450900773158,60.54450900773158
132430_1767668400,132430,2026-01-06 03:00:00,0,22.0,210.81408168670964,-188.81408168670964,188.81408168670964
122048_1767668400,122048,2026-01-06 03:00:00,0,0.0,80.83980227123804,-80.83980227123804,80.83980227123804
133957_1767668400,133957,2026-01-06 03:00:00,0,-34.0,32.93704377723898,-66.93704377723898,66.93704377723898
122048_1767668700,122048,2026-01-06 03:05:00,0,0.0,53.82591759840952,-53.82591759840952,53.82591759840952
132430_1767668700,132430,2026-01-06 03:05:00,0,74.0,136.74316196327825,-62.743161963278254,62.743161963278254
122048_1767669000,122048,2026-01-06 03:10:00,0,0.0,76.22661713551229,-76.22661713551229,76.22661713551229
132430_1767669000,132430,2026-01-06 03:10:00,0,1.0,-12.539011397219568,13.539011397219568,13.539011397219568
133957_1767669300,133957,2026-01-06 03:15:00,0,46.0,8.255981289189904,37.744018710810096,37.744018710810096
132430_1767669300,132430,2026-01-06 03:15:00,0,4.0,116.59773252393707,-112.59773252393707,112.59773252393707
122048_1767669300,122048,2026-01-06 03:15:00,0,0.0,-6.851263614786198,6.851263614786198,6.851263614786198
122048_1767669600,122048,2026-01-06 03:20:00,0,0.0,23.235394672701712,-23.235394672701712,23.235394672701712
133957_1767669600,133957,2026-01-06 03:20:00,0,58.0,55.19236710468742,2.8076328953125795,2.8076328953125795
132430_1767669600,132430,2026-01-06 03:20:00,0,84.0,78.16519898001685,5.834801019983146,5.834801019983146
133957_1767669900,133957,2026-01-06 03:25:00,0,40.0,-26.72962444944433,66.72962444944433,66.72962444944433
122048_1767669900,122048,2026-01-06 03:25:00,0,0.0,-29.9866635725795,29.9866635725795,29.9866635725795
132430_1767669900,132430,2026-01-06 03:25:00,0,58.0,-8.363020708914167,66.36302070891416,66.36302070891416
133957_1767670200,133957,2026-01-06 03:30:00,0,133.0,100.59795601640114,32.40204398359886,32.40204398359886
134040_1767670200,134040,2026-01-06 03:30:00,0,110.0,96.97683413882598,13.023165861174022,13.023165861174022
129964_1767670200,129964,2026-01-06 03:30:00,0,74.0,100.63221488949497,-26.632214889494975,26.632214889494975
135081_1767670200,135081,2026-01-06 03:30:00,0,14.0,17.074484100372576,-3.074484100372576,3.074484100372576
122048_1767670200,122048,2026-01-06 03:30:00,0,0.0,-20.375134334421247,20.375134334421247,20.375134334421247
122048_1767670500,122048,2026-01-06 03:35:00,0,0.0,5.854346186152544,-5.854346186152544,5.854346186152544
129964_1767670500,129964,2026-01-06 03:35:00,0,61.0,11.008811082314697,49.99118891768531,49.99118891768531
133957_1767670500,133957,2026-01-06 03:35:00,0,55.0,79.69458107131956,-24.69458107131956,24.69458107131956
134040_1767670500,134040,2026-01-06 03:35:00,0,129.0,170.5679861561245,-41.567986156124505,41.567986156124505
135081_1767670500,135081,2026-01-06 03:35:00,0,63.0,35.07052058735698,27.92947941264302,27.92947941264302
132430_1767670500,132430,2026-01-06 03:35:00,0,215.0,-12.376292832566591,227.3762928325666,227.3762928325666
135081_1767670800,135081,2026-01-06 03:40:00,0,54.0,10.50752164483455,43.492478355165446,43.492478355165446
129964_1767670800,129964,2026-01-06 03:40:00,0,-16.0,59.18056356062742,-75.18056356062742,75.18056356062742
133957_1767670800,133957,2026-01-06 03:40:00,0,-10.0,32.30555520313287,-42.30555520313287,42.30555520313287
122048_1767670800,122048,2026-01-06 03:40:00,0,0.0,69.00412137576762,-69.00412137576762,69.00412137576762
134040_1767670800,134040,2026-01-06 03:40:00,0,132.0,161.97911517732751,-29.979115177327515,29.979115177327515
132430_1767670800,132430,2026-01-06 03:40:00,0,162.0,11.521002315210794,150.4789976847892,150.4789976847892
134040_1767671100,134040,2026-01-06 03:45:00,0,60.0,190.02736423382294,-130.02736423382294,130.02736423382294
133957_1767671100,133957,2026-01-06 03:45:00,0,-86.0,-16.393673733065825,-69.60632626693418,69.60632626693418
129964_1767671100,129964,2026-01-06 03:45:00,0,-55.0,-18.506068974957685,-36.493931025042315,36.493931025042315
132430_1767671100,132430,2026-01-06 03:45:00,0,137.0,63.57934878954816,73.42065121045184,73.42065121045184
122048_1767671100,122048,2026-01-06 03:45:00,0,0.0,80.99535240344599,-80.99535240344599,80.99535240344599
135081_1767671100,135081,2026-01-06 03:45:00,0,45.0,28.74216785094757,16.25783214905243,16.25783214905243
122048_1767671400,122048,2026-01-06 03:50:00,0,0.0,14.989574948967277,-14.989574948967277,14.989574948967277
129964_1767671400,129964,2026-01-06 03:50:00,0,22.0,23.593077493815567,-1.5930774938155672,1.5930774938155672
132430_1767671400,132430,2026-01-06 03:50:00,0,244.0,195.6521772260706,48.34782277392941,48.34782277392941
134040_1767671400,134040,2026-01-06 03:50:00,0,43.0,116.8525185038633,-73.8525185038633,73.8525185038633
133957_1767671400,133957,2026-01-06 03:50:00,0,-86.0,-53.0935537257879,-32.9064462742121,32.9064462742121
135081_1767671400,135081,2026-01-06 03:50:00,0,84.0,71.12897243603544,12.87102756396456,12.87102756396456
135081_1767671700,135081,2026-01-06 03:55:00,0,104.0,69.70631289833987,34.293687101660126,34.293687101660126
132430_1767671700,132430,2026-01-06 03:55:00,0,324.0,265.6134335352252,58.38656646477477,58.38656646477477
133957_1767671700,133957,2026-01-06 03:55:00,0,-40.0,-44.06683697280174,4.066836972801738,4.066836972801738
134040_1767671700,134040,2026-01-06 03:55:00,0,-29.0,7.994143396288365,-36.994143396288365,36.994143396288365
122048_1767671700,122048,2026-01-06 03:55:00,0,0.0,-85.87976206113474,85.87976206113474,85.87976206113474
129964_1767671700,129964,2026-01-06 03:55:00,0,-50.0,-51.49485440219014,1.4948544021901427,1.4948544021901427
135081_1767672000,135081,2026-01-06 04:00:00,0,-33.0,-25.677637224119977,-7.322362775880023,7.322362775880023
132430_1767672000,132430,2026-01-06 04:00:00,0,364.0,254.45332260337906,109.54667739662094,109.54667739662094
129964_1767672000,129964,2026-01-06 04:00:00,0,-7.0,9.023631416969764,-16.023631416969764,16.023631416969764
133957_1767672000,133957,2026-01-06 04:00:00,0,-29.0,-46.18506387947406,17.185063879474058,17.185063879474058
135081_1767672300,135081,2026-01-06 04:05:00,0,-40.0,-34.643800714573814,-5.356199285426186,5.356199285426186
133957_1767672300,133957,2026-01-06 04:05:00,0,-51.0,-53.77359460031708,2.7735946003170824,2.7735946003170824
122048_1767672300,122048,2026-01-06 04:05:00,0,66.0,-103.53832666849188,169.5383266684919,169.5383266684919
132430_1767672300,132430,2026-01-06 04:05:00,0,275.0,101.75743927030419,173.2425607296958,173.2425607296958
129964_1767672300,129964,2026-01-06 04:05:00,0,-9.0,90.70607578738915,-99.70607578738915,99.70607578738915
133957_1767672600,133957,2026-01-06 04:10:00,0,-8.0,-39.21426854727379,31.21426854727379,31.21426854727379
135081_1767672600,135081,2026-01-06 04:10:00,0,-145.0,-84.6466873510276,-60.353312648972405,60.353312648972405
122048_1767672600,122048,2026-01-06 04:10:00,0,66.0,74.34930022685539,-8.34930022685539,8.34930022685539
132430_1767672600,132430,2026-01-06 04:10:00,0,322.0,196.09016258460056,125.90983741539944,125.90983741539944
133957_1767672900,133957,2026-01-06 04:15:00,0,-34.0,-84.19258802612862,50.19258802612862,50.19258802612862
122048_1767672900,122048,2026-01-06 04:15:00,0,170.0,238.03770673018732,-68.03770673018732,68.03770673018732
132430_1767672900,132430,2026-01-06 04:15:00,0,130.0,204.10691350167195,-74.10691350167195,74.10691350167195
130238_1767672900,130238,2026-01-06 04:15:00,0,-23.0,2.1802802653758775,-25.180280265375877,25.180280265375877
135081_1767672900,135081,2026-01-06 04:15:00,0,-98.0,-33.38495348112861,-64.6150465188714,64.6150465188714
129964_1767672900,129964,2026-01-06 04:15:00,0,-29.0,-88.82120576278422,59.82120576278422,59.82120576278422
129964_1767673200,129964,2026-01-06 04:20:00,0,-57.0,-99.41872702459906,42.418727024599065,42.418727024599065
130238_1767673200,130238,2026-01-06 04:20:00,0,39.0,34.95532701805675,4.0446729819432505,4.0446729819432505
122048_1767673200,122048,2026-01-06 04:20:00,0,41.0,278.78204745872057,-237.78204745872057,237.78204745872057
132430_1767673200,132430,2026-01-06 04:20:00,0,129.0,196.77776669566447,-67.77776669566447,67.77776669566447
135081_1767673200,135081,2026-01-06 04:20:00,0,71.0,-22.538474845034642,93.53847484503464,93.53847484503464
129964_1767673500,129964,2026-01-06 04:25:00,0,19.0,-6.4547692241101196,25.45476922411012,25.45476922411012
122048_1767673500,122048,2026-01-06 04:25:00,0,25.0,95.44033692173431,-70.44033692173431,70.44033692173431
132430_1767673500,132430,2026-01-06 04:25:00,0,265.0,277.8432741480808,-12.843274148080809,12.843274148080809
130238_1767673500,130238,2026-01-06 04:25:00,0,26.0,114.56140110098623,-88.56140110098623,88.56140110098623
135081_1767673500,135081,2026-01-06 04:25:00,0,64.0,-64.79883998319943,128.79883998319943,128.79883998319943
130238_1767673800,130238,2026-01-06 04:30:00,0,10.0,84.93074555121753,-74.93074555121753,74.93074555121753
131672_1767673800,131672,2026-01-06 04:30:00,0,-73.0,-47.99672079480469,-25.003279205195312,25.003279205195312
133957_1767673800,133957,2026-01-06 04:30:00,0,32.0,40.45426728561682,-8.454267285616822,8.454267285616822
129964_1767673800,129964,2026-01-06 04:30:00,0,-15.0,31.961154625692927,-46.96115462569293,46.96115462569293
135081_1767673800,135081,2026-01-06 04:30:00,0,111.0,-36.779163038382464,147.77916303838248,147.77916303838248
129964_1767674100,129964,2026-01-06 04:35:00,0,72.0,67.27400957627934,4.72599042372066,4.72599042372066
130238_1767674100,130238,2026-01-06 04:35:00,0,131.0,133.78846280950816,-2.788462809508161,2.788462809508161
135081_1767674100,135081,2026-01-06 04:35:00,0,80.0,42.22382228901323,37.77617771098677,37.77617771098677
131672_1767674100,131672,2026-01-06 04:35:00,0,121.0,26.55994446734491,94.4400555326551,94.4400555326551
133957_1767674100,133957,2026-01-06 04:35:00,0,43.0,90.86473800515931,-47.86473800515931,47.86473800515931
133957_1767674400,133957,2026-01-06 04:40:00,0,74.0,82.36422676159869,-8.364226761598687,8.364226761598687
135081_1767674400,135081,2026-01-06 04:40:00,0,122.0,21.68166098944083,100.31833901055917,100.31833901055917
129964_1767674400,129964,2026-01-06 04:40:00,0,95.0,90.18340944423232,4.816590555767675,4.816590555767675
131672_1767674400,131672,2026-01-06 04:40:00,0,145.0,8.335167415120395,136.6648325848796,136.6648325848796
130238_1767674400,130238,2026-01-06 04:40:00,0,168.0,44.8957220426862,123.1042779573138,123.1042779573138
130238_1767674700,130238,2026-01-06 04:45:00,0,240.0,156.78718628273413,83.21281371726587,83.21281371726587
131672_1767674700,131672,2026-01-06 04:45:00,0,125.0,63.30199852975338,61.69800147024662,61.69800147024662
133957_1767674700,133957,2026-01-06 04:45:00,0,171.0,92.19257335618558,78.80742664381442,78.80742664381442
135081_1767674700,135081,2026-01-06 04:45:00,0,94.0,20.282445570235964,73.71755442976404,73.71755442976404
129964_1767674700,129964,2026-01-06 04:45:00,0,46.0,10.868851478134836,35.131148521865164,35.131148521865164
130238_1767675000,130238,2026-01-06 04:50:00,0,233.0,170.66352634008553,62.336473659914475,62.336473659914475
135081_1767675000,135081,2026-01-06 04:50:00,0,53.0,44.55883153724368,8.441168462756323,8.441168462756323
129964_1767675000,129964,2026-01-06 04:50:00,0,38.0,-51.870940824867944,89.87094082486794,89.87094082486794
131672_1767675000,131672,2026-01-06 04:50:00,0,166.0,130.10458848191638,35.89541151808362,35.89541151808362
133300_1767675000,133300,2026-01-06 04:50:00,0,99.0,-156.50173453981267,255.50173453981267,255.50173453981267
133957_1767675000,133957,2026-01-06 04:50:00,0,92.0,100.60764160777053,-8.607641607770532,8.607641607770532
135081_1767675300,135081,2026-01-06 04:55:00,0,208.0,101.90169677495078,106.09830322504922,106.09830322504922
133300_1767675300,133300,2026-01-06 04:55:00,0,99.0,-100.99292280665624,199.99292280665622,199.99292280665622
131672_1767675300,131672,2026-01-06 04:55:00,0,88.0,50.21385168480586,37.78614831519414,37.78614831519414
129964_1767675300,129964,2026-01-06 04:55:00,0,105.0,51.087308086114355,53.912691913885645,53.912691913885645
133957_1767675300,133957,2026-01-06 04:55:00,0,5.0,17.940628961041966,-12.940628961041966,12.940628961041966
133957_1767675600,133957,2026-01-06 05:00:00,0,-10.0,-33.18920071599601,23.18920071599601,23.18920071599601
122048_1767675600,122048,2026-01-06 05:00:00,0,-68.0,-22.21743747541262,-45.78256252458738,45.78256252458738
133300_1767675600,133300,2026-01-06 05:00:00,0,180.0,-13.031495647941785,193.0314956479418,193.0314956479418
129964_1767675600,129964,2026-01-06 05:00:00,0,46.0,46.146273383500656,-0.146273383500656,0.146273383500656
135081_1767675600,135081,2026-01-06 05:00:00,0,299.0,106.52041023871776,192.47958976128223,192.47958976128223
133300_1767675900,133300,2026-01-06 05:05:00,0,135.0,103.20696323401337,31.793036765986628,31.793036765986628
122048_1767675900,122048,2026-01-06 05:05:00,0,-86.0,-36.08105123973294,-49.91894876026706,49.91894876026706
129964_1767675900,129964,2026-01-06 05:05:00,0,20.0,18.154958694852922,1.8450413051470775,1.8450413051470775
133957_1767675900,133957,2026-01-06 05:05:00,0,-32.0,-45.78049882926575,13.780498829265753,13.780498829265753
135081_1767675900,135081,2026-01-06 05:05:00,0,224.0,170.63911142698976,53.36088857301024,53.36088857301024
133300_1767676200,133300,2026-01-06 05:10:00,0,170.0,177.76515757248208,-7.765157572482082,7.765157572482082
133957_1767676200,133957,2026-01-06 05:10:00,0,95.0,-21.913429421007947,116.91342942100795,116.91342942100795
133300_1767676500,133300,2026-01-06 05:15:00,0,169.0,221.3844124706261,-52.3844124706261,52.3844124706261
133300_1767676800,133300,2026-01-06 05:20:00,0,289.0,267.01394444546804,21.98605555453196,21.98605555453196
133300_1767677400,133300,2026-01-06 05:30:00,0,87.0,92.87234648019034,-5.872346480190345,5.872346480190345
130238_1767677400,130238,2026-01-06 05:30:00,0,-50.0,-3.020725360050589,-46.97927463994941,46.97927463994941
134040_1767677400,134040,2026-01-06 05:30:00,0,71.0,71.2280583032994,-0.2280583032994059,0.2280583032994059
134040_1767677700,134040,2026-01-06 05:35:00,0,174.0,124.26700652451309,49.73299347548691,49.73299347548691
133300_1767677700,133300,2026-01-06 05:35:00,0,87.0,3.077474819421411,83.92252518057859,83.92252518057859
130238_1767677700,130238,2026-01-06 05:35:00,0,-47.0,3.3961243701514245,-50.396124370151426,50.396124370151426
130238_1767678000,130238,2026-01-06 05:40:00,0,-45.0,43.01369590262427,-88.01369590262428,88.01369590262428
133300_1767678000,133300,2026-01-06 05:40:00,0,108.0,63.60872484538666,44.39127515461334,44.39127515461334
134040_1767678000,134040,2026-01-06 05:40:00,0,-25.0,6.531970816656639,-31.53197081665664,31.53197081665664
133300_1767678300,133300,2026-01-06 05:45:00,0,59.0,60.628967178706475,-1.6289671787064748,1.6289671787064748
130238_1767678300,130238,2026-01-06 05:45:00,0,-142.0,-96.21889604389553,-45.781103956104474,45.781103956104474
133300_1767678600,133300,2026-01-06 05:50:00,0,40.0,141.89140880933928,-101.89140880933928,101.89140880933928
133300_1767678900,133300,2026-01-06 05:55:00,0,-2.0,111.37698925747648,-113.37698925747648,113.37698925747648
130238_1767679500,130238,2026-01-06 06:05:00,0,0.0,-74.96144440948667,74.96144440948667,74.96144440948667
130238_1767679800,130238,2026-01-06 06:10:00,0,0.0,-41.79930560574889,41.79930560574889,41.79930560574889
132430_1767679800,132430,2026-01-06 06:10:00,0,73.0,20.253549673118318,52.746450326881686,52.746450326881686
134040_1767679800,134040,2026-01-06 06:10:00,0,23.0,4.852867404512612,18.14713259548739,18.14713259548739
132430_1767680100,132430,2026-01-06 06:15:00,0,73.0,13.293395372369861,59.70660462763014,59.70660462763014
134040_1767680100,134040,2026-01-06 06:15:00,0,26.0,-23.2260233925119,49.226023392511905,49.226023392511905
130238_1767680100,130238,2026-01-06 06:15:00,0,0.0,-64.24107260781362,64.24107260781362,64.24107260781362
134040_1767680400,134040,2026-01-06 06:20:00,0,-52.0,14.163880155702032,-66.16388015570203,66.16388015570203
130238_1767680400,130238,2026-01-06 06:20:00,0,0.0,-62.16506170787649,62.16506170787649,62.16506170787649
132430_1767680400,132430,2026-01-06 06:20:00,0,-15.0,-4.9181153019934385,-10.081884698006562,10.081884698006562
134040_1767680700,134040,2026-01-06 06:25:00,0,-87.0,-20.37676099997809,-66.62323900002191,66.62323900002191
132430_1767680700,132430,2026-01-06 06:25:00,0,-42.0,11.747234352617483,-53.74723435261748,53.74723435261748
132430_1767681000,132430,2026-01-06 06:30:00,0,32.0,122.49371437625217,-90.49371437625217,90.49371437625217
122658_1767681000,122658,2026-01-06 06:30:00,0,181.0,144.0127148632704,36.98728513672961,36.98728513672961
133300_1767681000,133300,2026-01-06 06:30:00,0,12.0,32.47671070730979,-20.476710707309792,20.476710707309792
134040_1767681000,134040,2026-01-06 06:30:00,0,-111.0,-50.927204012782454,-60.072795987217546,60.072795987217546
134040_1767681300,134040,2026-01-06 06:35:00,0,-75.0,-21.613490565123982,-53.38650943487602,53.38650943487602
132430_1767681300,132430,2026-01-06 06:35:00,0,126.0,166.4140046304069,-40.41400463040691,40.41400463040691
133300_1767681300,133300,2026-01-06 06:35:00,0,-61.0,109.78652495567263,-170.78652495567263,170.78652495567263
122658_1767681300,122658,2026-01-06 06:35:00,0,0.0,-68.05321308017767,68.05321308017767,68.05321308017767
132430_1767681600,132430,2026-01-06 06:40:00,0,65.0,-21.206625146081247,86.20662514608125,86.20662514608125
122658_1767681600,122658,2026-01-06 06:40:00,0,0.0,-54.277604795229024,54.277604795229024,54.277604795229024
131672_1767681900,131672,2026-01-06 06:45:00,0,37.0,47.37802684874538,-10.378026848745378,10.378026848745378
122658_1767681900,122658,2026-01-06 06:45:00,0,0.0,313.7216550342018,-313.7216550342018,313.7216550342018
132430_1767681900,132430,2026-01-06 06:45:00,0,-62.0,-38.42885565638214,-23.57114434361786,23.57114434361786
131672_1767682200,131672,2026-01-06 06:50:00,0,13.0,115.19593379848814,-102.19593379848814,102.19593379848814
132430_1767682200,132430,2026-01-06 06:50:00,0,-16.0,82.15002523993113,-98.15002523993113,98.15002523993113
122658_1767682200,122658,2026-01-06 06:50:00,0,0.0,36.41692809697243,-36.41692809697243,36.41692809697243
131672_1767682500,131672,2026-01-06 06:55:00,0,16.0,109.21087757549701,-93.21087757549701,93.21087757549701
122658_1767682500,122658,2026-01-06 06:55:00,0,0.0,-0.9929977346640602,0.9929977346640602,0.9929977346640602
122658_1767682800,122658,2026-01-06 07:00:00,0,0.0,8.235046829037875,-8.235046829037875,8.235046829037875
131672_1767682800,131672,2026-01-06 07:00:00,0,-48.0,36.34161064256001,-84.34161064256001,84.34161064256001
131672_1767683100,131672,2026-01-06 07:05:00,0,-52.0,69.668539025631,-121.668539025631,121.668539025631
122658_1767683100,122658,2026-01-06 07:05:00,0,0.0,36.74470836392568,-36.74470836392568,36.74470836392568
131672_1767683400,131672,2026-01-06 07:10:00,0,-178.0,-101.34649399658866,-76.65350600341134,76.65350600341134
122658_1767683400,122658,2026-01-06 07:10:00,0,-11.0,-103.55939760096503,92.55939760096503,92.55939760096503
122658_1767683700,122658,2026-01-06 07:15:00,0,96.0,41.20633303711065,54.79366696288935,54.79366696288935
131672_1767683700,131672,2026-01-06 07:15:00,0,-200.0,-99.16833096228707,-100.83166903771293,100.83166903771293
122658_1767684000,122658,2026-01-06 07:20:00,0,58.0,120.90012759288507,-62.90012759288507,62.90012759288507
131672_1767684000,131672,2026-01-06 07:20:00,0,-74.0,-31.308314510449005,-42.69168548955099,42.69168548955099
122658_1767684300,122658,2026-01-06 07:25:00,0,118.0,-15.359106420408366,133.35910642040835,133.35910642040835
131672_1767684300,131672,2026-01-06 07:25:00,0,24.0,5.518524905247716,18.481475094752284,18.481475094752284
131672_1767684600,131672,2026-01-06 07:30:00,0,-63.0,37.86505105466273,-100.86505105466273,100.86505105466273
122658_1767684600,122658,2026-01-06 07:30:00,0,97.0,149.9932117886845,-52.993211788684505,52.993211788684505
122658_1767684900,122658,2026-01-06 07:35:00,0,97.0,86.02146901942913,10.978530980570866,10.978530980570866
122658_1767685200,122658,2026-01-06 07:40:00,0,0.0,-87.83918620514257,87.83918620514257,87.83918620514257
122613_1767689700,122613,2026-01-06 08:55:00,0,49.0,139.38947814050687,-90.38947814050687,90.38947814050687
122613_1767693600,122613,2026-01-06 10:00:00,0,-180.0,-40.31832783599123,-139.68167216400877,139.68167216400877
122613_1767693900,122613,2026-01-06 10:05:00,0,-108.0,-143.4496861610387,35.4496861610387,35.4496861610387
122613_1767694200,122613,2026-01-06 10:10:00,0,-140.0,-87.96748571898894,-52.03251428101106,52.03251428101106
122613_1767694500,122613,2026-01-06 10:15:00,0,-70.0,-80.02826467287129,10.028264672871288,10.028264672871288
122613_1767694800,122613,2026-01-06 10:20:00,0,-38.0,-16.235337737126784,-21.764662262873216,21.764662262873216
122613_1767695100,122613,2026-01-06 10:25:00,0,30.0,-16.667081025055012,46.66708102505501,46.66708102505501
122613_1767695400,122613,2026-01-06 10:30:00,0,123.0,25.129621832919753,97.87037816708025,97.87037816708025
122613_1767695700,122613,2026-01-06 10:35:00,0,61.0,118.75335730165924,-57.753357301659236,57.753357301659236
122613_1767696900,122613,2026-01-06 10:55:00,0,0.0,-28.306750538141273,28.306750538141273,28.306750538141273
122613_1767699000,122613,2026-01-06 11:30:00,0,0.0,37.60303411488296,-37.60303411488296,37.60303411488296
130072_1767730200,130072,2026-01-06 20:10:00,0,60.0,87.02056887827078,-27.02056887827078,27.02056887827078
130072_1767730500,130072,2026-01-06 20:15:00,0,60.0,37.38621850454744,22.613781495452557,22.613781495452557
130072_1767730800,130072,2026-01-06 20:20:00,0,106.0,77.39579105352449,28.60420894647551,28.60420894647551
130072_1767731100,130072,2026-01-06 20:25:00,0,22.0,108.89874029474781,-86.89874029474781,86.89874029474781
130072_1767731400,130072,2026-01-06 20:30:00,0,49.0,120.62814986422035,-71.62814986422035,71.62814986422035
130072_1767731700,130072,2026-01-06 20:35:00,0,78.0,77.26424204020626,0.7357579597937445,0.7357579597937445
134494_1767738000,134494,2026-01-06 22:20:00,0,0.0,-37.303204466707484,37.303204466707484,37.303204466707484
134494_1767738300,134494,2026-01-06 22:25:00,0,0.0,36.828138744275236,-36.828138744275236,36.828138744275236
134494_1767738600,134494,2026-01-06 22:30:00,0,0.0,10.898710328787114,-10.898710328787114,10.898710328787114
129964_1767676200,129964,2026-01-06 05:10:00,1,91.0,96.1753601516227,-5.175360151622698,5.175360151622698
135081_1767676200,135081,2026-01-06 05:10:00,1,126.0,213.7019492281886,-87.7019492281886,87.7019492281886
122048_1767676200,122048,2026-01-06 05:10:00,1,25.0,13.13180610902576,11.86819389097424,11.86819389097424
135081_1767676500,135081,2026-01-06 05:15:00,1,-30.0,88.93422261979705,-118.93422261979705,118.93422261979705
122048_1767676500,122048,2026-01-06 05:15:00,1,-41.0,2.9374399818657295,-43.93743998186573,43.93743998186573
133957_1767676500,133957,2026-01-06 05:15:00,1,61.0,9.543598242828821,51.45640175717118,51.45640175717118
122048_1767676800,122048,2026-01-06 05:20:00,1,-163.0,31.833194225811056,-194.83319422581104,194.83319422581104
133957_1767676800,133957,2026-01-06 05:20:00,1,7.0,30.56825675182081,-23.56825675182081,23.56825675182081
122048_1767677100,122048,2026-01-06 05:25:00,1,-177.0,-20.540203206308142,-156.45979679369185,156.45979679369185
133957_1767677100,133957,2026-01-06 05:25:00,1,-94.0,95.98001373399896,-189.98001373399896,189.98001373399896
122048_1767677400,122048,2026-01-06 05:30:00,1,-65.0,-28.055515761203736,-36.944484238796264,36.944484238796264
133957_1767677400,133957,2026-01-06 05:30:00,1,-91.0,6.771490563902205,-97.7714905639022,97.7714905639022
122048_1767677700,122048,2026-01-06 05:35:00,1,12.0,-8.535773169151298,20.535773169151298,20.535773169151298
122048_1767678000,122048,2026-01-06 05:40:00,1,47.0,49.9669500528766,-2.966950052876598,2.966950052876598
122048_1767678300,122048,2026-01-06 05:45:00,1,124.0,-13.180155502478954,137.18015550247895,137.18015550247895
122048_1767678600,122048,2026-01-06 05:50:00,1,172.0,60.46571990494261,111.5342800950574,111.5342800950574
122048_1767678900,122048,2026-01-06 05:55:00,1,140.0,96.92583532068002,43.07416467931998,43.07416467931998
133957_1767679500,133957,2026-01-06 06:05:00,1,49.0,43.309925291250494,5.690074708749506,5.690074708749506
133957_1767679800,133957,2026-01-06 06:10:00,1,71.0,34.61011745222902,36.38988254777098,36.38988254777098
133957_1767680100,133957,2026-01-06 06:15:00,1,111.0,123.19481740907096,-12.194817409070964,12.194817409070964
133957_1767680400,133957,2026-01-06 06:20:00,1,18.0,65.26900345952782,-47.26900345952782,47.26900345952782
129964_1767680400,129964,2026-01-06 06:20:00,1,-51.0,31.26387508018655,-82.26387508018655,82.26387508018655
133957_1767680700,133957,2026-01-06 06:25:00,1,39.0,53.243005970139656,-14.243005970139656,14.243005970139656
130238_1767680700,130238,2026-01-06 06:25:00,1,0.0,10.945416461181576,-10.945416461181576,10.945416461181576
129964_1767680700,129964,2026-01-06 06:25:00,1,-106.0,-62.4948803382197,-43.5051196617803,43.5051196617803
133957_1767681000,133957,2026-01-06 06:30:00,1,-30.0,-17.528474103401862,-12.471525896598138,12.471525896598138
129964_1767681000,129964,2026-01-06 06:30:00,1,7.0,5.538686235252598,1.461313764747402,1.461313764747402
130238_1767681000,130238,2026-01-06 06:30:00,1,0.0,-25.1184493921118,25.1184493921118,25.1184493921118
129964_1767681300,129964,2026-01-06 06:35:00,1,47.0,31.942767043182187,15.057232956817813,15.057232956817813
130238_1767681300,130238,2026-01-06 06:35:00,1,0.0,22.010814196366926,-22.010814196366926,22.010814196366926
133957_1767681300,133957,2026-01-06 06:35:00,1,-59.0,-21.998867756479292,-37.00113224352071,37.00113224352071
130238_1767681600,130238,2026-01-06 06:40:00,1,0.0,-18.791860069207214,18.791860069207214,18.791860069207214
133300_1767681600,133300,2026-01-06 06:40:00,1,159.0,172.6791309706903,-13.679130970690295,13.679130970690295
134040_1767681600,134040,2026-01-06 06:40:00,1,1.0,42.553889104675335,-41.553889104675335,41.553889104675335
133957_1767681600,133957,2026-01-06 06:40:00,1,-30.0,-12.021449168523617,-17.978550831476383,17.978550831476383
129964_1767681600,129964,2026-01-06 06:40:00,1,39.0,50.58557060137926,-11.58557060137926,11.58557060137926
133300_1767681900,133300,2026-01-06 06:45:00,1,79.0,-3.639446648464258,82.63944664846426,82.63944664846426
130238_1767681900,130238,2026-01-06 06:45:00,1,0.0,-12.059621589523974,12.059621589523974,12.059621589523974
134040_1767681900,134040,2026-01-06 06:45:00,1,-38.0,-31.396924431491712,-6.603075568508288,6.603075568508288
129964_1767681900,129964,2026-01-06 06:45:00,1,148.0,60.676358718320216,87.32364128167978,87.32364128167978
133957_1767681900,133957,2026-01-06 06:45:00,1,-58.0,-24.822013525941728,-33.17798647405827,33.17798647405827
133957_1767682200,133957,2026-01-06 06:50:00,1,-19.0,-24.52827953895872,5.528279538958721,5.528279538958721
133300_1767682200,133300,2026-01-06 06:50:00,1,79.0,37.43827980739418,41.56172019260582,41.56172019260582
134040_1767682200,134040,2026-01-06 06:50:00,1,-71.0,-34.263175608995425,-36.736824391004575,36.736824391004575
129964_1767682200,129964,2026-01-06 06:50:00,1,188.0,37.5437465837644,150.4562534162356,150.4562534162356
129964_1767682500,129964,2026-01-06 06:55:00,1,84.0,22.80534634815558,61.19465365184442,61.19465365184442
132430_1767682500,132430,2026-01-06 06:55:00,1,248.0,45.198086353801536,202.80191364619847,202.80191364619847
133300_1767682500,133300,2026-01-06 06:55:00,1,173.0,90.44566710175152,82.55433289824848,82.55433289824848
133957_1767682500,133957,2026-01-06 06:55:00,1,-45.0,31.729453864464297,-76.72945386446429,76.72945386446429
134040_1767682500,134040,2026-01-06 06:55:00,1,46.0,11.537877206412261,34.46212279358774,34.46212279358774
133957_1767682800,133957,2026-01-06 07:00:00,1,-74.0,-58.00392191663043,-15.996078083369568,15.996078083369568
132430_1767682800,132430,2026-01-06 07:00:00,1,267.0,54.34784107321528,212.65215892678472,212.65215892678472
133300_1767682800,133300,2026-01-06 07:00:00,1,135.0,51.74853367955765,83.25146632044235,83.25146632044235
129964_1767682800,129964,2026-01-06 07:00:00,1,70.0,25.986484477190686,44.013515522809314,44.013515522809314
133957_1767683100,133957,2026-01-06 07:05:00,1,-8.0,90.22222873872289,-98.22222873872289,98.22222873872289
133300_1767683100,133300,2026-01-06 07:05:00,1,169.0,142.73339206825293,26.266607931747075,26.266607931747075
132430_1767683100,132430,2026-01-06 07:05:00,1,408.0,77.91268410455802,330.087315895442,330.087315895442
129964_1767683100,129964,2026-01-06 07:05:00,1,154.0,124.4439689793965,29.5560310206035,29.5560310206035
129964_1767683400,129964,2026-01-06 07:10:00,1,81.0,1.5391346415645017,79.4608653584355,79.4608653584355
132430_1767683400,132430,2026-01-06 07:10:00,1,270.0,153.42966187125475,116.57033812874525,116.57033812874525
133300_1767683400,133300,2026-01-06 07:10:00,1,166.0,202.7757207988116,-36.77572079881159,36.77572079881159
129964_1767683700,129964,2026-01-06 07:15:00,1,145.0,92.11244497724694,52.88755502275306,52.88755502275306
133300_1767683700,133300,2026-01-06 07:15:00,1,240.0,284.6532115447276,-44.65321154472758,44.65321154472758
133957_1767683700,133957,2026-01-06 07:15:00,1,10.0,-2.915713215616922,12.915713215616922,12.915713215616922
132430_1767683700,132430,2026-01-06 07:15:00,1,163.0,110.85934368015899,52.140656319841014,52.140656319841014
133957_1767684000,133957,2026-01-06 07:20:00,1,33.0,-13.523859149585629,46.52385914958563,46.52385914958563
133300_1767684000,133300,2026-01-06 07:20:00,1,116.0,179.6009991712569,-63.60099917125689,63.60099917125689
129964_1767684000,129964,2026-01-06 07:20:00,1,134.0,144.53062255315058,-10.530622553150579,10.530622553150579
132430_1767684000,132430,2026-01-06 07:20:00,1,246.0,154.39260593311425,91.60739406688575,91.60739406688575
133300_1767684300,133300,2026-01-06 07:25:00,1,116.0,137.0794138032282,-21.079413803228192,21.079413803228192
132430_1767684300,132430,2026-01-06 07:25:00,1,230.0,179.81631715657795,50.18368284342205,50.18368284342205
130238_1767684300,130238,2026-01-06 07:25:00,1,16.0,33.50011189647588,-17.50011189647588,17.50011189647588
133957_1767684300,133957,2026-01-06 07:25:00,1,71.0,82.80884724053375,-11.808847240533751,11.808847240533751
129964_1767684600,129964,2026-01-06 07:30:00,1,-29.0,-7.882922413624556,-21.117077586375444,21.117077586375444
135081_1767684600,135081,2026-01-06 07:30:00,1,-78.0,-71.97955067589355,-6.020449324106451,6.020449324106451
132430_1767684600,132430,2026-01-06 07:30:00,1,215.0,107.4084676751068,107.5915323248932,107.5915323248932
122048_1767684600,122048,2026-01-06 07:30:00,1,350.0,216.793868034992,133.206131965008,133.206131965008
133300_1767684600,133300,2026-01-06 07:30:00,1,214.0,143.16501198601728,70.83498801398272,70.83498801398272
131672_1767684900,131672,2026-01-06 07:35:00,1,-96.0,-12.105449571222714,-83.89455042877728,83.89455042877728
135081_1767684900,135081,2026-01-06 07:35:00,1,-28.0,-55.510200734526684,27.510200734526684,27.510200734526684
122048_1767684900,122048,2026-01-06 07:35:00,1,304.0,330.9734015173767,-26.973401517376715,26.973401517376715
129964_1767684900,129964,2026-01-06 07:35:00,1,-70.0,-0.32969171859875246,-69.67030828140125,69.67030828140125
132430_1767684900,132430,2026-01-06 07:35:00,1,183.0,119.33462869985581,63.66537130014419,63.66537130014419
133300_1767684900,133300,2026-01-06 07:35:00,1,244.0,92.75624114208449,151.2437588579155,151.2437588579155
135081_1767685200,135081,2026-01-06 07:40:00,1,59.0,-45.52055270997784,104.52055270997784,104.52055270997784
122048_1767685200,122048,2026-01-06 07:40:00,1,183.0,264.83333463805985,-81.83333463805985,81.83333463805985
133300_1767685200,133300,2026-01-06 07:40:00,1,255.0,108.62674016349101,146.373259836509,146.373259836509
131672_1767685200,131672,2026-01-06 07:40:00,1,-126.0,-85.22769055413944,-40.77230944586056,40.77230944586056
129964_1767685200,129964,2026-01-06 07:40:00,1,-34.0,50.60359225473195,-84.60359225473195,84.60359225473195
122048_1767685500,122048,2026-01-06 07:45:00,1,141.0,254.44371421788435,-113.44371421788435,113.44371421788435
129964_1767685500,129964,2026-01-06 07:45:00,1,-4.0,-14.742648901035238,10.742648901035238,10.742648901035238
132430_1767685500,132430,2026-01-06 07:45:00,1,167.0,54.31499014599086,112.68500985400914,112.68500985400914
135081_1767685500,135081,2026-01-06 07:45:00,1,275.0,93.65919536933072,181.34080463066928,181.34080463066928
122658_1767685500,122658,2026-01-06 07:45:00,1,0.0,-70.07804351461957,70.07804351461957,70.07804351461957
133300_1767685500,133300,2026-01-06 07:45:00,1,286.0,249.74943334620494,36.25056665379506,36.25056665379506
135081_1767685800,135081,2026-01-06 07:50:00,1,288.0,86.1421610047931,201.85783899520692,201.85783899520692
133300_1767685800,133300,2026-01-06 07:50:00,1,404.0,358.2676380959439,45.73236190405612,45.73236190405612
132430_1767685800,132430,2026-01-06 07:50:00,1,64.0,60.090556307571674,3.909443692428326,3.909443692428326
129964_1767685800,129964,2026-01-06 07:50:00,1,17.0,24.0588698643856,-7.058869864385599,7.058869864385599
122048_1767685800,122048,2026-01-06 07:50:00,1,45.0,113.32877464716404,-68.32877464716404,68.32877464716404
122658_1767685800,122658,2026-01-06 07:50:00,1,0.0,164.61603303470085,-164.61603303470085,164.61603303470085
135081_1767686100,135081,2026-01-06 07:55:00,1,247.0,163.02062413391855,83.97937586608145,83.97937586608145
132430_1767686100,132430,2026-01-06 07:55:00,1,53.0,89.14554614587075,-36.14554614587075,36.14554614587075
122048_1767686100,122048,2026-01-06 07:55:00,1,-35.0,20.887736212501096,-55.887736212501096,55.887736212501096
122658_1767686100,122658,2026-01-06 07:55:00,1,0.0,344.3986039423744,-344.3986039423744,344.3986039423744
129964_1767686100,129964,2026-01-06 07:55:00,1,162.0,84.23081109899515,77.76918890100485,77.76918890100485
132430_1767686400,132430,2026-01-06 08:00:00,1,30.0,113.34663981969315,-83.34663981969315,83.34663981969315
130238_1767686400,130238,2026-01-06 08:00:00,1,107.0,103.12236306154401,3.8776369384559928,3.8776369384559928
129964_1767686400,129964,2026-01-06 08:00:00,1,97.0,-6.169532024130859,103.16953202413086,103.16953202413086
122048_1767686400,122048,2026-01-06 08:00:00,1,-43.0,20.20219534785977,-63.20219534785977,63.20219534785977
130238_1767686700,130238,2026-01-06 08:05:00,1,1.0,-3.3442219877021557,4.344221987702156,4.344221987702156
122048_1767686700,122048,2026-01-06 08:05:00,1,-49.0,8.677653954686981,-57.67765395468698,57.67765395468698
132430_1767686700,132430,2026-01-06 08:05:00,1,53.0,56.162119167428436,-3.162119167428436,3.162119167428436
129964_1767686700,129964,2026-01-06 08:05:00,1,64.0,36.31740413276127,27.68259586723873,27.68259586723873
122048_1767687000,122048,2026-01-06 08:10:00,1,104.0,41.41307207280951,62.58692792719049,62.58692792719049
132430_1767687000,132430,2026-01-06 08:10:00,1,42.0,-19.18184593522348,61.18184593522348,61.18184593522348
129964_1767687000,129964,2026-01-06 08:10:00,1,42.0,35.6727863323044,6.327213667695602,6.327213667695602
132430_1767687300,132430,2026-01-06 08:15:00,1,-108.0,-22.32481475316638,-85.67518524683362,85.67518524683362
122048_1767687300,122048,2026-01-06 08:15:00,1,99.0,-16.803817596704306,115.8038175967043,115.8038175967043
129964_1767687300,129964,2026-01-06 08:15:00,1,108.0,42.118883611494994,65.881116388505,65.881116388505
132430_1767687600,132430,2026-01-06 08:20:00,1,-132.0,-53.260270017071065,-78.73972998292894,78.73972998292894
122048_1767687600,122048,2026-01-06 08:20:00,1,49.0,89.24378241091947,-40.243782410919465,40.243782410919465
129964_1767687600,129964,2026-01-06 08:20:00,1,8.0,-52.08198266409034,60.08198266409034,60.08198266409034
132430_1767687900,132430,2026-01-06 08:25:00,1,-101.0,35.433926702860205,-136.43392670286022,136.43392670286022
122048_1767687900,122048,2026-01-06 08:25:00,1,80.0,111.0517119283867,-31.051711928386695,31.051711928386695
122658_1767688200,122658,2026-01-06 08:30:00,1,137.0,38.203556016985985,98.79644398301402,98.79644398301402
131672_1767688200,131672,2026-01-06 08:30:00,1,16.0,73.05164862248154,-57.05164862248154,57.05164862248154
130238_1767688200,130238,2026-01-06 08:30:00,1,27.0,21.1706364072608,5.829363592739199,5.829363592739199
132430_1767688200,132430,2026-01-06 08:30:00,1,194.0,50.758574823001425,143.24142517699858,143.24142517699858
122048_1767688200,122048,2026-01-06 08:30:00,1,68.0,21.26642036720171,46.73357963279829,46.73357963279829
134040_1767688200,134040,2026-01-06 08:30:00,1,154.0,70.2149523817364,83.7850476182636,83.7850476182636
122048_1767688500,122048,2026-01-06 08:35:00,1,49.0,76.2662901291373,-27.266290129137303,27.266290129137303
122658_1767688500,122658,2026-01-06 08:35:00,1,-33.0,119.30414864650186,-152.30414864650186,152.30414864650186
134040_1767688500,134040,2026-01-06 08:35:00,1,141.0,117.42040802577858,23.579591974221415,23.579591974221415
131672_1767688500,131672,2026-01-06 08:35:00,1,20.0,-25.250273004665175,45.250273004665175,45.250273004665175
130238_1767688500,130238,2026-01-06 08:35:00,1,-8.0,-97.42043237645797,89.42043237645797,89.42043237645797
132430_1767688500,132430,2026-01-06 08:35:00,1,268.0,48.16264870715088,219.83735129284912,219.83735129284912
122048_1767688800,122048,2026-01-06 08:40:00,1,76.0,48.19002614285501,27.80997385714499,27.80997385714499
134040_1767688800,134040,2026-01-06 08:40:00,1,128.0,52.53436906448435,75.46563093551565,75.46563093551565
132430_1767688800,132430,2026-01-06 08:40:00,1,284.0,230.22136575186886,53.77863424813114,53.77863424813114
131672_1767688800,131672,2026-01-06 08:40:00,1,-17.0,11.006052572800797,-28.006052572800797,28.006052572800797
122658_1767688800,122658,2026-01-06 08:40:00,1,-34.0,112.16194162287864,-146.16194162287866,146.16194162287866
130238_1767688800,130238,2026-01-06 08:40:00,1,-92.0,-107.74966127951717,15.74966127951717,15.74966127951717
131672_1767689100,131672,2026-01-06 08:45:00,1,17.0,119.75244791321472,-102.75244791321472,102.75244791321472
122658_1767689100,122658,2026-01-06 08:45:00,1,-34.0,-123.70096067435715,89.70096067435715,89.70096067435715
134040_1767689100,134040,2026-01-06 08:45:00,1,26.0,50.74239714448959,-24.742397144489587,24.742397144489587
122048_1767689100,122048,2026-01-06 08:45:00,1,94.0,42.21290011540726,51.78709988459274,51.78709988459274
132430_1767689100,132430,2026-01-06 08:45:00,1,163.0,112.51017038682767,50.48982961317233,50.48982961317233
130238_1767689100,130238,2026-01-06 08:45:00,1,-120.0,-64.48648622731713,-55.51351377268287,55.51351377268287
122658_1767689400,122658,2026-01-06 08:50:00,1,-34.0,-194.18,160.18,160.18
131672_1767689400,131672,2026-01-06 08:50:00,1,-72.0,35.21386325408338,-107.21386325408338,107.21386325408338
130238_1767689400,130238,2026-01-06 08:50:00,1,37.0,-2.8168927009367053,39.816892700936705,39.816892700936705
134040_1767689400,134040,2026-01-06 08:50:00,1,94.0,73.69480587359286,20.305194126407144,20.305194126407144
132430_1767689400,132430,2026-01-06 08:50:00,1,85.0,173.25102731326922,-88.25102731326922,88.25102731326922
122048_1767689400,122048,2026-01-06 08:50:00,1,121.0,49.536715829029994,71.46328417097001,71.46328417097001
130238_1767689700,130238,2026-01-06 08:55:00,1,57.0,6.509021758026776,50.490978241973224,50.490978241973224
122658_1767689700,122658,2026-01-06 08:55:00,1,-34.0,-87.87873496268774,53.878734962687744,53.878734962687744
122048_1767689700,122048,2026-01-06 08:55:00,1,116.0,16.71075825629069,99.28924174370931,99.28924174370931
132430_1767689700,132430,2026-01-06 08:55:00,1,7.0,219.49682460102318,-212.49682460102318,212.49682460102318
134040_1767689700,134040,2026-01-06 08:55:00,1,46.0,58.530575320871094,-12.530575320871094,12.530575320871094
131672_1767689700,131672,2026-01-06 08:55:00,1,-222.0,-3.5040941952202047,-218.4959058047798,218.4959058047798
122048_1767690000,122048,2026-01-06 09:00:00,1,73.0,34.91337975617186,38.08662024382814,38.08662024382814
134040_1767690000,134040,2026-01-06 09:00:00,1,159.0,70.73247710392421,88.26752289607579,88.26752289607579
122658_1767690000,122658,2026-01-06 09:00:00,1,-34.0,38.49128028671477,-72.49128028671477,72.49128028671477
131672_1767690000,131672,2026-01-06 09:00:00,1,-208.0,-78.34094823898943,-129.65905176101057,129.65905176101057
130238_1767690000,130238,2026-01-06 09:00:00,1,40.0,-118.6998437390112,158.69984373901121,158.69984373901121
133957_1767690000,133957,2026-01-06 09:00:00,1,-116.0,-75.24043348259431,-40.75956651740569,40.75956651740569
130238_1767690300,130238,2026-01-06 09:05:00,1,49.0,35.835962734355135,13.164037265644865,13.164037265644865
122658_1767690300,122658,2026-01-06 09:05:00,1,-34.0,100.49153083609991,-134.4915308360999,134.4915308360999
134040_1767690300,134040,2026-01-06 09:05:00,1,-28.0,-20.230446782957515,-7.7695532170424855,7.7695532170424855
131672_1767690300,131672,2026-01-06 09:05:00,1,-157.0,-109.25064275014357,-47.74935724985643,47.74935724985643
133957_1767690300,133957,2026-01-06 09:05:00,1,-68.0,-39.44784456352669,-28.552155436473313,28.552155436473313
131672_1767690600,131672,2026-01-06 09:10:00,1,-39.0,-48.014358563325516,9.014358563325516,9.014358563325516
122658_1767690600,122658,2026-01-06 09:10:00,1,-34.0,81.61063458976336,-115.61063458976336,115.61063458976336
133957_1767690600,133957,2026-01-06 09:10:00,1,-88.0,-70.34962280553209,-17.650377194467907,17.650377194467907
122658_1767690900,122658,2026-01-06 09:15:00,1,-34.0,-4.190121569592293,-29.809878430407707,29.809878430407707
133957_1767690900,133957,2026-01-06 09:15:00,1,-111.0,-100.45839805224175,-10.541601947758252,10.541601947758252
131672_1767690900,131672,2026-01-06 09:15:00,1,-68.0,-70.04782138399383,2.047821383993835,2.047821383993835
131672_1767691200,131672,2026-01-06 09:20:00,1,-65.0,-36.485354306418635,-28.514645693581365,28.514645693581365
133957_1767691200,133957,2026-01-06 09:20:00,1,9.0,18.603870907215537,-9.603870907215537,9.603870907215537
131672_1767691500,131672,2026-01-06 09:25:00,1,-10.0,-35.837050937596175,25.837050937596175,25.837050937596175
133957_1767691800,133957,2026-01-06 09:30:00,1,48.0,67.62013429693323,-19.62013429693323,19.62013429693323
133957_1767692100,133957,2026-01-06 09:35:00,1,50.0,14.71808760155745,35.28191239844255,35.28191239844255
133957_1767692400,133957,2026-01-06 09:40:00,1,223.0,104.58923752750204,118.41076247249796,118.41076247249796
133957_1767692700,133957,2026-01-06 09:45:00,1,191.0,53.26441535157399,137.73558464842603,137.73558464842603
132430_1767693300,132430,2026-01-06 09:55:00,1,132.0,101.29129948692679,30.70870051307321,30.70870051307321
132430_1767693600,132430,2026-01-06 10:00:00,1,132.0,35.65752388990586,96.34247611009414,96.34247611009414
132430_1767693900,132430,2026-01-06 10:05:00,1,33.0,-22.009509251841337,55.00950925184134,55.00950925184134
132430_1767694200,132430,2026-01-06 10:10:00,1,90.0,92.99728664814313,-2.997286648143131,2.997286648143131
132430_1767694500,132430,2026-01-06 10:15:00,1,144.0,131.18331061629158,12.816689383708422,12.816689383708422
132430_1767694800,132430,2026-01-06 10:20:00,1,233.0,171.4314912391531,61.568508760846896,61.568508760846896
132430_1767695100,132430,2026-01-06 10:25:00,1,116.0,145.509967410591,-29.509967410591003,29.509967410591003
135081_1767697800,135081,2026-01-06 11:10:00,1,77.0,-87.40667595983666,164.40667595983666,164.40667595983666
135081_1767698100,135081,2026-01-06 11:15:00,1,95.0,62.648804611106954,32.351195388893046,32.351195388893046
131672_1767698100,131672,2026-01-06 11:15:00,1,27.0,53.66540005816634,-26.66540005816634,26.66540005816634
135081_1767698400,135081,2026-01-06 11:20:00,1,135.0,127.48078632053941,7.5192136794605915,7.5192136794605915
135081_1767698700,135081,2026-01-06 11:25:00,1,126.0,-3.6871745771676103,129.6871745771676,129.6871745771676
135081_1767699000,135081,2026-01-06 11:30:00,1,28.0,124.25008303688277,-96.25008303688277,96.25008303688277
122613_1767699300,122613,2026-01-06 11:35:00,1,0.0,-76.26906485196632,76.26906485196632,76.26906485196632
135081_1767699300,135081,2026-01-06 11:35:00,1,45.0,141.3875061010682,-96.3875061010682,96.3875061010682
135081_1767699600,135081,2026-01-06 11:40:00,1,55.0,65.13558591723464,-10.135585917234636,10.135585917234636
122613_1767699600,122613,2026-01-06 11:40:00,1,-145.0,-109.78271851046702,-35.21728148953298,35.21728148953298
135081_1767699900,135081,2026-01-06 11:45:00,1,36.0,-58.04916101452804,94.04916101452804,94.04916101452804
122613_1767699900,122613,2026-01-06 11:45:00,1,-230.0,-31.322395984464038,-198.67760401553596,198.67760401553596
135081_1767700200,135081,2026-01-06 11:50:00,1,-24.0,-113.78728699580782,89.78728699580782,89.78728699580782
122613_1767700200,122613,2026-01-06 11:50:00,1,-116.0,35.00897492142626,-151.00897492142627,151.00897492142627
122613_1767700500,122613,2026-01-06 11:55:00,1,-79.0,-43.46758091767089,-35.53241908232911,35.53241908232911
135081_1767700500,135081,2026-01-06 11:55:00,1,-98.0,-189.67803300721445,91.67803300721445,91.67803300721445
122613_1767700800,122613,2026-01-06 12:00:00,1,-50.0,-38.86371970093094,-11.136280299069057,11.136280299069057
122658_1767700800,122658,2026-01-06 12:00:00,1,143.0,125.28663371281371,17.71336628718629,17.71336628718629
122613_1767701100,122613,2026-01-06 12:05:00,1,-155.0,-106.57514813455265,-48.42485186544735,48.42485186544735
122613_1767701400,122613,2026-01-06 12:10:00,1,-175.0,-123.2025612537783,-51.7974387462217,51.7974387462217
122613_1767701700,122613,2026-01-06 12:15:00,1,-47.0,-34.54207895744672,-12.45792104255328,12.45792104255328
122613_1767702000,122613,2026-01-06 12:20:00,1,-61.0,-32.58803337036153,-28.41196662963847,28.41196662963847
122613_1767702300,122613,2026-01-06 12:25:00,1,66.0,29.18033036825352,36.81966963174648,36.81966963174648
135081_1767702600,135081,2026-01-06 12:30:00,1,-131.0,-94.84079041252335,-36.15920958747665,36.15920958747665
135081_1767702900,135081,2026-01-06 12:35:00,1,-144.0,-123.79313850715242,-20.20686149284758,20.20686149284758
134040_1767703200,134040,2026-01-06 12:40:00,1,-35.0,-194.18,159.18,159.18
134040_1767703500,134040,2026-01-06 12:45:00,1,-35.0,48.20608077622333,-83.20608077622333,83.20608077622333
134040_1767703800,134040,2026-01-06 12:50:00,1,52.0,27.23663853975421,24.76336146024579,24.76336146024579
134040_1767704100,134040,2026-01-06 12:55:00,1,87.0,70.58401326700483,16.415986732995165,16.415986732995165
134040_1767704400,134040,2026-01-06 13:00:00,1,91.0,100.15335170306348,-9.153351703063478,9.153351703063478
130072_1767732000,130072,2026-01-06 20:40:00,1,158.0,58.4345586907027,99.5654413092973,99.5654413092973
130072_1767732300,130072,2026-01-06 20:45:00,1,161.0,87.03819654543179,73.96180345456821,73.96180345456821
130072_1767732600,130072,2026-01-06 20:50:00,1,226.0,228.74450458450903,-2.7445045845090306,2.7445045845090306
130072_1767732900,130072,2026-01-06 20:55:00,1,187.0,246.66828748135683,-59.66828748135683,59.66828748135683
130072_1767733200,130072,2026-01-06 21:00:00,1,125.0,134.9851132424251,-9.985113242425086,9.985113242425086
130072_1767733500,130072,2026-01-06 21:05:00,1,125.0,158.4664635914159,-33.4664635914159,33.4664635914159
134494_1767738900,134494,2026-01-06 22:35:00,1,0.0,0.7809604781250776,-0.7809604781250776,0.7809604781250776
134494_1767739200,134494,2026-01-06 22:40:00,1,0.0,-40.99552614241645,40.99552614241645,40.99552614241645
134494_1767739500,134494,2026-01-06 22:45:00,1,0.0,-23.537642877864577,23.537642877864577,23.537642877864577
133300_1767686400,133300,2026-01-06 08:00:00,2,-26.0,106.32256158451679,-132.3225615845168,132.3225615845168
129964_1767687900,129964,2026-01-06 08:25:00,2,95.0,12.169598885468417,82.83040111453158,82.83040111453158
133300_1767689400,133300,2026-01-06 08:50:00,2,9.0,19.43201290345543,-10.43201290345543,10.43201290345543
133300_1767689700,133300,2026-01-06 08:55:00,2,9.0,-5.613271455737273,14.613271455737273,14.613271455737273
129964_1767690000,129964,2026-01-06 09:00:00,2,65.0,19.915162330438957,45.08483766956104,45.08483766956104
133300_1767690000,133300,2026-01-06 09:00:00,2,68.0,73.90830095544918,-5.908300955449178,5.908300955449178
122048_1767690300,122048,2026-01-06 09:05:00,2,-33.0,63.821890376703635,-96.82189037670364,96.82189037670364
129964_1767690300,129964,2026-01-06 09:05:00,2,66.0,62.54505208443433,3.4549479155656684,3.4549479155656684
133300_1767690300,133300,2026-01-06 09:05:00,2,69.0,45.28944030447063,23.71055969552937,23.71055969552937
130238_1767690600,130238,2026-01-06 09:10:00,2,57.0,122.46449893655539,-65.46449893655539,65.46449893655539
133300_1767690600,133300,2026-01-06 09:10:00,2,59.0,101.37244938178715,-42.37244938178715,42.37244938178715
129964_1767690600,129964,2026-01-06 09:10:00,2,79.0,73.67872870383329,5.321271296166714,5.321271296166714
133300_1767690900,133300,2026-01-06 09:15:00,2,62.0,161.70620080603595,-99.70620080603595,99.70620080603595
129964_1767690900,129964,2026-01-06 09:15:00,2,58.0,68.35731328465836,-10.35731328465836,10.35731328465836
129964_1767691200,129964,2026-01-06 09:20:00,2,64.0,36.712859205845476,27.287140794154524,27.287140794154524
130238_1767691200,130238,2026-01-06 09:20:00,2,0.0,-87.47144904882774,87.47144904882774,87.47144904882774
133300_1767691200,133300,2026-01-06 09:20:00,2,135.0,231.5511476828692,-96.55114768286921,96.55114768286921
129964_1767691500,129964,2026-01-06 09:25:00,2,94.0,88.78432408885487,5.2156759111451265,5.2156759111451265
130238_1767691500,130238,2026-01-06 09:25:00,2,0.0,-53.59431537932943,53.59431537932943,53.59431537932943
129964_1767691800,129964,2026-01-06 09:30:00,2,42.0,34.97954303648024,7.020456963519763,7.020456963519763
122048_1767691800,122048,2026-01-06 09:30:00,2,233.0,60.334427510488595,172.66557248951142,172.66557248951142
130238_1767691800,130238,2026-01-06 09:30:00,2,0.0,-193.0,193.0,193.0
130238_1767692100,130238,2026-01-06 09:35:00,2,0.0,44.840101599385136,-44.840101599385136,44.840101599385136
129964_1767692100,129964,2026-01-06 09:35:00,2,16.0,0.16412764786306866,15.835872352136931,15.835872352136931
122048_1767692100,122048,2026-01-06 09:35:00,2,200.0,161.0353375800052,38.964662419994795,38.964662419994795
129964_1767692400,129964,2026-01-06 09:40:00,2,106.0,84.49263461712607,21.507365382873928,21.507365382873928
130238_1767692400,130238,2026-01-06 09:40:00,2,0.0,-75.02702517825988,75.02702517825988,75.02702517825988
122048_1767692400,122048,2026-01-06 09:40:00,2,91.0,38.105120469586794,52.894879530413206,52.894879530413206
130238_1767692700,130238,2026-01-06 09:45:00,2,0.0,113.22153789259829,-113.22153789259829,113.22153789259829
122048_1767692700,122048,2026-01-06 09:45:00,2,-63.0,-67.7670023087411,4.767002308741098,4.767002308741098
130238_1767693000,130238,2026-01-06 09:50:00,2,0.0,68.60242435163777,-68.60242435163777,68.60242435163777
122048_1767693000,122048,2026-01-06 09:50:00,2,-67.0,-11.088931433108442,-55.91106856689156,55.91106856689156
133957_1767693000,133957,2026-01-06 09:50:00,2,80.0,118.6555611719989,-38.6555611719989,38.6555611719989
130238_1767693300,130238,2026-01-06 09:55:00,2,0.0,128.00057684008317,-128.00057684008317,128.00057684008317
133957_1767693300,133957,2026-01-06 09:55:00,2,23.0,4.66505599757437,18.33494400242563,18.33494400242563
122048_1767693300,122048,2026-01-06 09:55:00,2,-115.0,-176.77484217125874,61.77484217125874,61.77484217125874
122048_1767693600,122048,2026-01-06 10:00:00,2,-142.0,-95.82890819602656,-46.17109180397344,46.17109180397344
133300_1767693600,133300,2026-01-06 10:00:00,2,168.0,181.7678165901391,-13.767816590139091,13.767816590139091
133957_1767693600,133957,2026-01-06 10:00:00,2,-24.0,17.641997666682215,-41.641997666682215,41.641997666682215
122048_1767693900,122048,2026-01-06 10:05:00,2,-110.0,-173.95182310687892,63.95182310687892,63.95182310687892
133957_1767693900,133957,2026-01-06 10:05:00,2,13.0,-8.125779823988651,21.12577982398865,21.12577982398865
133300_1767694200,133300,2026-01-06 10:10:00,2,-63.0,15.245078108723504,-78.2450781087235,78.2450781087235
122048_1767694200,122048,2026-01-06 10:10:00,2,-50.0,-131.33730554717562,81.33730554717562,81.33730554717562
133957_1767694200,133957,2026-01-06 10:10:00,2,21.0,9.071343162024519,11.928656837975481,11.928656837975481
133957_1767694500,133957,2026-01-06 10:15:00,2,-22.0,-56.37429919133554,34.37429919133554,34.37429919133554
122048_1767694500,122048,2026-01-06 10:15:00,2,-184.0,-96.23020912441922,-87.76979087558078,87.76979087558078
133300_1767694500,133300,2026-01-06 10:15:00,2,-63.0,2.1410968774956984,-65.1410968774957,65.1410968774957
133957_1767694800,133957,2026-01-06 10:20:00,2,24.0,11.389191678041804,12.610808321958196,12.610808321958196
122048_1767694800,122048,2026-01-06 10:20:00,2,-250.0,-156.22395136965918,-93.77604863034082,93.77604863034082
133300_1767694800,133300,2026-01-06 10:20:00,2,54.0,120.7653839227902,-66.7653839227902,66.7653839227902
122048_1767695100,122048,2026-01-06 10:25:00,2,-359.0,-193.0,-166.0,166.0
133300_1767695100,133300,2026-01-06 10:25:00,2,90.0,27.782816410535972,62.21718358946403,62.21718358946403
133957_1767695100,133957,2026-01-06 10:25:00,2,-17.0,-76.76318332382347,59.76318332382347,59.76318332382347
132430_1767695400,132430,2026-01-06 10:30:00,2,26.0,115.67212332174888,-89.67212332174888,89.67212332174888
129964_1767695400,129964,2026-01-06 10:30:00,2,-51.0,-116.6283798125832,65.6283798125832,65.6283798125832
130238_1767695400,130238,2026-01-06 10:30:00,2,-12.0,16.551696997061196,-28.551696997061196,28.551696997061196
133957_1767695400,133957,2026-01-06 10:30:00,2,28.0,-14.888337916186565,42.888337916186565,42.888337916186565
129964_1767695700,129964,2026-01-06 10:35:00,2,-51.0,-40.24079552228048,-10.759204477719521,10.759204477719521
132430_1767695700,132430,2026-01-06 10:35:00,2,30.0,147.49316579018102,-117.49316579018102,117.49316579018102
130238_1767695700,130238,2026-01-06 10:35:00,2,2.0,72.92093870062334,-70.92093870062334,70.92093870062334
129964_1767696000,129964,2026-01-06 10:40:00,2,-11.0,-68.7543310567738,57.75433105677379,57.75433105677379
133957_1767696000,133957,2026-01-06 10:40:00,2,138.0,-8.832975174319719,146.83297517431973,146.83297517431973
132430_1767696000,132430,2026-01-06 10:40:00,2,-71.0,77.51242639870854,-148.51242639870856,148.51242639870856
130238_1767696000,130238,2026-01-06 10:40:00,2,-34.0,-15.82487726402232,-18.17512273597768,18.17512273597768
132430_1767696300,132430,2026-01-06 10:45:00,2,221.0,144.90508577276375,76.09491422723625,76.09491422723625
129964_1767696300,129964,2026-01-06 10:45:00,2,73.0,-10.57189370409779,83.57189370409779,83.57189370409779
133957_1767696300,133957,2026-01-06 10:45:00,2,156.0,40.91440768135875,115.08559231864125,115.08559231864125
130238_1767696300,130238,2026-01-06 10:45:00,2,10.0,30.201351828711807,-20.201351828711807,20.201351828711807
132430_1767696600,132430,2026-01-06 10:50:00,2,264.0,156.5457231498367,107.4542768501633,107.4542768501633
129964_1767696600,129964,2026-01-06 10:50:00,2,111.0,80.83038277548604,30.169617224513956,30.169617224513956
133957_1767696600,133957,2026-01-06 10:50:00,2,185.0,144.68279728812115,40.31720271187885,40.31720271187885
130238_1767696600,130238,2026-01-06 10:50:00,2,46.0,-4.4131081710297835,50.41310817102978,50.41310817102978
129964_1767696900,129964,2026-01-06 10:55:00,2,140.0,102.54990381477675,37.450096185223245,37.450096185223245
133957_1767696900,133957,2026-01-06 10:55:00,2,111.0,139.3086625120851,-28.308662512085107,28.308662512085107
132430_1767696900,132430,2026-01-06 10:55:00,2,113.0,146.10253737208456,-33.102537372084555,33.102537372084555
130238_1767696900,130238,2026-01-06 10:55:00,2,29.0,-55.30176058649634,84.30176058649634,84.30176058649634
132430_1767697200,132430,2026-01-06 11:00:00,2,17.0,144.7487963013157,-127.7487963013157,127.7487963013157
133300_1767697200,133300,2026-01-06 11:00:00,2,49.0,117.34931768564567,-68.34931768564567,68.34931768564567
133957_1767697200,133957,2026-01-06 11:00:00,2,64.0,123.40836610759025,-59.408366107590254,59.408366107590254
129964_1767697200,129964,2026-01-06 11:00:00,2,133.0,74.96081927311083,58.03918072688917,58.03918072688917
129964_1767697500,129964,2026-01-06 11:05:00,2,75.0,48.43671583820897,26.56328416179103,26.56328416179103
133957_1767697500,133957,2026-01-06 11:05:00,2,3.0,76.74140813436199,-73.74140813436199,73.74140813436199
132430_1767697500,132430,2026-01-06 11:05:00,2,86.0,109.52548299777207,-23.525482997772073,23.525482997772073
133300_1767697500,133300,2026-01-06 11:05:00,2,77.0,17.49280302528622,59.50719697471378,59.50719697471378
133957_1767697800,133957,2026-01-06 11:10:00,2,18.0,-19.015952396851176,37.015952396851176,37.015952396851176
132430_1767697800,132430,2026-01-06 11:10:00,2,70.0,72.30879235458724,-2.30879235458724,2.30879235458724
129964_1767697800,129964,2026-01-06 11:10:00,2,26.0,51.68745937528247,-25.687459375282472,25.687459375282472
132430_1767698100,132430,2026-01-06 11:15:00,2,49.0,84.52142938739505,-35.521429387395045,35.521429387395045
133957_1767698100,133957,2026-01-06 11:15:00,2,-47.0,-34.86374165102791,-12.136258348972092,12.136258348972092
129964_1767698100,129964,2026-01-06 11:15:00,2,10.0,23.42414211950809,-13.42414211950809,13.42414211950809
129964_1767698400,129964,2026-01-06 11:20:00,2,14.0,42.728544415304526,-28.728544415304526,28.728544415304526
132430_1767698400,132430,2026-01-06 11:20:00,2,49.0,86.12486791009277,-37.124867910092775,37.124867910092775
131672_1767698400,131672,2026-01-06 11:20:00,2,60.0,72.7444274597249,-12.744427459724903,12.744427459724903
133957_1767698400,133957,2026-01-06 11:20:00,2,-69.0,64.97645457056063,-133.97645457056063,133.97645457056063
131672_1767698700,131672,2026-01-06 11:25:00,2,82.0,55.39156689660271,26.60843310339729,26.60843310339729
129964_1767698700,129964,2026-01-06 11:25:00,2,0.0,-76.69386981138864,76.69386981138864,76.69386981138864
133957_1767698700,133957,2026-01-06 11:25:00,2,-145.0,-64.16217232940448,-80.83782767059552,80.83782767059552
133957_1767699000,133957,2026-01-06 11:30:00,2,-96.0,-108.81071689618227,12.81071689618227,12.81071689618227
129964_1767699000,129964,2026-01-06 11:30:00,2,80.0,4.700857202134447,75.29914279786556,75.29914279786556
132430_1767699000,132430,2026-01-06 11:30:00,2,14.0,21.708285934592556,-7.708285934592556,7.708285934592556
131672_1767699000,131672,2026-01-06 11:30:00,2,4.0,9.319524217806844,-5.319524217806844,5.319524217806844
132430_1767699300,132430,2026-01-06 11:35:00,2,14.0,27.127837610901864,-13.127837610901864,13.127837610901864
129964_1767699300,129964,2026-01-06 11:35:00,2,49.0,49.60149024100727,-0.6014902410072693,0.6014902410072693
133957_1767699300,133957,2026-01-06 11:35:00,2,-249.0,-100.42077969152199,-148.579220308478,148.579220308478
131672_1767699300,131672,2026-01-06 11:35:00,2,40.0,87.89306721952664,-47.89306721952664,47.89306721952664
131672_1767699600,131672,2026-01-06 11:40:00,2,-28.0,-32.07862914850952,4.0786291485095205,4.0786291485095205
133957_1767699600,133957,2026-01-06 11:40:00,2,-254.0,-129.95950449362877,-124.04049550637123,124.04049550637123
132430_1767699600,132430,2026-01-06 11:40:00,2,-87.0,28.89977615465407,-115.89977615465406,115.89977615465406
129964_1767699900,129964,2026-01-06 11:45:00,2,-53.0,-63.42304252788139,10.423042527881393,10.423042527881393
132430_1767699900,132430,2026-01-06 11:45:00,2,-110.0,39.08155194851997,-149.08155194851997,149.08155194851997
131672_1767699900,131672,2026-01-06 11:45:00,2,-29.0,-84.66231344135332,55.66231344135332,55.66231344135332
133957_1767699900,133957,2026-01-06 11:45:00,2,-158.0,-6.227791221652922,-151.77220877834708,151.77220877834708
131672_1767700200,131672,2026-01-06 11:50:00,2,-23.0,-10.822018392392096,-12.177981607607904,12.177981607607904
133957_1767700200,133957,2026-01-06 11:50:00,2,80.0,1.4247217955247038,78.5752782044753,78.5752782044753
132430_1767700200,132430,2026-01-06 11:50:00,2,-136.0,61.98148252997018,-197.98148252997018,197.98148252997018
132430_1767700500,132430,2026-01-06 11:55:00,2,-6.0,-27.318636820573133,21.318636820573133,21.318636820573133
133957_1767700500,133957,2026-01-06 11:55:00,2,42.0,-68.0581081462425,110.0581081462425,110.0581081462425
131672_1767700500,131672,2026-01-06 11:55:00,2,-47.0,41.87892241223244,-88.87892241223244,88.87892241223244
122048_1767700800,122048,2026-01-06 12:00:00,2,374.0,114.02071888913241,259.9792811108676,259.9792811108676
131672_1767700800,131672,2026-01-06 12:00:00,2,-105.0,-41.08315328379099,-63.91684671620901,63.91684671620901
122048_1767701100,122048,2026-01-06 12:05:00,2,312.0,260.7538896982752,51.2461103017248,51.2461103017248
122658_1767701100,122658,2026-01-06 12:05:00,2,121.0,270.7848656652964,-149.78486566529642,149.78486566529642
131672_1767701100,131672,2026-01-06 12:05:00,2,-83.0,-43.7591269493721,-39.2408730506279,39.2408730506279
122048_1767701400,122048,2026-01-06 12:10:00,2,354.0,333.0492387692266,20.950761230773423,20.950761230773423
131672_1767701400,131672,2026-01-06 12:10:00,2,-207.0,-93.06997795979203,-113.93002204020797,113.93002204020797
122658_1767701700,122658,2026-01-06 12:15:00,2,0.0,-46.25606701776789,46.25606701776789,46.25606701776789
122048_1767701700,122048,2026-01-06 12:15:00,2,273.0,169.5454802375063,103.4545197624937,103.4545197624937
122658_1767702000,122658,2026-01-06 12:20:00,2,0.0,-108.02131471327158,108.02131471327158,108.02131471327158
122048_1767702000,122048,2026-01-06 12:20:00,2,252.0,151.07612136034172,100.92387863965828,100.92387863965828
122658_1767702300,122658,2026-01-06 12:25:00,2,0.0,156.10114084816638,-156.10114084816638,156.10114084816638
122048_1767702300,122048,2026-01-06 12:25:00,2,158.0,185.08139799127517,-27.081397991275168,27.081397991275168
133957_1767702600,133957,2026-01-06 12:30:00,2,172.0,50.6542984805016,121.34570151949839,121.34570151949839
132430_1767702600,132430,2026-01-06 12:30:00,2,-64.0,81.6493344534178,-145.6493344534178,145.6493344534178
122658_1767702600,122658,2026-01-06 12:30:00,2,0.0,132.38131400257325,-132.38131400257325,132.38131400257325
122048_1767702600,122048,2026-01-06 12:30:00,2,144.0,115.47344595476565,28.52655404523435,28.52655404523435
122658_1767702900,122658,2026-01-06 12:35:00,2,0.0,30.774075720209456,-30.774075720209456,30.774075720209456
122048_1767702900,122048,2026-01-06 12:35:00,2,138.0,162.81047896279247,-24.810478962792473,24.810478962792473
133957_1767702900,133957,2026-01-06 12:35:00,2,97.0,62.235166120714766,34.764833879285234,34.764833879285234
132430_1767702900,132430,2026-01-06 12:35:00,2,-181.0,-72.42908961179646,-108.57091038820354,108.57091038820354
122658_1767703200,122658,2026-01-06 12:40:00,2,0.0,8.333393920906495,-8.333393920906495,8.333393920906495
131672_1767703200,131672,2026-01-06 12:40:00,2,17.0,103.53342103915048,-86.53342103915048,86.53342103915048
132430_1767703200,132430,2026-01-06 12:40:00,2,-100.0,-40.50033622796319,-59.49966377203681,59.49966377203681
122048_1767703200,122048,2026-01-06 12:40:00,2,87.0,77.59648872102173,9.403511278978272,9.403511278978272
133957_1767703200,133957,2026-01-06 12:40:00,2,101.0,144.98333057940766,-43.983330579407664,43.983330579407664
135081_1767703200,135081,2026-01-06 12:40:00,2,-171.0,-48.94912089617157,-122.05087910382844,122.05087910382844
133957_1767703500,133957,2026-01-06 12:45:00,2,161.0,75.19568745678436,85.80431254321564,85.80431254321564
132430_1767703500,132430,2026-01-06 12:45:00,2,-75.0,-23.741282790025693,-51.25871720997431,51.25871720997431
122658_1767703500,122658,2026-01-06 12:45:00,2,0.0,109.30781672685085,-109.30781672685085,109.30781672685085
131672_1767703500,131672,2026-01-06 12:45:00,2,76.0,24.405938884381015,51.594061115618985,51.594061115618985
122048_1767703500,122048,2026-01-06 12:45:00,2,84.0,-19.266637578485955,103.26663757848596,103.26663757848596
135081_1767703500,135081,2026-01-06 12:45:00,2,-72.0,-21.101583859852653,-50.89841614014735,50.89841614014735
132430_1767703800,132430,2026-01-06 12:50:00,2,-58.0,-16.869156765169436,-41.130843234830564,41.130843234830564
122658_1767703800,122658,2026-01-06 12:50:00,2,103.0,63.99569257427356,39.00430742572644,39.00430742572644
135081_1767703800,135081,2026-01-06 12:50:00,2,-16.0,68.35345543233734,-84.35345543233734,84.35345543233734
131672_1767703800,131672,2026-01-06 12:50:00,2,53.0,32.546003562278315,20.453996437721685,20.453996437721685
122048_1767703800,122048,2026-01-06 12:50:00,2,84.0,-0.8466338037524253,84.84663380375243,84.84663380375243
131672_1767704100,131672,2026-01-06 12:55:00,2,192.0,84.4016197268881,107.5983802731119,107.5983802731119
132430_1767704100,132430,2026-01-06 12:55:00,2,-74.0,-40.85128342963114,-33.14871657036886,33.14871657036886
135081_1767704100,135081,2026-01-06 12:55:00,2,-27.0,63.62996557691031,-90.62996557691031,90.62996557691031
122658_1767704100,122658,2026-01-06 12:55:00,2,252.0,124.57858374860018,127.42141625139982,127.42141625139982
122048_1767704100,122048,2026-01-06 12:55:00,2,0.0,8.608325838973826,-8.608325838973826,8.608325838973826
122048_1767704400,122048,2026-01-06 13:00:00,2,0.0,6.283604552227956,-6.283604552227956,6.283604552227956
135081_1767704400,135081,2026-01-06 13:00:00,2,11.0,62.21711412003786,-51.21711412003786,51.21711412003786
122658_1767704400,122658,2026-01-06 13:00:00,2,289.0,170.23787648182912,118.76212351817088,118.76212351817088
122048_1767704700,122048,2026-01-06 13:05:00,2,0.0,-63.76745626694478,63.76745626694478,63.76745626694478
132430_1767704700,132430,2026-01-06 13:05:00,2,16.0,29.7559175701752,-13.7559175701752,13.7559175701752
134040_1767704700,134040,2026-01-06 13:05:00,2,-7.0,119.57739398714682,-126.57739398714682,126.57739398714682
122658_1767704700,122658,2026-01-06 13:05:00,2,321.0,124.63189716822252,196.3681028317775,196.3681028317775
134040_1767705000,134040,2026-01-06 13:10:00,2,47.0,94.47812351516723,-47.478123515167226,47.478123515167226
122658_1767705000,122658,2026-01-06 13:10:00,2,406.0,202.32263455146042,203.67736544853958,203.67736544853958
122048_1767705000,122048,2026-01-06 13:10:00,2,0.0,-155.49132879653305,155.49132879653305,155.49132879653305
132430_1767705000,132430,2026-01-06 13:10:00,2,16.0,18.603002746867702,-2.603002746867702,2.603002746867702
132430_1767705300,132430,2026-01-06 13:15:00,2,17.0,28.6334322468135,-11.633432246813499,11.633432246813499
122048_1767705300,122048,2026-01-06 13:15:00,2,0.0,-91.62421187033948,91.62421187033948,91.62421187033948
134040_1767705300,134040,2026-01-06 13:15:00,2,84.0,106.30611334194467,-22.306113341944666,22.306113341944666
132430_1767705600,132430,2026-01-06 13:20:00,2,77.0,-14.828537349364321,91.82853734936432,91.82853734936432
122658_1767705600,122658,2026-01-06 13:20:00,2,0.0,91.85431468299936,-91.85431468299936,91.85431468299936
134040_1767705600,134040,2026-01-06 13:20:00,2,113.0,31.29731410092317,81.70268589907683,81.70268589907683
122613_1767705900,122613,2026-01-06 13:25:00,2,0.0,-122.50683722830843,122.50683722830843,122.50683722830843
132430_1767705900,132430,2026-01-06 13:25:00,2,57.0,55.41950742191163,1.5804925780883678,1.5804925780883678
134040_1767705900,134040,2026-01-06 13:25:00,2,37.0,47.063539816317515,-10.063539816317515,10.063539816317515
135081_1767705900,135081,2026-01-06 13:25:00,2,79.0,30.389026184746502,48.6109738152535,48.6109738152535
132430_1767706200,132430,2026-01-06 13:30:00,2,196.0,196.63851844292734,-0.6385184429273352,0.6385184429273352
134040_1767706200,134040,2026-01-06 13:30:00,2,123.0,70.6671191455206,52.3328808544794,52.3328808544794
134040_1767706500,134040,2026-01-06 13:35:00,2,172.0,165.55120837374915,6.448791626250852,6.448791626250852
132430_1767706500,132430,2026-01-06 13:35:00,2,103.0,143.04509897352455,-40.045098973524546,40.045098973524546
134040_1767706800,134040,2026-01-06 13:40:00,2,317.0,186.9437037516925,130.0562962483075,130.0562962483075
132430_1767706800,132430,2026-01-06 13:40:00,2,53.0,64.10854346840765,-11.108543468407646,11.108543468407646
134040_1767707100,134040,2026-01-06 13:45:00,2,231.0,137.45830167904214,93.54169832095786,93.54169832095786
134040_1767707400,134040,2026-01-06 13:50:00,2,234.0,216.71125986420353,17.288740135796473,17.288740135796473
134040_1767707700,134040,2026-01-06 13:55:00,2,200.0,164.90263636981206,35.09736363018794,35.09736363018794
122613_1767708000,122613,2026-01-06 14:00:00,2,0.0,-5.774094626094101,5.774094626094101,5.774094626094101
135081_1767708000,135081,2026-01-06 14:00:00,2,19.0,123.62883874758887,-104.62883874758887,104.62883874758887
122613_1767708300,122613,2026-01-06 14:05:00,2,0.0,12.807638636418488,-12.807638636418488,12.807638636418488
135081_1767708300,135081,2026-01-06 14:05:00,2,-36.0,-9.407140689872932,-26.592859310127068,26.592859310127068
122613_1767708600,122613,2026-01-06 14:10:00,2,-77.0,-104.25898288069504,27.258982880695044,27.258982880695044
135081_1767708600,135081,2026-01-06 14:10:00,2,-19.0,-91.60850667834123,72.60850667834123,72.60850667834123
122613_1767708900,122613,2026-01-06 14:15:00,2,0.0,-47.26323809157856,47.26323809157856,47.26323809157856
135081_1767708900,135081,2026-01-06 14:15:00,2,-17.0,-33.6157136525807,16.615713652580702,16.615713652580702
122613_1767709200,122613,2026-01-06 14:20:00,2,0.0,3.1591537029760914,-3.1591537029760914,3.1591537029760914
135081_1767709200,135081,2026-01-06 14:20:00,2,-17.0,-78.02944435663929,61.02944435663929,61.02944435663929
122613_1767709500,122613,2026-01-06 14:25:00,2,0.0,-7.940864947321668,7.940864947321668,7.940864947321668
135081_1767709500,135081,2026-01-06 14:25:00,2,-102.0,-60.75280527965025,-41.24719472034975,41.24719472034975
122613_1767709800,122613,2026-01-06 14:30:00,2,0.0,-41.4055535295835,41.4055535295835,41.4055535295835
135081_1767709800,135081,2026-01-06 14:30:00,2,-84.0,-57.65509990456424,-26.34490009543576,26.34490009543576
134040_1767709800,134040,2026-01-06 14:30:00,2,79.0,21.462714370733664,57.537285629266336,57.537285629266336
122613_1767710100,122613,2026-01-06 14:35:00,2,0.0,-45.19865185011628,45.19865185011628,45.19865185011628
135081_1767710100,135081,2026-01-06 14:35:00,2,-126.0,-72.98478266277174,-53.015217337228265,53.015217337228265
134040_1767710100,134040,2026-01-06 14:35:00,2,4.0,-24.40088953813961,28.40088953813961,28.40088953813961
122613_1767710400,122613,2026-01-06 14:40:00,2,0.0,-63.18967940691155,63.18967940691155,63.18967940691155
134040_1767710400,134040,2026-01-06 14:40:00,2,68.0,27.465753126266677,40.53424687373332,40.53424687373332
135081_1767710400,135081,2026-01-06 14:40:00,2,-128.0,-44.67569169184026,-83.32430830815974,83.32430830815974
135081_1767710700,135081,2026-01-06 14:45:00,2,-145.0,-103.9749761050595,-41.0250238949405,41.0250238949405
122613_1767710700,122613,2026-01-06 14:45:00,2,0.0,0.8582682721035031,-0.8582682721035031,0.8582682721035031
134040_1767710700,134040,2026-01-06 14:45:00,2,87.0,102.32689358718946,-15.32689358718946,15.32689358718946
134040_1767711000,134040,2026-01-06 14:50:00,2,187.0,259.68071202542706,-72.68071202542706,72.68071202542706
135081_1767711000,135081,2026-01-06 14:50:00,2,-175.0,-131.4384367229361,-43.5615632770639,43.5615632770639
134040_1767711300,134040,2026-01-06 14:55:00,2,267.0,152.399815879132,114.600184120868,114.600184120868
135081_1767711300,135081,2026-01-06 14:55:00,2,-168.0,-50.018906172631716,-117.98109382736828,117.98109382736828
135081_1767711600,135081,2026-01-06 15:00:00,2,11.0,53.61998414522796,-42.61998414522796,42.61998414522796
135081_1767711900,135081,2026-01-06 15:05:00,2,-12.0,32.46149196065937,-44.46149196065937,44.46149196065937
130072_1767733800,130072,2026-01-06 21:10:00,2,168.0,122.31015888681243,45.68984111318757,45.68984111318757
130072_1767734100,130072,2026-01-06 21:15:00,2,195.0,95.67042321828906,99.32957678171094,99.32957678171094
130072_1767734400,130072,2026-01-06 21:20:00,2,163.0,79.43896683316908,83.56103316683092,83.56103316683092
130072_1767734700,130072,2026-01-06 21:25:00,2,0.0,8.403733239580362,-8.403733239580362,8.403733239580362
130072_1767735000,130072,2026-01-06 21:30:00,2,0.0,32.815055452639484,-32.815055452639484,32.815055452639484
134494_1767739800,134494,2026-01-06 22:50:00,2,0.0,-9.059925034849634,9.059925034849634,9.059925034849634
134494_1767740100,134494,2026-01-06 22:55:00,2,0.0,-27.604371266796356,27.604371266796356,27.604371266796356
130238_1767697200,130238,2026-01-06 11:00:00,3,40.0,81.94200777510706,-41.94200777510706,41.94200777510706
130238_1767697500,130238,2026-01-06 11:05:00,3,32.0,29.05818896925785,2.9418110307421514,2.9418110307421514
133300_1767697800,133300,2026-01-06 11:10:00,3,65.0,30.027244044712898,34.9727559552871,34.9727559552871
133300_1767698100,133300,2026-01-06 11:15:00,3,151.0,105.71512354868742,45.284876451312584,45.284876451312584
133300_1767698400,133300,2026-01-06 11:20:00,3,225.0,161.0308443167478,63.96915568325221,63.96915568325221
129964_1767700200,129964,2026-01-06 11:50:00,3,-73.0,-31.160807722995514,-41.839192277004486,41.839192277004486
129964_1767700500,129964,2026-01-06 11:55:00,3,90.0,-24.355971509894516,114.35597150989452,114.35597150989452
133300_1767700800,133300,2026-01-06 12:00:00,3,260.0,143.40703476181037,116.59296523818963,116.59296523818963
133300_1767701400,133300,2026-01-06 12:10:00,3,-7.0,20.80454791954682,-27.80454791954682,27.80454791954682
133300_1767701700,133300,2026-01-06 12:15:00,3,-7.0,8.008385787445604,-15.008385787445604,15.008385787445604
133300_1767702000,133300,2026-01-06 12:20:00,3,132.0,157.57196525404726,-25.571965254047257,25.571965254047257
133300_1767702300,133300,2026-01-06 12:25:00,3,114.0,56.470691519733975,57.529308480266025,57.529308480266025
133300_1767702600,133300,2026-01-06 12:30:00,3,47.0,94.5972331851946,-47.5972331851946,47.5972331851946
133300_1767702900,133300,2026-01-06 12:35:00,3,95.0,95.85131603097558,-0.8513160309755818,0.8513160309755818
133300_1767703200,133300,2026-01-06 12:40:00,3,322.0,163.4057601585539,158.5942398414461,158.5942398414461
133957_1767703800,133957,2026-01-06 12:50:00,3,40.0,-38.91825318517526,78.91825318517526,78.91825318517526
133300_1767703800,133300,2026-01-06 12:50:00,3,-25.0,-37.54245827898646,12.542458278986459,12.542458278986459
133957_1767704100,133957,2026-01-06 12:55:00,3,139.0,96.92007456471987,42.07992543528013,42.07992543528013
129964_1767704400,129964,2026-01-06 13:00:00,3,-106.0,-24.585710941665056,-81.41428905833494,81.41428905833494
129964_1767704700,129964,2026-01-06 13:05:00,3,-150.0,-76.2454654166855,-73.7545345833145,73.7545345833145
129964_1767705000,129964,2026-01-06 13:10:00,3,-165.0,-41.423732127010396,-123.5762678729896,123.5762678729896
129964_1767705300,129964,2026-01-06 13:15:00,3,-95.0,-21.60150877438167,-73.39849122561833,73.39849122561833
133957_1767705600,133957,2026-01-06 13:20:00,3,113.0,32.435467243559415,80.56453275644058,80.56453275644058
129964_1767705600,129964,2026-01-06 13:20:00,3,11.0,-29.36486026568332,40.36486026568332,40.36486026568332
122048_1767705600,122048,2026-01-06 13:20:00,3,0.0,-25.38715176879822,25.38715176879822,25.38715176879822
133957_1767705900,133957,2026-01-06 13:25:00,3,123.0,77.96087696040651,45.03912303959349,45.03912303959349
129964_1767705900,129964,2026-01-06 13:25:00,3,-32.0,-71.9885434030634,39.9885434030634,39.9885434030634
122658_1767705900,122658,2026-01-06 13:25:00,3,0.0,147.73141355401873,-147.73141355401873,147.73141355401873
122048_1767705900,122048,2026-01-06 13:25:00,3,0.0,13.580373841706255,-13.580373841706255,13.580373841706255
122048_1767706200,122048,2026-01-06 13:30:00,3,0.0,-29.786989744632734,29.786989744632734,29.786989744632734
131672_1767706200,131672,2026-01-06 13:30:00,3,37.0,14.713873138769667,22.286126861230333,22.286126861230333
129964_1767706200,129964,2026-01-06 13:30:00,3,-50.0,-21.505135252840343,-28.494864747159657,28.494864747159657
131672_1767706500,131672,2026-01-06 13:35:00,3,131.0,63.247213079975545,67.75278692002445,67.75278692002445
122048_1767706500,122048,2026-01-06 13:35:00,3,0.0,-1.4999207795938752,1.4999207795938752,1.4999207795938752
129964_1767706500,129964,2026-01-06 13:35:00,3,-51.0,-47.60415781276906,-3.39584218723094,3.39584218723094
129964_1767706800,129964,2026-01-06 13:40:00,3,-34.0,-48.29806123796605,14.298061237966053,14.298061237966053
122048_1767706800,122048,2026-01-06 13:40:00,3,0.0,-89.23621664211602,89.23621664211602,89.23621664211602
129964_1767707100,129964,2026-01-06 13:45:00,3,25.0,-19.212158254951518,44.21215825495152,44.21215825495152
122048_1767707100,122048,2026-01-06 13:45:00,3,0.0,-46.963516397189025,46.963516397189025,46.963516397189025
132430_1767707100,132430,2026-01-06 13:45:00,3,78.0,127.88578821896826,-49.88578821896826,49.88578821896826
122048_1767707400,122048,2026-01-06 13:50:00,3,0.0,-27.244928832143525,27.244928832143525,27.244928832143525
129964_1767707400,129964,2026-01-06 13:50:00,3,-62.0,-111.57841620285211,49.57841620285211,49.57841620285211
132430_1767707400,132430,2026-01-06 13:50:00,3,39.0,145.60809623478286,-106.60809623478286,106.60809623478286
122048_1767707700,122048,2026-01-06 13:55:00,3,0.0,-88.34837307335637,88.34837307335637,88.34837307335637
132430_1767707700,132430,2026-01-06 13:55:00,3,58.0,209.3920703403746,-151.3920703403746,151.3920703403746
129964_1767707700,129964,2026-01-06 13:55:00,3,5.0,36.44827757648794,-31.44827757648794,31.44827757648794
133957_1767708000,133957,2026-01-06 14:00:00,3,253.0,144.83269637318085,108.16730362681915,108.16730362681915
132430_1767708000,132430,2026-01-06 14:00:00,3,192.0,270.6193498609805,-78.61934986098049,78.61934986098049
129964_1767708000,129964,2026-01-06 14:00:00,3,-6.0,36.89583259065762,-42.89583259065762,42.89583259065762
133957_1767708300,133957,2026-01-06 14:05:00,3,180.0,125.98259495822057,54.017405041779426,54.017405041779426
132430_1767708300,132430,2026-01-06 14:05:00,3,68.0,70.46485870382962,-2.46485870382962,2.46485870382962
129964_1767708600,129964,2026-01-06 14:10:00,3,-114.0,-155.2721596990895,41.272159699089514,41.272159699089514
131672_1767708600,131672,2026-01-06 14:10:00,3,60.0,56.00727382459428,3.9927261754057213,3.9927261754057213
132430_1767708600,132430,2026-01-06 14:10:00,3,-7.0,-1.1385734849706637,-5.861426515029336,5.861426515029336
133957_1767708600,133957,2026-01-06 14:10:00,3,238.0,80.23842565964313,157.76157434035687,157.76157434035687
131672_1767708900,131672,2026-01-06 14:15:00,3,90.0,-3.4419015578805556,93.44190155788056,93.44190155788056
132430_1767708900,132430,2026-01-06 14:15:00,3,115.0,59.456255554525455,55.543744445474545,55.543744445474545
129964_1767708900,129964,2026-01-06 14:15:00,3,-106.0,-25.646665643020082,-80.35333435697991,80.35333435697991
133957_1767708900,133957,2026-01-06 14:15:00,3,170.0,113.42738970597094,56.57261029402906,56.57261029402906
132430_1767709200,132430,2026-01-06 14:20:00,3,98.0,79.39638554048152,18.603614459518482,18.603614459518482
133957_1767709200,133957,2026-01-06 14:20:00,3,81.0,88.18726395164842,-7.1872639516484185,7.1872639516484185
131672_1767709200,131672,2026-01-06 14:20:00,3,91.0,67.1500112678275,23.849988732172505,23.849988732172505
129964_1767709200,129964,2026-01-06 14:20:00,3,-77.0,-56.27910862772161,-20.720891372278388,20.720891372278388
131672_1767709500,131672,2026-01-06 14:25:00,3,115.0,83.41810844985545,31.581891550144547,31.581891550144547
132430_1767709500,132430,2026-01-06 14:25:00,3,158.0,196.04616974613597,-38.04616974613597,38.04616974613597
129964_1767709500,129964,2026-01-06 14:25:00,3,-93.0,-77.44525231461098,-15.554747685389017,15.554747685389017
132430_1767709800,132430,2026-01-06 14:30:00,3,137.0,127.46060878688341,9.539391213116588,9.539391213116588
129964_1767709800,129964,2026-01-06 14:30:00,3,-69.0,-34.13305418139524,-34.86694581860476,34.86694581860476
129964_1767710100,129964,2026-01-06 14:35:00,3,-42.0,-67.9590069325527,25.959006932552697,25.959006932552697
132430_1767710400,132430,2026-01-06 14:40:00,3,23.0,42.792732881485875,-19.792732881485875,19.792732881485875
129964_1767710400,129964,2026-01-06 14:40:00,3,-145.0,-119.01834564069213,-25.981654359307868,25.981654359307868
132430_1767710700,132430,2026-01-06 14:45:00,3,23.0,83.47372908629933,-60.47372908629933,60.47372908629933
129964_1767710700,129964,2026-01-06 14:45:00,3,-127.0,-104.38451809374025,-22.615481906259745,22.615481906259745
129964_1767711000,129964,2026-01-06 14:50:00,3,-207.0,-97.55261232872046,-109.44738767127954,109.44738767127954
132430_1767711000,132430,2026-01-06 14:50:00,3,47.0,104.12644941426748,-57.12644941426748,57.12644941426748
122613_1767711000,122613,2026-01-06 14:50:00,3,0.0,-0.2719627370814486,0.2719627370814486,0.2719627370814486
129964_1767711300,129964,2026-01-06 14:55:00,3,-66.0,-54.788947870611565,-11.211052129388435,11.211052129388435
122613_1767711300,122613,2026-01-06 14:55:00,3,0.0,50.58629911582078,-50.58629911582078,50.58629911582078
132430_1767711300,132430,2026-01-06 14:55:00,3,33.0,61.67311257364534,-28.67311257364534,28.67311257364534
131672_1767711600,131672,2026-01-06 15:00:00,3,-47.0,-34.901457321281995,-12.098542678718005,12.098542678718005
133957_1767711600,133957,2026-01-06 15:00:00,3,26.0,75.42345794257929,-49.42345794257929,49.42345794257929
132430_1767711600,132430,2026-01-06 15:00:00,3,171.0,78.09384137618372,92.90615862381628,92.90615862381628
134040_1767711600,134040,2026-01-06 15:00:00,3,199.0,142.69285599626292,56.30714400373708,56.30714400373708
133957_1767711900,133957,2026-01-06 15:05:00,3,17.0,83.70263736015221,-66.70263736015221,66.70263736015221
134040_1767711900,134040,2026-01-06 15:05:00,3,181.0,239.9417657028124,-58.941765702812404,58.941765702812404
131672_1767711900,131672,2026-01-06 15:05:00,3,-52.0,-73.58626962554077,21.586269625540766,21.586269625540766
132430_1767711900,132430,2026-01-06 15:05:00,3,384.0,149.2056527780218,234.7943472219782,234.7943472219782
132430_1767712200,132430,2026-01-06 15:10:00,3,291.0,186.0360682383597,104.96393176164031,104.96393176164031
135081_1767712200,135081,2026-01-06 15:10:00,3,-28.0,54.79227232584685,-82.79227232584685,82.79227232584685
133300_1767712200,133300,2026-01-06 15:10:00,3,-35.0,18.187669626185127,-53.18766962618513,53.18766962618513
134040_1767712200,134040,2026-01-06 15:10:00,3,202.0,240.6792064706737,-38.679206470673705,38.679206470673705
133957_1767712200,133957,2026-01-06 15:10:00,3,28.0,66.34118492967873,-38.34118492967873,38.34118492967873
133957_1767712500,133957,2026-01-06 15:15:00,3,-36.0,44.780861202233034,-80.78086120223304,80.78086120223304
135081_1767712500,135081,2026-01-06 15:15:00,3,59.0,12.763578808345926,46.236421191654074,46.236421191654074
133300_1767712500,133300,2026-01-06 15:15:00,3,-35.0,12.642068696301578,-47.64206869630158,47.64206869630158
132430_1767712500,132430,2026-01-06 15:15:00,3,226.0,151.13156982896035,74.86843017103965,74.86843017103965
134040_1767712500,134040,2026-01-06 15:15:00,3,199.0,233.22197079497846,-34.22197079497846,34.22197079497846
130238_1767712500,130238,2026-01-06 15:15:00,3,10.0,-13.001775984482265,23.001775984482265,23.001775984482265
134040_1767712800,134040,2026-01-06 15:20:00,3,183.0,115.47675957775375,67.52324042224625,67.52324042224625
130238_1767712800,130238,2026-01-06 15:20:00,3,-40.0,-2.9935967254933367,-37.00640327450667,37.00640327450667
132430_1767712800,132430,2026-01-06 15:20:00,3,258.0,267.38479629881886,-9.384796298818856,9.384796298818856
133300_1767712800,133300,2026-01-06 15:20:00,3,36.0,44.84532125641465,-8.84532125641465,8.84532125641465
133957_1767712800,133957,2026-01-06 15:20:00,3,-93.0,-9.749792076720766,-83.25020792327923,83.25020792327923
134040_1767713100,134040,2026-01-06 15:25:00,3,91.0,81.06450693158422,9.93549306841578,9.93549306841578
130238_1767713100,130238,2026-01-06 15:25:00,3,-124.0,39.610931453298704,-163.6109314532987,163.6109314532987
132430_1767713100,132430,2026-01-06 15:25:00,3,199.0,285.7902116834226,-86.79021168342263,86.79021168342263
133957_1767713100,133957,2026-01-06 15:25:00,3,74.0,-45.586666585939994,119.58666658594,119.58666658594
122658_1767713100,122658,2026-01-06 15:25:00,3,27.0,33.79457805878977,-6.794578058789767,6.794578058789767
122613_1767713400,122613,2026-01-06 15:30:00,3,0.0,-5.049972643427932,5.049972643427932,5.049972643427932
122658_1767713400,122658,2026-01-06 15:30:00,3,86.0,22.156555780798055,63.84344421920194,63.84344421920194
131672_1767713400,131672,2026-01-06 15:30:00,3,12.0,-25.792261462516024,37.792261462516024,37.792261462516024
130238_1767713400,130238,2026-01-06 15:30:00,3,-99.0,10.081775649803564,-109.08177564980356,109.08177564980356
133957_1767713400,133957,2026-01-06 15:30:00,3,75.0,-62.21390998262341,137.21390998262342,137.21390998262342
122048_1767713400,122048,2026-01-06 15:30:00,3,0.0,3.0825153439885042,-3.0825153439885042,3.0825153439885042
122613_1767713700,122613,2026-01-06 15:35:00,3,0.0,40.74312844764225,-40.74312844764225,40.74312844764225
131672_1767713700,131672,2026-01-06 15:35:00,3,86.0,-65.81060106330786,151.81060106330784,151.81060106330784
133957_1767713700,133957,2026-01-06 15:35:00,3,-11.0,-46.868375112514926,35.868375112514926,35.868375112514926
122658_1767713700,122658,2026-01-06 15:35:00,3,159.0,80.89305081894057,78.10694918105943,78.10694918105943
122048_1767713700,122048,2026-01-06 15:35:00,3,0.0,2.3787559546266195,-2.3787559546266195,2.3787559546266195
130238_1767713700,130238,2026-01-06 15:35:00,3,-47.0,-65.67883060464939,18.67883060464939,18.67883060464939
122613_1767714000,122613,2026-01-06 15:40:00,3,0.0,11.549258437107728,-11.549258437107728,11.549258437107728
131672_1767714000,131672,2026-01-06 15:40:00,3,67.0,-51.121496298969475,118.12149629896948,118.12149629896948
122048_1767714000,122048,2026-01-06 15:40:00,3,0.0,-71.56844847603014,71.56844847603014,71.56844847603014
130238_1767714000,130238,2026-01-06 15:40:00,3,-41.0,-94.48064271420056,53.480642714200556,53.480642714200556
122658_1767714000,122658,2026-01-06 15:40:00,3,225.0,131.34704365836598,93.65295634163402,93.65295634163402
122613_1767714300,122613,2026-01-06 15:45:00,3,0.0,-10.591477611057012,10.591477611057012,10.591477611057012
130238_1767714300,130238,2026-01-06 15:45:00,3,-45.0,-74.21430507270709,29.21430507270709,29.21430507270709
122048_1767714300,122048,2026-01-06 15:45:00,3,0.0,11.011275363659674,-11.011275363659674,11.011275363659674
131672_1767714300,131672,2026-01-06 15:45:00,3,70.0,84.26656622181034,-14.266566221810336,14.266566221810336
122658_1767714300,122658,2026-01-06 15:45:00,3,348.0,160.82559401651585,187.17440598348415,187.17440598348415
122048_1767714600,122048,2026-01-06 15:50:00,3,0.0,-59.72485453147725,59.72485453147725,59.72485453147725
122613_1767714600,122613,2026-01-06 15:50:00,3,0.0,-37.01481244519218,37.01481244519218,37.01481244519218
130238_1767714600,130238,2026-01-06 15:50:00,3,-30.0,-42.87028843754395,12.870288437543948,12.870288437543948
122658_1767714600,122658,2026-01-06 15:50:00,3,362.0,194.56794773538917,167.43205226461083,167.43205226461083
131672_1767714600,131672,2026-01-06 15:50:00,3,13.0,47.94150329696944,-34.94150329696944,34.94150329696944
122613_1767714900,122613,2026-01-06 15:55:00,3,0.0,21.19340649621792,-21.19340649621792,21.19340649621792
130238_1767714900,130238,2026-01-06 15:55:00,3,-78.0,-0.32525943294401216,-77.67474056705599,77.67474056705599
122658_1767714900,122658,2026-01-06 15:55:00,3,2.0,111.45834616187913,-109.45834616187913,109.45834616187913
122048_1767714900,122048,2026-01-06 15:55:00,3,0.0,-47.24559388490303,47.24559388490303,47.24559388490303
131672_1767714900,131672,2026-01-06 15:55:00,3,-150.0,-78.56793634612796,-71.43206365387204,71.43206365387204
122048_1767715200,122048,2026-01-06 16:00:00,3,0.0,36.264074080350056,-36.264074080350056,36.264074080350056
122658_1767715200,122658,2026-01-06 16:00:00,3,0.0,143.4114821934605,-143.4114821934605,143.4114821934605
132430_1767715200,132430,2026-01-06 16:00:00,3,485.0,301.781763708428,183.218236291572,183.218236291572
122613_1767715200,122613,2026-01-06 16:00:00,3,0.0,-7.206934168469235,7.206934168469235,7.206934168469235
130238_1767715200,130238,2026-01-06 16:00:00,3,-97.0,-33.713998180482164,-63.286001819517836,63.286001819517836
122658_1767715500,122658,2026-01-06 16:05:00,3,0.0,64.96621795544922,-64.96621795544922,64.96621795544922
132430_1767715500,132430,2026-01-06 16:05:00,3,483.0,365.20540871875005,117.79459128124995,117.79459128124995
122048_1767715500,122048,2026-01-06 16:05:00,3,0.0,44.433012837416186,-44.433012837416186,44.433012837416186
122613_1767715500,122613,2026-01-06 16:05:00,3,0.0,-91.45457830668882,91.45457830668882,91.45457830668882
122048_1767715800,122048,2026-01-06 16:10:00,3,0.0,-23.94165251265154,23.94165251265154,23.94165251265154
122658_1767715800,122658,2026-01-06 16:10:00,3,0.0,-193.0,193.0,193.0
122048_1767716100,122048,2026-01-06 16:15:00,3,0.0,16.844183713320763,-16.844183713320763,16.844183713320763
122658_1767716100,122658,2026-01-06 16:15:00,3,0.0,16.274249045845362,-16.274249045845362,16.274249045845362
122048_1767716400,122048,2026-01-06 16:20:00,3,0.0,35.047403405857196,-35.047403405857196,35.047403405857196
133957_1767716400,133957,2026-01-06 16:20:00,3,115.0,58.56588554950311,56.43411445049689,56.43411445049689
130238_1767716400,130238,2026-01-06 16:20:00,3,98.0,31.40966012421302,66.59033987578698,66.59033987578698
122658_1767716400,122658,2026-01-06 16:20:00,3,0.0,1.1385602271136879,-1.1385602271136879,1.1385602271136879
133957_1767716700,133957,2026-01-06 16:25:00,3,104.0,54.27702389174306,49.72297610825694,49.72297610825694
130238_1767716700,130238,2026-01-06 16:25:00,3,9.0,-27.79407861485575,36.79407861485575,36.79407861485575
122048_1767716700,122048,2026-01-06 16:25:00,3,0.0,44.89290941446913,-44.89290941446913,44.89290941446913
122658_1767716700,122658,2026-01-06 16:25:00,3,0.0,-6.737393560964346,6.737393560964346,6.737393560964346
130238_1767717000,130238,2026-01-06 16:30:00,3,-55.0,-22.4761887227301,-32.5238112772699,32.5238112772699
135081_1767717000,135081,2026-01-06 16:30:00,3,92.0,64.22209104383226,27.777908956167735,27.777908956167735
135081_1767717300,135081,2026-01-06 16:35:00,3,-22.0,-7.821895693179584,-14.178104306820416,14.178104306820416
135081_1767717600,135081,2026-01-06 16:40:00,3,-133.0,62.124737543091214,-195.12473754309121,195.12473754309121
135081_1767717900,135081,2026-01-06 16:45:00,3,-127.0,-81.4008331902208,-45.599166809779206,45.599166809779206
135081_1767718200,135081,2026-01-06 16:50:00,3,-51.0,-64.92978609502482,13.929786095024824,13.929786095024824
135081_1767718500,135081,2026-01-06 16:55:00,3,-77.0,-48.9227838989611,-28.0772161010389,28.0772161010389
133957_1767718800,133957,2026-01-06 17:00:00,3,-35.0,10.451718446297658,-45.45171844629766,45.45171844629766
135081_1767718800,135081,2026-01-06 17:00:00,3,-153.0,-86.4759000361794,-66.5240999638206,66.5240999638206
135081_1767719100,135081,2026-01-06 17:05:00,3,-144.0,-14.400540249735315,-129.59945975026469,129.59945975026469
133957_1767719100,133957,2026-01-06 17:05:00,3,-113.0,-37.07737060274734,-75.92262939725266,75.92262939725266
135081_1767719400,135081,2026-01-06 17:10:00,3,-123.0,-27.7383580832539,-95.2616419167461,95.2616419167461
133957_1767719400,133957,2026-01-06 17:10:00,3,-174.0,-4.3320107038128945,-169.6679892961871,169.6679892961871
135081_1767719700,135081,2026-01-06 17:15:00,3,-137.0,-66.34119965758373,-70.65880034241627,70.65880034241627
133957_1767719700,133957,2026-01-06 17:15:00,3,-173.0,-44.18374163659206,-128.81625836340794,128.81625836340794
122048_1767720000,122048,2026-01-06 17:20:00,3,-336.0,-153.49762845850918,-182.50237154149082,182.50237154149082
133957_1767720000,133957,2026-01-06 17:20:00,3,-218.0,-66.18819224572643,-151.81180775427356,151.81180775427356
135081_1767720000,135081,2026-01-06 17:20:00,3,-199.0,-56.20494248441665,-142.79505751558335,142.79505751558335
135081_1767720300,135081,2026-01-06 17:25:00,3,-231.0,-66.62014439773797,-164.379855602262,164.379855602262
122048_1767720300,122048,2026-01-06 17:25:00,3,-130.0,-10.716400189685073,-119.28359981031493,119.28359981031493
122048_1767720600,122048,2026-01-06 17:30:00,3,-32.0,-18.72184098944044,-13.278159010559559,13.278159010559559
135081_1767720600,135081,2026-01-06 17:30:00,3,-180.0,-67.60437534958254,-112.39562465041746,112.39562465041746
122048_1767720900,122048,2026-01-06 17:35:00,3,-32.0,-81.60903572296931,49.60903572296931,49.60903572296931
135081_1767720900,135081,2026-01-06 17:35:00,3,-34.0,48.38999599219011,-82.38999599219011,82.38999599219011
133957_1767720900,133957,2026-01-06 17:35:00,3,67.0,2.8876228381435993,64.1123771618564,64.1123771618564
133957_1767721200,133957,2026-01-06 17:40:00,3,28.0,34.2575186585191,-6.257518658519103,6.257518658519103
122048_1767721200,122048,2026-01-06 17:40:00,3,-108.0,11.650341758982819,-119.65034175898282,119.65034175898282
135081_1767721200,135081,2026-01-06 17:40:00,3,4.0,12.747770098527639,-8.747770098527639,8.747770098527639
135081_1767721500,135081,2026-01-06 17:45:00,3,12.0,35.372873562891485,-23.372873562891485,23.372873562891485
122048_1767721500,122048,2026-01-06 17:45:00,3,-141.0,-61.526740840488486,-79.47325915951151,79.47325915951151
133957_1767721500,133957,2026-01-06 17:45:00,3,83.0,105.54218913428741,-22.542189134287412,22.542189134287412
122048_1767721800,122048,2026-01-06 17:50:00,3,-174.0,10.920871026918533,-184.92087102691852,184.92087102691852
133957_1767721800,133957,2026-01-06 17:50:00,3,-28.0,44.6356755622171,-72.6356755622171,72.6356755622171
135081_1767721800,135081,2026-01-06 17:50:00,3,48.0,46.845534857600185,1.1544651423998147,1.1544651423998147
122048_1767722100,122048,2026-01-06 17:55:00,3,-157.0,-17.618855152935737,-139.38114484706426,139.38114484706426
132430_1767722400,132430,2026-01-06 18:00:00,3,380.0,353.05227197036925,26.947728029630753,26.947728029630753
134040_1767722400,134040,2026-01-06 18:00:00,3,107.0,112.57857274197013,-5.5785727419701345,5.5785727419701345
122048_1767722400,122048,2026-01-06 18:00:00,3,-146.0,-95.81282535596858,-50.187174644031415,50.187174644031415
134040_1767722700,134040,2026-01-06 18:05:00,3,295.0,127.65812461752732,167.34187538247267,167.34187538247267
132430_1767722700,132430,2026-01-06 18:05:00,3,324.0,395.0,-71.0,71.0
134040_1767723000,134040,2026-01-06 18:10:00,3,407.0,258.3312037427063,148.6687962572937,148.6687962572937
132430_1767723000,132430,2026-01-06 18:10:00,3,452.0,395.0,57.0,57.0
132430_1767723300,132430,2026-01-06 18:15:00,3,333.0,244.0641018896215,88.9358981103785,88.9358981103785
134040_1767723300,134040,2026-01-06 18:15:00,3,342.0,186.2791539865627,155.7208460134373,155.7208460134373
134040_1767723600,134040,2026-01-06 18:20:00,3,401.0,290.5731627564487,110.42683724355129,110.42683724355129
132430_1767723600,132430,2026-01-06 18:20:00,3,310.0,333.45684003539196,-23.456840035391963,23.456840035391963
132430_1767723900,132430,2026-01-06 18:25:00,3,285.0,335.50501453153936,-50.50501453153936,50.50501453153936
134040_1767723900,134040,2026-01-06 18:25:00,3,487.0,352.9979143777327,134.00208562226732,134.00208562226732
132430_1767724200,132430,2026-01-06 18:30:00,3,309.0,219.04581474940167,89.95418525059833,89.95418525059833
134040_1767724200,134040,2026-01-06 18:30:00,3,465.0,338.92936555714004,126.07063444285996,126.07063444285996
131672_1767724200,131672,2026-01-06 18:30:00,3,368.0,325.98379698329586,42.01620301670414,42.01620301670414
134040_1767724500,134040,2026-01-06 18:35:00,3,409.0,354.8995075260746,54.100492473925385,54.100492473925385
132430_1767724500,132430,2026-01-06 18:35:00,3,299.0,314.4546883050408,-15.454688305040804,15.454688305040804
132430_1767724800,132430,2026-01-06 18:40:00,3,45.0,245.64606252774868,-200.64606252774868,200.64606252774868
135081_1767726000,135081,2026-01-06 19:00:00,3,311.0,200.10902460803413,110.89097539196587,110.89097539196587
134040_1767735000,134040,2026-01-06 21:30:00,3,434.0,374.94016516220756,59.05983483779244,59.05983483779244
130072_1767735300,130072,2026-01-06 21:35:00,3,0.0,101.9056556894431,-101.9056556894431,101.9056556894431
134040_1767735300,134040,2026-01-06 21:35:00,3,434.0,395.0,39.0,39.0
130072_1767735600,130072,2026-01-06 21:40:00,3,0.0,-60.292163925424774,60.292163925424774,60.292163925424774
134040_1767735900,134040,2026-01-06 21:45:00,3,0.0,84.33761367054518,-84.33761367054518,84.33761367054518
130072_1767735900,130072,2026-01-06 21:45:00,3,0.0,96.9749927466531,-96.9749927466531,96.9749927466531
130072_1767736200,130072,2026-01-06 21:50:00,3,0.0,-66.72385985988304,66.72385985988304,66.72385985988304
130072_1767736500,130072,2026-01-06 21:55:00,3,0.0,66.33972392493739,-66.33972392493739,66.33972392493739
134494_1767742200,134494,2026-01-06 23:30:00,3,0.0,-16.862363441489943,16.862363441489943,16.862363441489943
134494_1767742500,134494,2026-01-06 23:35:00,3,0.0,-28.039004698657713,28.039004698657713,28.039004698657713
133300_1767713100,133300,2026-01-06 15:25:00,4,-9.0,46.59488716563639,-55.59488716563639,55.59488716563639
129964_1767713400,129964,2026-01-06 15:30:00,4,-129.0,-105.94168763384499,-23.058312366155008,23.058312366155008
129964_1767713700,129964,2026-01-06 15:35:00,4,-33.0,-59.53439336453407,26.53439336453407,26.53439336453407
129964_1767714000,129964,2026-01-06 15:40:00,4,25.0,-42.04639731529886,67.04639731529886,67.04639731529886
129964_1767714300,129964,2026-01-06 15:45:00,4,8.0,-36.71713936663279,44.71713936663279,44.71713936663279
129964_1767714600,129964,2026-01-06 15:50:00,4,-49.0,-70.06838752333833,21.06838752333833,21.06838752333833
129964_1767714900,129964,2026-01-06 15:55:00,4,-82.0,-9.316121493356277,-72.68387850664372,72.68387850664372
133300_1767715200,133300,2026-01-06 16:00:00,4,22.0,54.566872142689,-32.566872142689,32.566872142689
129964_1767715200,129964,2026-01-06 16:00:00,4,-134.0,-49.328967188352635,-84.67103281164736,84.67103281164736
129964_1767715500,129964,2026-01-06 16:05:00,4,-115.0,-32.039918723559765,-82.96008127644023,82.96008127644023
133300_1767715500,133300,2026-01-06 16:05:00,4,-24.0,62.076488429996644,-86.07648842999664,86.07648842999664
122613_1767715800,122613,2026-01-06 16:10:00,4,-18.0,-24.390056905224284,6.390056905224284,6.390056905224284
133300_1767715800,133300,2026-01-06 16:10:00,4,-87.0,35.23338294852675,-122.23338294852675,122.23338294852675
129964_1767715800,129964,2026-01-06 16:10:00,4,-2.0,-21.918338356564888,19.918338356564888,19.918338356564888
133300_1767716100,133300,2026-01-06 16:15:00,4,-38.0,43.34532018608415,-81.34532018608415,81.34532018608415
122613_1767716100,122613,2026-01-06 16:15:00,4,11.0,-62.01211086071332,73.01211086071332,73.01211086071332
129964_1767716100,129964,2026-01-06 16:15:00,4,-46.0,-127.18538638636379,81.18538638636379,81.18538638636379
133300_1767716400,133300,2026-01-06 16:20:00,4,207.0,94.21948275379788,112.78051724620212,112.78051724620212
129964_1767716400,129964,2026-01-06 16:20:00,4,-13.0,7.585955330520722,-20.585955330520722,20.585955330520722
122613_1767716400,122613,2026-01-06 16:20:00,4,-88.0,-50.32950877557046,-37.67049122442954,37.67049122442954
122613_1767716700,122613,2026-01-06 16:25:00,4,-27.0,-2.9251067010770413,-24.07489329892296,24.07489329892296
129964_1767716700,129964,2026-01-06 16:25:00,4,303.0,-15.545365344807518,318.5453653448075,318.5453653448075
122658_1767717000,122658,2026-01-06 16:30:00,4,0.0,-38.181944714302716,38.181944714302716,38.181944714302716
122613_1767717000,122613,2026-01-06 16:30:00,4,-62.0,-0.9620081056336005,-61.0379918943664,61.0379918943664
129964_1767717300,129964,2026-01-06 16:35:00,4,-111.0,-124.88208933876707,13.882089338767074,13.882089338767074
130238_1767717300,130238,2026-01-06 16:35:00,4,-41.0,46.64607156124836,-87.64607156124836,87.64607156124836
122613_1767717300,122613,2026-01-06 16:35:00,4,-54.0,2.782258407726598,-56.7822584077266,56.7822584077266
122613_1767717600,122613,2026-01-06 16:40:00,4,-11.0,16.50509094711282,-27.50509094711282,27.50509094711282
130238_1767717600,130238,2026-01-06 16:40:00,4,-57.0,23.73360899724824,-80.73360899724824,80.73360899724824
129964_1767717600,129964,2026-01-06 16:40:00,4,-126.0,-193.0,67.0,67.0
122658_1767717600,122658,2026-01-06 16:40:00,4,-46.0,38.48695772579525,-84.48695772579525,84.48695772579525
122613_1767717900,122613,2026-01-06 16:45:00,4,55.0,-25.89914793757039,80.89914793757039,80.89914793757039
122658_1767717900,122658,2026-01-06 16:45:00,4,38.0,22.722298845851768,15.277701154148232,15.277701154148232
129964_1767717900,129964,2026-01-06 16:45:00,4,38.0,-116.20686261496094,154.20686261496093,154.20686261496093
130238_1767717900,130238,2026-01-06 16:45:00,4,-92.0,6.615740243507261,-98.61574024350726,98.61574024350726
129964_1767718200,129964,2026-01-06 16:50:00,4,57.0,-0.5516263259630705,57.55162632596307,57.55162632596307
130238_1767718200,130238,2026-01-06 16:50:00,4,-38.0,-15.100587707757139,-22.89941229224286,22.89941229224286
122613_1767718200,122613,2026-01-06 16:50:00,4,72.0,84.27660572201597,-12.276605722015972,12.276605722015972
122658_1767718200,122658,2026-01-06 16:50:00,4,39.0,159.53944618896764,-120.53944618896764,120.53944618896764
122658_1767718500,122658,2026-01-06 16:55:00,4,63.0,63.44692485035502,-0.4469248503550176,0.4469248503550176
122613_1767718500,122613,2026-01-06 16:55:00,4,72.0,92.26441852434968,-20.26441852434968,20.26441852434968
129964_1767718500,129964,2026-01-06 16:55:00,4,71.0,9.999698609832954,61.000301390167046,61.000301390167046
130238_1767718500,130238,2026-01-06 16:55:00,4,-3.0,44.21645715572372,-47.21645715572372,47.21645715572372
130238_1767718800,130238,2026-01-06 17:00:00,4,-85.0,-5.229771721827078,-79.77022827817292,79.77022827817292
122658_1767718800,122658,2026-01-06 17:00:00,4,107.0,69.57161310481334,37.42838689518666,37.42838689518666
129964_1767718800,129964,2026-01-06 17:00:00,4,39.0,-11.88043618067816,50.88043618067816,50.88043618067816
133300_1767718800,133300,2026-01-06 17:00:00,4,231.0,174.79917228095843,56.20082771904157,56.20082771904157
129964_1767719100,129964,2026-01-06 17:05:00,4,-44.0,-89.46056491276352,45.460564912763516,45.460564912763516
130238_1767719100,130238,2026-01-06 17:05:00,4,99.0,69.54171273849386,29.458287261506143,29.458287261506143
122658_1767719100,122658,2026-01-06 17:05:00,4,88.0,148.3702081016927,-60.3702081016927,60.3702081016927
122658_1767719400,122658,2026-01-06 17:10:00,4,0.0,36.58908717239842,-36.58908717239842,36.58908717239842
130238_1767719400,130238,2026-01-06 17:10:00,4,160.0,-28.23499726156436,188.23499726156436,188.23499726156436
133300_1767719400,133300,2026-01-06 17:10:00,4,-24.0,26.416574317736604,-50.416574317736604,50.416574317736604
129964_1767719400,129964,2026-01-06 17:10:00,4,-130.0,-118.32197980530213,-11.678020194697865,11.678020194697865
122658_1767719700,122658,2026-01-06 17:15:00,4,0.0,-193.0,193.0,193.0
130238_1767719700,130238,2026-01-06 17:15:00,4,134.0,4.960506959452374,129.03949304054763,129.03949304054763
129964_1767719700,129964,2026-01-06 17:15:00,4,-135.0,-72.64713255961337,-62.35286744038663,62.35286744038663
133300_1767719700,133300,2026-01-06 17:15:00,4,22.0,122.34976149266413,-100.34976149266413,100.34976149266413
133300_1767720000,133300,2026-01-06 17:20:00,4,-46.0,66.69551772083832,-112.69551772083832,112.69551772083832
130238_1767720000,130238,2026-01-06 17:20:00,4,35.0,99.41930628040157,-64.41930628040157,64.41930628040157
122658_1767720000,122658,2026-01-06 17:20:00,4,0.0,-138.3651647672291,138.3651647672291,138.3651647672291
129964_1767720000,129964,2026-01-06 17:20:00,4,-14.0,-36.32623872952337,22.326238729523368,22.326238729523368
133300_1767720300,133300,2026-01-06 17:25:00,4,-26.0,85.09574715403697,-111.09574715403697,111.09574715403697
129964_1767720300,129964,2026-01-06 17:25:00,4,-105.0,-74.41266635263386,-30.587333647366137,30.587333647366137
130238_1767720300,130238,2026-01-06 17:25:00,4,41.0,57.767722829695174,-16.767722829695174,16.767722829695174
122658_1767720300,122658,2026-01-06 17:25:00,4,0.0,-1.0747079384819456,1.0747079384819456,1.0747079384819456
129964_1767720600,129964,2026-01-06 17:30:00,4,-10.0,-1.3023090288601509,-8.69769097113985,8.69769097113985
122658_1767720600,122658,2026-01-06 17:30:00,4,0.0,-10.21413262817035,10.21413262817035,10.21413262817035
130238_1767720600,130238,2026-01-06 17:30:00,4,-64.0,44.29593641906317,-108.29593641906317,108.29593641906317
130238_1767720900,130238,2026-01-06 17:35:00,4,-125.0,1.6859938680379116,-126.68599386803791,126.68599386803791
122658_1767720900,122658,2026-01-06 17:35:00,4,0.0,130.1506623182977,-130.1506623182977,130.1506623182977
129964_1767720900,129964,2026-01-06 17:35:00,4,49.0,10.950375884736047,38.04962411526395,38.04962411526395
130238_1767721200,130238,2026-01-06 17:40:00,4,-103.0,17.542736270710577,-120.54273627071058,120.54273627071058
122658_1767721200,122658,2026-01-06 17:40:00,4,0.0,-193.0,193.0,193.0
130238_1767721500,130238,2026-01-06 17:45:00,4,-170.0,-70.0206445479084,-99.9793554520916,99.9793554520916
133957_1767722100,133957,2026-01-06 17:55:00,4,-73.0,22.73555103846132,-95.73555103846132,95.73555103846132
133300_1767722400,133300,2026-01-06 18:00:00,4,310.0,111.70642379030883,198.29357620969117,198.29357620969117
133300_1767722700,133300,2026-01-06 18:05:00,4,406.0,245.94185965149245,160.05814034850755,160.05814034850755
122048_1767722700,122048,2026-01-06 18:05:00,4,-104.0,-124.77958436597582,20.779584365975822,20.779584365975822
133300_1767723000,133300,2026-01-06 18:10:00,4,580.0,394.0,186.0,186.0
122048_1767723000,122048,2026-01-06 18:10:00,4,-70.0,-86.87992799323408,16.879927993234077,16.879927993234077
122048_1767723300,122048,2026-01-06 18:15:00,4,48.0,-12.106913469260363,60.10691346926036,60.10691346926036
122048_1767723600,122048,2026-01-06 18:20:00,4,66.0,76.74180506068265,-10.741805060682651,10.741805060682651
133300_1767723600,133300,2026-01-06 18:20:00,4,-5.0,203.908404383142,-208.908404383142,208.908404383142
122048_1767723900,122048,2026-01-06 18:25:00,4,50.0,99.0344761352823,-49.034476135282304,49.034476135282304
122048_1767724200,122048,2026-01-06 18:30:00,4,35.0,176.91813705364785,-141.91813705364785,141.91813705364785
131672_1767724500,131672,2026-01-06 18:35:00,4,365.0,217.2224927815741,147.7775072184259,147.7775072184259
122048_1767724500,122048,2026-01-06 18:35:00,4,133.0,37.26411402539298,95.73588597460702,95.73588597460702
122048_1767724800,122048,2026-01-06 18:40:00,4,250.0,121.63251866247322,128.36748133752678,128.36748133752678
132430_1767725100,132430,2026-01-06 18:45:00,4,45.0,204.58238619044613,-159.58238619044613,159.58238619044613
122048_1767725100,122048,2026-01-06 18:45:00,4,274.0,268.75295061626537,5.247049383734634,5.247049383734634
132430_1767725400,132430,2026-01-06 18:50:00,4,-1.0,197.98313504462328,-198.98313504462328,198.98313504462328
122048_1767725400,122048,2026-01-06 18:50:00,4,356.0,370.4906046326042,-14.490604632604175,14.490604632604175
122048_1767725700,122048,2026-01-06 18:55:00,4,417.0,169.74565774713125,247.25434225286875,247.25434225286875
132430_1767725700,132430,2026-01-06 18:55:00,4,27.0,101.18381408110682,-74.18381408110682,74.18381408110682
122048_1767726000,122048,2026-01-06 19:00:00,4,481.0,368.1742441039633,112.8257558960367,112.8257558960367
122048_1767726300,122048,2026-01-06 19:05:00,4,523.0,320.05776732934,202.94223267066002,202.94223267066002
135081_1767726300,135081,2026-01-06 19:05:00,4,146.0,89.2071594081979,56.792840591802104,56.792840591802104
135081_1767726600,135081,2026-01-06 19:10:00,4,53.0,106.63081904888136,-53.630819048881364,53.630819048881364
131672_1767726900,131672,2026-01-06 19:15:00,4,-3.0,-24.007440447445788,21.007440447445788,21.007440447445788
135081_1767726900,135081,2026-01-06 19:15:00,4,-68.0,-7.783754782649396,-60.216245217350604,60.216245217350604
131672_1767727200,131672,2026-01-06 19:20:00,4,-9.0,106.89361748819178,-115.89361748819178,115.89361748819178
122048_1767727200,122048,2026-01-06 19:20:00,4,-54.0,-77.50912681984221,23.50912681984221,23.50912681984221
135081_1767727200,135081,2026-01-06 19:20:00,4,-32.0,22.947707315872876,-54.947707315872876,54.947707315872876
135081_1767727500,135081,2026-01-06 19:25:00,4,-15.0,-22.53699460683861,7.536994606838611,7.536994606838611
131672_1767727500,131672,2026-01-06 19:25:00,4,163.0,166.72081479293738,-3.720814792937375,3.720814792937375
131672_1767727800,131672,2026-01-06 19:30:00,4,302.0,134.52031111405566,167.47968888594434,167.47968888594434
131672_1767728100,131672,2026-01-06 19:35:00,4,382.0,94.7533492542125,287.2466507457875,287.2466507457875
131672_1767728400,131672,2026-01-06 19:40:00,4,359.0,138.29934608510086,220.70065391489914,220.70065391489914
122048_1767728700,122048,2026-01-06 19:45:00,4,-348.0,-111.47508340925881,-236.52491659074119,236.52491659074119
131672_1767728700,131672,2026-01-06 19:45:00,4,492.0,254.35001456061804,237.64998543938196,237.64998543938196
133957_1767729000,133957,2026-01-06 19:50:00,4,39.0,118.44594417585253,-79.44594417585253,79.44594417585253
122048_1767729000,122048,2026-01-06 19:50:00,4,-142.0,-6.437419686824413,-135.5625803131756,135.5625803131756
131672_1767729000,131672,2026-01-06 19:50:00,4,533.0,314.60391131207416,218.39608868792584,218.39608868792584
122048_1767729300,122048,2026-01-06 19:55:00,4,36.0,-23.691231950919853,59.69123195091986,59.69123195091986
131672_1767729300,131672,2026-01-06 19:55:00,4,478.0,394.0,84.0,84.0
133957_1767729300,133957,2026-01-06 19:55:00,4,171.0,76.99372708659465,94.00627291340535,94.00627291340535
131672_1767729600,131672,2026-01-06 20:00:00,4,557.0,376.23554611961265,180.76445388038735,180.76445388038735
133957_1767729600,133957,2026-01-06 20:00:00,4,141.0,198.60735331053593,-57.60735331053593,57.60735331053593
122048_1767729600,122048,2026-01-06 20:00:00,4,41.0,-52.74337005808843,93.74337005808843,93.74337005808843
132430_1767729600,132430,2026-01-06 20:00:00,4,21.0,100.20665861076994,-79.20665861076994,79.20665861076994
122048_1767729900,122048,2026-01-06 20:05:00,4,93.0,138.14461747292364,-45.14461747292364,45.14461747292364
133957_1767729900,133957,2026-01-06 20:05:00,4,126.0,159.23638384552345,-33.23638384552345,33.23638384552345
132430_1767729900,132430,2026-01-06 20:05:00,4,177.0,173.9962613599574,3.0037386400425987,3.0037386400425987
122048_1767730200,122048,2026-01-06 20:10:00,4,99.0,101.58054322358437,-2.580543223584371,2.580543223584371
133957_1767730200,133957,2026-01-06 20:10:00,4,83.0,116.55703547879908,-33.55703547879908,33.55703547879908
132430_1767730200,132430,2026-01-06 20:10:00,4,173.0,-22.981670375256996,195.981670375257,195.981670375257
133957_1767730500,133957,2026-01-06 20:15:00,4,53.0,25.215996876196897,27.784003123803103,27.784003123803103
122048_1767730500,122048,2026-01-06 20:15:00,4,-3.0,96.14701749102184,-99.14701749102184,99.14701749102184
132430_1767730500,132430,2026-01-06 20:15:00,4,146.0,93.81313633104708,52.186863668952924,52.186863668952924
122048_1767730800,122048,2026-01-06 20:20:00,4,25.0,123.77145869678111,-98.77145869678111,98.77145869678111
133957_1767730800,133957,2026-01-06 20:20:00,4,38.0,41.44901998567216,-3.449019985672159,3.449019985672159
132430_1767730800,132430,2026-01-06 20:20:00,4,234.0,246.57033261669005,-12.570332616690052,12.570332616690052
133957_1767731100,133957,2026-01-06 20:25:00,4,59.0,24.50548847121536,34.49451152878464,34.49451152878464
122048_1767731100,122048,2026-01-06 20:25:00,4,4.0,17.2444690026177,-13.244469002617699,13.244469002617699
132430_1767731100,132430,2026-01-06 20:25:00,4,277.0,265.07810714490677,11.921892855093233,11.921892855093233
132430_1767731400,132430,2026-01-06 20:30:00,4,192.0,205.80749551599246,-13.807495515992457,13.807495515992457
133957_1767731400,133957,2026-01-06 20:30:00,4,46.0,52.6598544717083,-6.6598544717083,6.6598544717083
133957_1767731700,133957,2026-01-06 20:35:00,4,116.0,114.76186299973541,1.2381370002645866,1.2381370002645866
132430_1767731700,132430,2026-01-06 20:35:00,4,201.0,200.508814029677,0.49118597032298794,0.49118597032298794
131672_1767732000,131672,2026-01-06 20:40:00,4,32.0,10.868656652341883,21.131343347658117,21.131343347658117
132430_1767732000,132430,2026-01-06 20:40:00,4,167.0,279.7685109020457,-112.7685109020457,112.7685109020457
133957_1767732000,133957,2026-01-06 20:40:00,4,129.0,94.11603633154894,34.88396366845106,34.88396366845106
132430_1767732300,132430,2026-01-06 20:45:00,4,337.0,203.56573047535892,133.43426952464108,133.43426952464108
131672_1767732300,131672,2026-01-06 20:45:00,4,16.0,162.24448414173276,-146.24448414173276,146.24448414173276
132430_1767732600,132430,2026-01-06 20:50:00,4,338.0,283.37739435771294,54.622605642287056,54.622605642287056
133957_1767732600,133957,2026-01-06 20:50:00,4,39.0,91.85474878169825,-52.85474878169825,52.85474878169825
131672_1767732600,131672,2026-01-06 20:50:00,4,34.0,275.784594586626,-241.78459458662599,241.78459458662599
135081_1767732600,135081,2026-01-06 20:50:00,4,79.0,54.77812090969769,24.22187909030231,24.22187909030231
131672_1767732900,131672,2026-01-06 20:55:00,4,41.0,105.841620269341,-64.841620269341,64.841620269341
133957_1767732900,133957,2026-01-06 20:55:00,4,-49.0,53.81973143349002,-102.81973143349002,102.81973143349002
132430_1767732900,132430,2026-01-06 20:55:00,4,238.0,326.2273085126458,-88.22730851264578,88.22730851264578
135081_1767732900,135081,2026-01-06 20:55:00,4,136.0,118.61650447377544,17.383495526224564,17.383495526224564
135081_1767733200,135081,2026-01-06 21:00:00,4,40.0,90.7718706546583,-50.7718706546583,50.7718706546583
133957_1767733200,133957,2026-01-06 21:00:00,4,59.0,159.9731431823082,-100.9731431823082,100.9731431823082
122048_1767733200,122048,2026-01-06 21:00:00,4,0.0,7.243174545047037,-7.243174545047037,7.243174545047037
132430_1767733200,132430,2026-01-06 21:00:00,4,153.0,217.41855604414175,-64.41855604414175,64.41855604414175
122048_1767733500,122048,2026-01-06 21:05:00,4,0.0,31.10491800855377,-31.10491800855377,31.10491800855377
132430_1767733500,132430,2026-01-06 21:05:00,4,168.0,259.5156004575023,-91.51560045750227,91.51560045750227
133957_1767733500,133957,2026-01-06 21:05:00,4,28.0,11.290580706493532,16.709419293506468,16.709419293506468
135081_1767733500,135081,2026-01-06 21:05:00,4,44.0,91.5088839411157,-47.5088839411157,47.5088839411157
135081_1767733800,135081,2026-01-06 21:10:00,4,51.0,96.09565312608561,-45.09565312608561,45.09565312608561
133957_1767733800,133957,2026-01-06 21:10:00,4,15.0,-3.402806110209653,18.402806110209653,18.402806110209653
122048_1767733800,122048,2026-01-06 21:10:00,4,0.0,74.50628816929547,-74.50628816929547,74.50628816929547
132430_1767733800,132430,2026-01-06 21:10:00,4,179.0,241.73195814569777,-62.731958145697774,62.731958145697774
135081_1767734100,135081,2026-01-06 21:15:00,4,-16.0,-36.570394679755275,20.570394679755275,20.570394679755275
133957_1767734100,133957,2026-01-06 21:15:00,4,45.0,3.9513522426044716,41.04864775739553,41.04864775739553
122048_1767734100,122048,2026-01-06 21:15:00,4,0.0,21.780853497675036,-21.780853497675036,21.780853497675036
132430_1767734100,132430,2026-01-06 21:15:00,4,96.0,235.46698046414377,-139.46698046414377,139.46698046414377
133957_1767734400,133957,2026-01-06 21:20:00,4,7.0,27.116656693767606,-20.116656693767606,20.116656693767606
135081_1767734400,135081,2026-01-06 21:20:00,4,-59.0,3.3810774851626064,-62.381077485162606,62.381077485162606
122048_1767734400,122048,2026-01-06 21:20:00,4,0.0,7.265618287848159,-7.265618287848159,7.265618287848159
135081_1767734700,135081,2026-01-06 21:25:00,4,-170.0,-92.38753095519337,-77.61246904480663,77.61246904480663
122048_1767734700,122048,2026-01-06 21:25:00,4,0.0,-77.62924782489608,77.62924782489608,77.62924782489608
133957_1767734700,133957,2026-01-06 21:25:00,4,65.0,41.70249381933773,23.297506180662268,23.297506180662268
133957_1767735000,133957,2026-01-06 21:30:00,4,21.0,15.492023004903757,5.507976995096243,5.507976995096243
133957_1767735300,133957,2026-01-06 21:35:00,4,50.0,85.1106462901198,-35.1106462901198,35.1106462901198
133957_1767735600,133957,2026-01-06 21:40:00,4,77.0,81.04901751363336,-4.049017513633359,4.049017513633359
134040_1767736200,134040,2026-01-06 21:50:00,4,0.0,51.97744768133896,-51.97744768133896,51.97744768133896
134040_1767736500,134040,2026-01-06 21:55:00,4,0.0,154.07906184182116,-154.07906184182116,154.07906184182116
134040_1767736800,134040,2026-01-06 22:00:00,4,0.0,-69.3756944122971,69.3756944122971,69.3756944122971
135081_1767736800,135081,2026-01-06 22:00:00,4,-98.0,-159.5637580658006,61.56375806580061,61.56375806580061
133957_1767736800,133957,2026-01-06 22:00:00,4,32.0,58.85090499169249,-26.850904991692488,26.850904991692488
133957_1767737100,133957,2026-01-06 22:05:00,4,-8.0,72.88575472724365,-80.88575472724365,80.88575472724365
135081_1767737100,135081,2026-01-06 22:05:00,4,37.0,-87.60661240184776,124.60661240184776,124.60661240184776
134040_1767737100,134040,2026-01-06 22:05:00,4,0.0,-74.66868362571078,74.66868362571078,74.66868362571078
133957_1767737400,133957,2026-01-06 22:10:00,4,27.0,159.97051300717428,-132.97051300717428,132.97051300717428
135081_1767737400,135081,2026-01-06 22:10:00,4,13.0,-96.79142078293182,109.79142078293182,109.79142078293182
134040_1767737400,134040,2026-01-06 22:10:00,4,0.0,-5.638313460988936,5.638313460988936,5.638313460988936
133957_1767737700,133957,2026-01-06 22:15:00,4,-22.0,53.30532525032538,-75.30532525032538,75.30532525032538
135081_1767737700,135081,2026-01-06 22:15:00,4,172.0,84.35952973085995,87.64047026914005,87.64047026914005
134040_1767737700,134040,2026-01-06 22:15:00,4,0.0,34.08005827940076,-34.08005827940076,34.08005827940076
134040_1767738000,134040,2026-01-06 22:20:00,4,0.0,30.27854329500966,-30.27854329500966,30.27854329500966
132430_1767738000,132430,2026-01-06 22:20:00,4,90.0,7.042502453169163,82.95749754683084,82.95749754683084
135081_1767738000,135081,2026-01-06 22:20:00,4,87.0,167.54042333313512,-80.54042333313512,80.54042333313512
133957_1767738000,133957,2026-01-06 22:20:00,4,-77.0,-61.511700846900425,-15.488299153099575,15.488299153099575
135081_1767738300,135081,2026-01-06 22:25:00,4,73.0,65.5197225189891,7.480277481010901,7.480277481010901
134040_1767738300,134040,2026-01-06 22:25:00,4,0.0,71.90932411767199,-71.90932411767199,71.90932411767199
132430_1767738300,132430,2026-01-06 22:25:00,4,108.0,-0.08088055351500145,108.080880553515,108.080880553515
134040_1767738600,134040,2026-01-06 22:30:00,4,0.0,20.968542710318776,-20.968542710318776,20.968542710318776
134040_1767738900,134040,2026-01-06 22:35:00,4,0.0,-9.017334182370572,9.017334182370572,9.017334182370572
134040_1767739200,134040,2026-01-06 22:40:00,4,0.0,-20.844128603987258,20.844128603987258,20.844128603987258
134040_1767739500,134040,2026-01-06 22:45:00,4,0.0,43.94723834063964,-43.94723834063964,43.94723834063964
134040_1767739800,134040,2026-01-06 22:50:00,4,0.0,105.15700437710692,-105.15700437710692,105.15700437710692
134040_1767740100,134040,2026-01-06 22:55:00,4,0.0,37.84163645606671,-37.84163645606671,37.84163645606671
134040_1767740400,134040,2026-01-06 23:00:00,4,0.0,74.77024459350083,-74.77024459350083,74.77024459350083
132430_1767740400,132430,2026-01-06 23:00:00,4,151.0,146.4276524672689,4.572347532731101,4.572347532731101
130072_1767740700,130072,2026-01-06 23:05:00,4,0.0,-33.79363361616217,33.79363361616217,33.79363361616217
132430_1767740700,132430,2026-01-06 23:05:00,4,124.0,167.54713192138178,-43.54713192138178,43.54713192138178
134040_1767740700,134040,2026-01-06 23:05:00,4,0.0,54.66339473174834,-54.66339473174834,54.66339473174834
132430_1767741000,132430,2026-01-06 23:10:00,4,60.0,120.32147619939363,-60.32147619939363,60.32147619939363
130072_1767741000,130072,2026-01-06 23:10:00,4,0.0,7.087737224042002,-7.087737224042002,7.087737224042002
130072_1767741300,130072,2026-01-06 23:15:00,4,0.0,-12.41795515896538,12.41795515896538,12.41795515896538
132430_1767741300,132430,2026-01-06 23:15:00,4,85.0,64.92798815631308,20.072011843686923,20.072011843686923
132430_1767741600,132430,2026-01-06 23:20:00,4,189.0,158.294084294445,30.705915705554986,30.705915705554986
130072_1767741600,130072,2026-01-06 23:20:00,4,0.0,48.60264771184055,-48.60264771184055,48.60264771184055
132430_1767741900,132430,2026-01-06 23:25:00,4,160.0,81.07418150279385,78.92581849720615,78.92581849720615
130072_1767741900,130072,2026-01-06 23:25:00,4,0.0,41.21010624500073,-41.21010624500073,41.21010624500073
132430_1767742200,132430,2026-01-06 23:30:00,4,74.0,142.1704280210098,-68.1704280210098,68.1704280210098
134494_1767742800,134494,2026-01-06 23:40:00,4,0.0,-21.306469132720043,21.306469132720043,21.306469132720043
134494_1767743100,134494,2026-01-06 23:45:00,4,0.0,-69.69086350270028,69.69086350270028,69.69086350270028
132430_1767743400,132430,2026-01-06 23:50:00,4,91.0,95.29061907807744,-4.290619078077441,4.290619078077441
132430_1767743700,132430,2026-01-06 23:55:00,4,154.0,54.23179336104754,99.76820663895246,99.76820663895246
