sample_id,tr_id,T,fold,target,prediction,error,abs_error
122048_1767665400,122048,2026-01-06 02:10:00,0,-25.0,42.59547,-67.5954704284668,67.5954704284668
122048_1767665700,122048,2026-01-06 02:15:00,0,0.0,-5.5020065,5.502006530761719,5.502006530761719
122048_1767666000,122048,2026-01-06 02:20:00,0,0.0,0.8987274,-0.8987274169921875,0.8987274169921875
122048_1767666300,122048,2026-01-06 02:25:00,0,0.0,-4.2713203,4.271320343017578,4.271320343017578
122048_1767666600,122048,2026-01-06 02:30:00,0,0.0,-3.434864,3.434864044189453,3.434864044189453
133957_1767666600,133957,2026-01-06 02:30:00,0,-32.0,-63.437344,31.43734359741211,31.43734359741211
129964_1767666600,129964,2026-01-06 02:30:00,0,44.0,7.3305283,36.669471740722656,36.669471740722656
133957_1767666900,133957,2026-01-06 02:35:00,0,-32.0,-5.2696724,-26.730327606201172,26.730327606201172
132430_1767666900,132430,2026-01-06 02:35:00,0,46.0,31.678034,14.321966171264648,14.321966171264648
122048_1767666900,122048,2026-01-06 02:35:00,0,0.0,-12.528,12.527999877929688,12.527999877929688
129964_1767666900,129964,2026-01-06 02:35:00,0,16.0,15.485615,0.5143852233886719,0.5143852233886719
133957_1767667200,133957,2026-01-06 02:40:00,0,17.0,2.7336044,14.266395568847656,14.266395568847656
132430_1767667200,132430,2026-01-06 02:40:00,0,102.0,76.71831,25.281692504882812,25.281692504882812
122048_1767667200,122048,2026-01-06 02:40:00,0,0.0,2.1265411,-2.1265411376953125,2.1265411376953125
129964_1767667200,129964,2026-01-06 02:40:00,0,-27.0,-12.373817,-14.626182556152344,14.626182556152344
132430_1767667500,132430,2026-01-06 02:45:00,0,-23.0,1.6065254,-24.606525421142578,24.606525421142578
122048_1767667500,122048,2026-01-06 02:45:00,0,0.0,-2.8157158,2.815715789794922,2.815715789794922
129964_1767667500,129964,2026-01-06 02:45:00,0,2.0,-18.599285,20.599285125732422,20.599285125732422
133957_1767667500,133957,2026-01-06 02:45:00,0,-66.0,-61.531483,-4.468517303466797,4.468517303466797
122048_1767667800,122048,2026-01-06 02:50:00,0,0.0,-6.182762,6.182762145996094,6.182762145996094
133957_1767667800,133957,2026-01-06 02:50:00,0,-74.0,-61.58388,-12.416118621826172,12.416118621826172
132430_1767667800,132430,2026-01-06 02:50:00,0,-2.0,-43.729458,41.72945785522461,41.72945785522461
129964_1767667800,129964,2026-01-06 02:50:00,0,-70.0,-24.922688,-45.07731246948242,45.07731246948242
134040_1767667800,134040,2026-01-06 02:50:00,0,20.0,22.997305,-2.997304916381836,2.997304916381836
129964_1767668100,129964,2026-01-06 02:55:00,0,-76.0,-24.192463,-51.80753707885742,51.80753707885742
132430_1767668100,132430,2026-01-06 02:55:00,0,27.0,3.1348953,23.86510467529297,23.86510467529297
122048_1767668100,122048,2026-01-06 02:55:00,0,0.0,3.3266182,-3.326618194580078,3.326618194580078
133957_1767668100,133957,2026-01-06 02:55:00,0,-61.0,-51.884014,-9.115985870361328,9.115985870361328
134040_1767668100,134040,2026-01-06 02:55:00,0,93.0,54.624058,38.37594223022461,38.37594223022461
132430_1767668400,132430,2026-01-06 03:00:00,0,22.0,72.34794,-50.347938537597656,50.347938537597656
122048_1767668400,122048,2026-01-06 03:00:00,0,0.0,10.190414,-10.190414428710938,10.190414428710938
133957_1767668400,133957,2026-01-06 03:00:00,0,-34.0,-40.46973,6.469730377197266,6.469730377197266
122048_1767668700,122048,2026-01-06 03:05:00,0,0.0,6.8245354,-6.824535369873047,6.824535369873047
132430_1767668700,132430,2026-01-06 03:05:00,0,74.0,139.94902,-65.94902038574219,65.94902038574219
122048_1767669000,122048,2026-01-06 03:10:00,0,0.0,2.5445976,-2.544597625732422,2.544597625732422
132430_1767669000,132430,2026-01-06 03:10:00,0,1.0,-20.6843,21.68429946899414,21.68429946899414
133957_1767669300,133957,2026-01-06 03:15:00,0,46.0,26.670956,19.329044342041016,19.329044342041016
132430_1767669300,132430,2026-01-06 03:15:00,0,4.0,-68.416306,72.41630554199219,72.41630554199219
122048_1767669300,122048,2026-01-06 03:15:00,0,0.0,2.2926216,-2.292621612548828,2.292621612548828
122048_1767669600,122048,2026-01-06 03:20:00,0,0.0,-0.7375412,0.7375411987304688,0.7375411987304688
133957_1767669600,133957,2026-01-06 03:20:00,0,58.0,-5.7404823,63.740482330322266,63.740482330322266
132430_1767669600,132430,2026-01-06 03:20:00,0,84.0,79.61404,4.385963439941406,4.385963439941406
133957_1767669900,133957,2026-01-06 03:25:00,0,40.0,7.482025,32.517974853515625,32.517974853515625
122048_1767669900,122048,2026-01-06 03:25:00,0,0.0,-3.2658005,3.2658004760742188,3.2658004760742188
132430_1767669900,132430,2026-01-06 03:25:00,0,58.0,48.995903,9.004096984863281,9.004096984863281
133957_1767670200,133957,2026-01-06 03:30:00,0,133.0,101.28714,31.712860107421875,31.712860107421875
134040_1767670200,134040,2026-01-06 03:30:00,0,110.0,1.4069824,108.593017578125,108.593017578125
129964_1767670200,129964,2026-01-06 03:30:00,0,74.0,42.611725,31.388275146484375,31.388275146484375
135081_1767670200,135081,2026-01-06 03:30:00,0,14.0,28.418682,-14.418682098388672,14.418682098388672
122048_1767670200,122048,2026-01-06 03:30:00,0,0.0,4.291958,-4.291957855224609,4.291957855224609
122048_1767670500,122048,2026-01-06 03:35:00,0,0.0,-1.1152687,1.1152687072753906,1.1152687072753906
129964_1767670500,129964,2026-01-06 03:35:00,0,61.0,67.15254,-6.1525421142578125,6.1525421142578125
133957_1767670500,133957,2026-01-06 03:35:00,0,55.0,-12.649544,67.64954376220703,67.64954376220703
134040_1767670500,134040,2026-01-06 03:35:00,0,129.0,204.95074,-75.95074462890625,75.95074462890625
135081_1767670500,135081,2026-01-06 03:35:00,0,63.0,59.194817,3.8051834106445312,3.8051834106445312
132430_1767670500,132430,2026-01-06 03:35:00,0,215.0,185.79222,29.207778930664062,29.207778930664062
135081_1767670800,135081,2026-01-06 03:40:00,0,54.0,31.090508,22.90949249267578,22.90949249267578
129964_1767670800,129964,2026-01-06 03:40:00,0,-16.0,109.49962,-125.49961853027344,125.49961853027344
133957_1767670800,133957,2026-01-06 03:40:00,0,-10.0,-34.818302,24.818302154541016,24.818302154541016
122048_1767670800,122048,2026-01-06 03:40:00,0,0.0,10.543934,-10.543933868408203,10.543933868408203
134040_1767670800,134040,2026-01-06 03:40:00,0,132.0,153.48775,-21.487747192382812,21.487747192382812
132430_1767670800,132430,2026-01-06 03:40:00,0,162.0,183.82164,-21.821640014648438,21.821640014648438
134040_1767671100,134040,2026-01-06 03:45:00,0,60.0,127.09956,-67.09956359863281,67.09956359863281
133957_1767671100,133957,2026-01-06 03:45:00,0,-86.0,-82.017746,-3.9822540283203125,3.9822540283203125
129964_1767671100,129964,2026-01-06 03:45:00,0,-55.0,-58.303814,3.303813934326172,3.303813934326172
132430_1767671100,132430,2026-01-06 03:45:00,0,137.0,132.92883,4.0711669921875,4.0711669921875
122048_1767671100,122048,2026-01-06 03:45:00,0,0.0,13.035301,-13.035301208496094,13.035301208496094
135081_1767671100,135081,2026-01-06 03:45:00,0,45.0,56.355743,-11.355743408203125,11.355743408203125
122048_1767671400,122048,2026-01-06 03:50:00,0,0.0,11.033749,-11.033748626708984,11.033748626708984
129964_1767671400,129964,2026-01-06 03:50:00,0,22.0,61.36052,-39.36051940917969,39.36051940917969
132430_1767671400,132430,2026-01-06 03:50:00,0,244.0,241.4644,2.5355987548828125,2.5355987548828125
134040_1767671400,134040,2026-01-06 03:50:00,0,43.0,104.29134,-61.291343688964844,61.291343688964844
133957_1767671400,133957,2026-01-06 03:50:00,0,-86.0,-67.23004,-18.76995849609375,18.76995849609375
135081_1767671400,135081,2026-01-06 03:50:00,0,84.0,81.137245,2.8627548217773438,2.8627548217773438
135081_1767671700,135081,2026-01-06 03:55:00,0,104.0,51.799385,52.20061492919922,52.20061492919922
132430_1767671700,132430,2026-01-06 03:55:00,0,324.0,331.28635,-7.286346435546875,7.286346435546875
133957_1767671700,133957,2026-01-06 03:55:00,0,-40.0,-50.95428,10.954280853271484,10.954280853271484
134040_1767671700,134040,2026-01-06 03:55:00,0,-29.0,27.56405,-56.56405067443848,56.56405067443848
122048_1767671700,122048,2026-01-06 03:55:00,0,0.0,-7.4905167,7.490516662597656,7.490516662597656
129964_1767671700,129964,2026-01-06 03:55:00,0,-50.0,56.810665,-106.81066513061523,106.81066513061523
135081_1767672000,135081,2026-01-06 04:00:00,0,-33.0,-26.341053,-6.658946990966797,6.658946990966797
132430_1767672000,132430,2026-01-06 04:00:00,0,364.0,310.9827,53.017303466796875,53.017303466796875
129964_1767672000,129964,2026-01-06 04:00:00,0,-7.0,2.1470833,-9.147083282470703,9.147083282470703
133957_1767672000,133957,2026-01-06 04:00:00,0,-29.0,-2.358284,-26.64171600341797,26.64171600341797
135081_1767672300,135081,2026-01-06 04:05:00,0,-40.0,-49.77461,9.774608612060547,9.774608612060547
133957_1767672300,133957,2026-01-06 04:05:00,0,-51.0,-52.857746,1.8577461242675781,1.8577461242675781
122048_1767672300,122048,2026-01-06 04:05:00,0,66.0,41.974625,24.025375366210938,24.025375366210938
132430_1767672300,132430,2026-01-06 04:05:00,0,275.0,288.90186,-13.90185546875,13.90185546875
129964_1767672300,129964,2026-01-06 04:05:00,0,-9.0,-7.547779,-1.4522209167480469,1.4522209167480469
133957_1767672600,133957,2026-01-06 04:10:00,0,-8.0,-60.446148,52.44614791870117,52.44614791870117
135081_1767672600,135081,2026-01-06 04:10:00,0,-145.0,-109.801956,-35.19804382324219,35.19804382324219
122048_1767672600,122048,2026-01-06 04:10:00,0,66.0,185.2148,-119.21479797363281,119.21479797363281
132430_1767672600,132430,2026-01-06 04:10:00,0,322.0,323.9004,-1.900390625,1.900390625
133957_1767672900,133957,2026-01-06 04:15:00,0,-34.0,-48.967937,14.967937469482422,14.967937469482422
122048_1767672900,122048,2026-01-06 04:15:00,0,170.0,137.43846,32.56153869628906,32.56153869628906
132430_1767672900,132430,2026-01-06 04:15:00,0,130.0,166.82353,-36.82353210449219,36.82353210449219
130238_1767672900,130238,2026-01-06 04:15:00,0,-23.0,-19.10249,-3.897510528564453,3.897510528564453
135081_1767672900,135081,2026-01-06 04:15:00,0,-98.0,-82.9234,-15.07659912109375,15.07659912109375
129964_1767672900,129964,2026-01-06 04:15:00,0,-29.0,-66.14186,37.14186096191406,37.14186096191406
129964_1767673200,129964,2026-01-06 04:20:00,0,-57.0,-37.697918,-19.302082061767578,19.302082061767578
130238_1767673200,130238,2026-01-06 04:20:00,0,39.0,140.11418,-101.11418151855469,101.11418151855469
122048_1767673200,122048,2026-01-06 04:20:00,0,41.0,102.850815,-61.85081481933594,61.85081481933594
132430_1767673200,132430,2026-01-06 04:20:00,0,129.0,94.89518,34.104820251464844,34.104820251464844
135081_1767673200,135081,2026-01-06 04:20:00,0,71.0,-13.168514,84.16851425170898,84.16851425170898
129964_1767673500,129964,2026-01-06 04:25:00,0,19.0,25.244352,-6.244352340698242,6.244352340698242
122048_1767673500,122048,2026-01-06 04:25:00,0,25.0,40.298553,-15.298553466796875,15.298553466796875
132430_1767673500,132430,2026-01-06 04:25:00,0,265.0,223.34233,41.65766906738281,41.65766906738281
130238_1767673500,130238,2026-01-06 04:25:00,0,26.0,19.669182,6.330818176269531,6.330818176269531
135081_1767673500,135081,2026-01-06 04:25:00,0,64.0,29.744246,34.255754470825195,34.255754470825195
130238_1767673800,130238,2026-01-06 04:30:00,0,10.0,12.3703,-2.37030029296875,2.37030029296875
131672_1767673800,131672,2026-01-06 04:30:00,0,-73.0,-72.65547,-0.3445281982421875,0.3445281982421875
133957_1767673800,133957,2026-01-06 04:30:00,0,32.0,41.584778,-9.58477783203125,9.58477783203125
129964_1767673800,129964,2026-01-06 04:30:00,0,-15.0,-13.1056595,-1.8943405151367188,1.8943405151367188
135081_1767673800,135081,2026-01-06 04:30:00,0,111.0,80.77434,30.225662231445312,30.225662231445312
129964_1767674100,129964,2026-01-06 04:35:00,0,72.0,98.58075,-26.58074951171875,26.58074951171875
130238_1767674100,130238,2026-01-06 04:35:00,0,131.0,-2.8621826,133.8621826171875,133.8621826171875
135081_1767674100,135081,2026-01-06 04:35:00,0,80.0,50.890907,29.109092712402344,29.109092712402344
131672_1767674100,131672,2026-01-06 04:35:00,0,121.0,112.87329,8.126708984375,8.126708984375
133957_1767674100,133957,2026-01-06 04:35:00,0,43.0,103.39206,-60.392059326171875,60.392059326171875
133957_1767674400,133957,2026-01-06 04:40:00,0,74.0,68.47267,5.5273284912109375,5.5273284912109375
135081_1767674400,135081,2026-01-06 04:40:00,0,122.0,176.20766,-54.20765686035156,54.20765686035156
129964_1767674400,129964,2026-01-06 04:40:00,0,95.0,69.94895,25.051048278808594,25.051048278808594
131672_1767674400,131672,2026-01-06 04:40:00,0,145.0,176.75606,-31.756057739257812,31.756057739257812
130238_1767674400,130238,2026-01-06 04:40:00,0,168.0,45.648712,122.35128784179688,122.35128784179688
130238_1767674700,130238,2026-01-06 04:45:00,0,240.0,154.25087,85.74913024902344,85.74913024902344
131672_1767674700,131672,2026-01-06 04:45:00,0,125.0,140.19649,-15.196487426757812,15.196487426757812
133957_1767674700,133957,2026-01-06 04:45:00,0,171.0,100.660194,70.33980560302734,70.33980560302734
135081_1767674700,135081,2026-01-06 04:45:00,0,94.0,7.872402,86.12759780883789,86.12759780883789
129964_1767674700,129964,2026-01-06 04:45:00,0,46.0,72.55593,-26.555931091308594,26.555931091308594
130238_1767675000,130238,2026-01-06 04:50:00,0,233.0,141.96687,91.03312683105469,91.03312683105469
135081_1767675000,135081,2026-01-06 04:50:00,0,53.0,32.925865,20.074134826660156,20.074134826660156
129964_1767675000,129964,2026-01-06 04:50:00,0,38.0,39.372913,-1.3729133605957031,1.3729133605957031
131672_1767675000,131672,2026-01-06 04:50:00,0,166.0,119.47049,46.529510498046875,46.529510498046875
133300_1767675000,133300,2026-01-06 04:50:00,0,99.0,14.847332,84.15266799926758,84.15266799926758
133957_1767675000,133957,2026-01-06 04:50:00,0,92.0,47.93594,44.06406021118164,44.06406021118164
135081_1767675300,135081,2026-01-06 04:55:00,0,208.0,183.45706,24.542938232421875,24.542938232421875
133300_1767675300,133300,2026-01-06 04:55:00,0,99.0,107.482376,-8.482376098632812,8.482376098632812
131672_1767675300,131672,2026-01-06 04:55:00,0,88.0,57.244034,30.755966186523438,30.755966186523438
129964_1767675300,129964,2026-01-06 04:55:00,0,105.0,38.099495,66.90050506591797,66.90050506591797
133957_1767675300,133957,2026-01-06 04:55:00,0,5.0,35.853844,-30.853843688964844,30.853843688964844
133957_1767675600,133957,2026-01-06 05:00:00,0,-10.0,-28.596203,18.596202850341797,18.596202850341797
122048_1767675600,122048,2026-01-06 05:00:00,0,-68.0,-29.742397,-38.25760269165039,38.25760269165039
133300_1767675600,133300,2026-01-06 05:00:00,0,180.0,213.37523,-33.37522888183594,33.37522888183594
129964_1767675600,129964,2026-01-06 05:00:00,0,46.0,62.20816,-16.208160400390625,16.208160400390625
135081_1767675600,135081,2026-01-06 05:00:00,0,299.0,252.91325,46.08674621582031,46.08674621582031
133300_1767675900,133300,2026-01-06 05:05:00,0,135.0,171.40344,-36.4034423828125,36.4034423828125
122048_1767675900,122048,2026-01-06 05:05:00,0,-86.0,6.7272644,-92.72726440429688,92.72726440429688
129964_1767675900,129964,2026-01-06 05:05:00,0,20.0,66.67004,-46.67003631591797,46.67003631591797
133957_1767675900,133957,2026-01-06 05:05:00,0,-32.0,-20.056507,-11.943492889404297,11.943492889404297
135081_1767675900,135081,2026-01-06 05:05:00,0,224.0,251.37228,-27.372283935546875,27.372283935546875
133300_1767676200,133300,2026-01-06 05:10:00,0,170.0,207.90771,-37.90771484375,37.90771484375
133957_1767676200,133957,2026-01-06 05:10:00,0,95.0,50.70945,44.290550231933594,44.290550231933594
133300_1767676500,133300,2026-01-06 05:15:00,0,169.0,214.61678,-45.61677551269531,45.61677551269531
133300_1767676800,133300,2026-01-06 05:20:00,0,289.0,294.7283,-5.728302001953125,5.728302001953125
133300_1767677400,133300,2026-01-06 05:30:00,0,87.0,99.999,-12.999000549316406,12.999000549316406
130238_1767677400,130238,2026-01-06 05:30:00,0,-50.0,-31.618343,-18.381656646728516,18.381656646728516
134040_1767677400,134040,2026-01-06 05:30:00,0,71.0,116.58685,-45.58685302734375,45.58685302734375
134040_1767677700,134040,2026-01-06 05:35:00,0,174.0,186.6509,-12.650894165039062,12.650894165039062
133300_1767677700,133300,2026-01-06 05:35:00,0,87.0,30.77462,56.225379943847656,56.225379943847656
130238_1767677700,130238,2026-01-06 05:35:00,0,-47.0,-81.77661,34.776611328125,34.776611328125
130238_1767678000,130238,2026-01-06 05:40:00,0,-45.0,-76.60698,31.606979370117188,31.606979370117188
133300_1767678000,133300,2026-01-06 05:40:00,0,108.0,98.1946,9.805397033691406,9.805397033691406
134040_1767678000,134040,2026-01-06 05:40:00,0,-25.0,24.553259,-49.55325889587402,49.55325889587402
133300_1767678300,133300,2026-01-06 05:45:00,0,59.0,59.946167,-0.9461669921875,0.9461669921875
130238_1767678300,130238,2026-01-06 05:45:00,0,-142.0,-177.65068,35.65068054199219,35.65068054199219
133300_1767678600,133300,2026-01-06 05:50:00,0,40.0,102.70473,-62.70472717285156,62.70472717285156
133300_1767678900,133300,2026-01-06 05:55:00,0,-2.0,8.196373,-10.196372985839844,10.196372985839844
130238_1767679500,130238,2026-01-06 06:05:00,0,0.0,-40.109188,40.109188079833984,40.109188079833984
130238_1767679800,130238,2026-01-06 06:10:00,0,0.0,-22.981174,22.98117446899414,22.98117446899414
132430_1767679800,132430,2026-01-06 06:10:00,0,73.0,46.63177,26.368228912353516,26.368228912353516
134040_1767679800,134040,2026-01-06 06:10:00,0,23.0,15.755592,7.244407653808594,7.244407653808594
132430_1767680100,132430,2026-01-06 06:15:00,0,73.0,39.15303,33.84696960449219,33.84696960449219
134040_1767680100,134040,2026-01-06 06:15:00,0,26.0,45.87836,-19.878360748291016,19.878360748291016
130238_1767680100,130238,2026-01-06 06:15:00,0,0.0,-6.6991425,6.6991424560546875,6.6991424560546875
134040_1767680400,134040,2026-01-06 06:20:00,0,-52.0,3.963108,-55.96310806274414,55.96310806274414
130238_1767680400,130238,2026-01-06 06:20:00,0,0.0,-44.489704,44.48970413208008,44.48970413208008
132430_1767680400,132430,2026-01-06 06:20:00,0,-15.0,-12.545353,-2.4546470642089844,2.4546470642089844
134040_1767680700,134040,2026-01-06 06:25:00,0,-87.0,-17.88979,-69.11021041870117,69.11021041870117
132430_1767680700,132430,2026-01-06 06:25:00,0,-42.0,-45.9452,3.945201873779297,3.945201873779297
132430_1767681000,132430,2026-01-06 06:30:00,0,32.0,40.219143,-8.21914291381836,8.21914291381836
122658_1767681000,122658,2026-01-06 06:30:00,0,181.0,219.06384,-38.0638427734375,38.0638427734375
133300_1767681000,133300,2026-01-06 06:30:00,0,12.0,9.309082,2.69091796875,2.69091796875
134040_1767681000,134040,2026-01-06 06:30:00,0,-111.0,-77.159,-33.84100341796875,33.84100341796875
134040_1767681300,134040,2026-01-06 06:35:00,0,-75.0,-80.17851,5.1785125732421875,5.1785125732421875
132430_1767681300,132430,2026-01-06 06:35:00,0,126.0,170.74228,-44.742279052734375,44.742279052734375
133300_1767681300,133300,2026-01-06 06:35:00,0,-61.0,20.047218,-81.0472183227539,81.0472183227539
122658_1767681300,122658,2026-01-06 06:35:00,0,0.0,9.756386,-9.756385803222656,9.756385803222656
132430_1767681600,132430,2026-01-06 06:40:00,0,65.0,63.58525,1.4147491455078125,1.4147491455078125
122658_1767681600,122658,2026-01-06 06:40:00,0,0.0,-11.191635,11.191635131835938,11.191635131835938
131672_1767681900,131672,2026-01-06 06:45:00,0,37.0,1.1898346,35.81016540527344,35.81016540527344
122658_1767681900,122658,2026-01-06 06:45:00,0,0.0,-4.376606,4.376605987548828,4.376605987548828
132430_1767681900,132430,2026-01-06 06:45:00,0,-62.0,-52.098164,-9.901836395263672,9.901836395263672
131672_1767682200,131672,2026-01-06 06:50:00,0,13.0,-0.5964432,13.596443176269531,13.596443176269531
132430_1767682200,132430,2026-01-06 06:50:00,0,-16.0,-30.923374,14.92337417602539,14.92337417602539
122658_1767682200,122658,2026-01-06 06:50:00,0,0.0,10.279324,-10.27932357788086,10.27932357788086
131672_1767682500,131672,2026-01-06 06:55:00,0,16.0,28.470947,-12.470947265625,12.470947265625
122658_1767682500,122658,2026-01-06 06:55:00,0,0.0,2.7381363,-2.7381362915039062,2.7381362915039062
122658_1767682800,122658,2026-01-06 07:00:00,0,0.0,0.52275467,-0.5227546691894531,0.5227546691894531
131672_1767682800,131672,2026-01-06 07:00:00,0,-48.0,-81.50609,33.50608825683594,33.50608825683594
131672_1767683100,131672,2026-01-06 07:05:00,0,-52.0,-85.76529,33.765289306640625,33.765289306640625
122658_1767683100,122658,2026-01-06 07:05:00,0,0.0,-2.015667,2.015666961669922,2.015666961669922
131672_1767683400,131672,2026-01-06 07:10:00,0,-178.0,-237.37703,59.37702941894531,59.37702941894531
122658_1767683400,122658,2026-01-06 07:10:00,0,-11.0,5.618103,-16.61810302734375,16.61810302734375
122658_1767683700,122658,2026-01-06 07:15:00,0,96.0,80.31335,15.686653137207031,15.686653137207031
131672_1767683700,131672,2026-01-06 07:15:00,0,-200.0,-130.98682,-69.01318359375,69.01318359375
122658_1767684000,122658,2026-01-06 07:20:00,0,58.0,89.59294,-31.592941284179688,31.592941284179688
131672_1767684000,131672,2026-01-06 07:20:00,0,-74.0,-76.81183,2.81182861328125,2.81182861328125
122658_1767684300,122658,2026-01-06 07:25:00,0,118.0,37.517258,80.48274230957031,80.48274230957031
131672_1767684300,131672,2026-01-06 07:25:00,0,24.0,-45.723843,69.72384262084961,69.72384262084961
131672_1767684600,131672,2026-01-06 07:30:00,0,-63.0,-26.076496,-36.92350387573242,36.92350387573242
122658_1767684600,122658,2026-01-06 07:30:00,0,97.0,118.89845,-21.898452758789062,21.898452758789062
122658_1767684900,122658,2026-01-06 07:35:00,0,97.0,34.143578,62.856422424316406,62.856422424316406
122658_1767685200,122658,2026-01-06 07:40:00,0,0.0,-6.85133,6.851329803466797,6.851329803466797
122613_1767689700,122613,2026-01-06 08:55:00,0,49.0,31.867167,17.13283348083496,17.13283348083496
122613_1767693600,122613,2026-01-06 10:00:00,0,-180.0,-201.21199,21.211990356445312,21.211990356445312
122613_1767693900,122613,2026-01-06 10:05:00,0,-108.0,-133.44176,25.441757202148438,25.441757202148438
122613_1767694200,122613,2026-01-06 10:10:00,0,-140.0,-145.21262,5.212615966796875,5.212615966796875
122613_1767694500,122613,2026-01-06 10:15:00,0,-70.0,-68.85858,-1.14141845703125,1.14141845703125
122613_1767694800,122613,2026-01-06 10:20:00,0,-38.0,-59.52055,21.520549774169922,21.520549774169922
122613_1767695100,122613,2026-01-06 10:25:00,0,30.0,48.903793,-18.903793334960938,18.903793334960938
122613_1767695400,122613,2026-01-06 10:30:00,0,123.0,80.18785,42.81214904785156,42.81214904785156
122613_1767695700,122613,2026-01-06 10:35:00,0,61.0,70.37945,-9.379447937011719,9.379447937011719
122613_1767696900,122613,2026-01-06 10:55:00,0,0.0,-32.075764,32.07576370239258,32.07576370239258
122613_1767699000,122613,2026-01-06 11:30:00,0,0.0,14.476711,-14.47671127319336,14.47671127319336
130072_1767730200,130072,2026-01-06 20:10:00,0,60.0,38.29705,21.70294952392578,21.70294952392578
130072_1767730500,130072,2026-01-06 20:15:00,0,60.0,43.492413,16.507587432861328,16.507587432861328
130072_1767730800,130072,2026-01-06 20:20:00,0,106.0,55.97056,50.029441833496094,50.029441833496094
130072_1767731100,130072,2026-01-06 20:25:00,0,22.0,57.504093,-35.504093170166016,35.504093170166016
130072_1767731400,130072,2026-01-06 20:30:00,0,49.0,39.496895,9.503105163574219,9.503105163574219
130072_1767731700,130072,2026-01-06 20:35:00,0,78.0,69.971985,8.02801513671875,8.02801513671875
134494_1767738000,134494,2026-01-06 22:20:00,0,0.0,10.03915,-10.03915023803711,10.03915023803711
134494_1767738300,134494,2026-01-06 22:25:00,0,0.0,-3.4363174,3.4363174438476562,3.4363174438476562
134494_1767738600,134494,2026-01-06 22:30:00,0,0.0,-1.0074844,1.0074844360351562,1.0074844360351562
129964_1767676200,129964,2026-01-06 05:10:00,1,91.0,95.26602,-4.266021728515625,4.266021728515625
135081_1767676200,135081,2026-01-06 05:10:00,1,126.0,191.81195,-65.81195068359375,65.81195068359375
122048_1767676200,122048,2026-01-06 05:10:00,1,25.0,-5.26202,30.262020111083984,30.262020111083984
135081_1767676500,135081,2026-01-06 05:15:00,1,-30.0,-26.970066,-3.0299339294433594,3.0299339294433594
122048_1767676500,122048,2026-01-06 05:15:00,1,-41.0,-44.265553,3.265552520751953,3.265552520751953
133957_1767676500,133957,2026-01-06 05:15:00,1,61.0,51.352165,9.647834777832031,9.647834777832031
122048_1767676800,122048,2026-01-06 05:20:00,1,-163.0,-104.033264,-58.96673583984375,58.96673583984375
133957_1767676800,133957,2026-01-06 05:20:00,1,7.0,12.8389015,-5.838901519775391,5.838901519775391
122048_1767677100,122048,2026-01-06 05:25:00,1,-177.0,-188.51534,11.515335083007812,11.515335083007812
133957_1767677100,133957,2026-01-06 05:25:00,1,-94.0,-43.854534,-50.14546585083008,50.14546585083008
122048_1767677400,122048,2026-01-06 05:30:00,1,-65.0,-61.639683,-3.3603172302246094,3.3603172302246094
133957_1767677400,133957,2026-01-06 05:30:00,1,-91.0,-53.155727,-37.84427261352539,37.84427261352539
122048_1767677700,122048,2026-01-06 05:35:00,1,12.0,-6.70121,18.701210021972656,18.701210021972656
122048_1767678000,122048,2026-01-06 05:40:00,1,47.0,17.93554,29.06446075439453,29.06446075439453
122048_1767678300,122048,2026-01-06 05:45:00,1,124.0,-8.157448,132.1574478149414,132.1574478149414
122048_1767678600,122048,2026-01-06 05:50:00,1,172.0,14.032536,157.96746444702148,157.96746444702148
122048_1767678900,122048,2026-01-06 05:55:00,1,140.0,128.13445,11.865554809570312,11.865554809570312
133957_1767679500,133957,2026-01-06 06:05:00,1,49.0,24.73594,24.26405906677246,24.26405906677246
133957_1767679800,133957,2026-01-06 06:10:00,1,71.0,62.88657,8.11343002319336,8.11343002319336
133957_1767680100,133957,2026-01-06 06:15:00,1,111.0,26.78371,84.21628952026367,84.21628952026367
133957_1767680400,133957,2026-01-06 06:20:00,1,18.0,2.4441528,15.55584716796875,15.55584716796875
129964_1767680400,129964,2026-01-06 06:20:00,1,-51.0,7.426571,-58.426570892333984,58.426570892333984
133957_1767680700,133957,2026-01-06 06:25:00,1,39.0,-5.0733986,44.07339859008789,44.07339859008789
130238_1767680700,130238,2026-01-06 06:25:00,1,0.0,10.055515,-10.05551528930664,10.05551528930664
129964_1767680700,129964,2026-01-06 06:25:00,1,-106.0,10.848194,-116.84819412231445,116.84819412231445
133957_1767681000,133957,2026-01-06 06:30:00,1,-30.0,-19.637661,-10.36233901977539,10.36233901977539
129964_1767681000,129964,2026-01-06 06:30:00,1,7.0,23.70785,-16.707849502563477,16.707849502563477
130238_1767681000,130238,2026-01-06 06:30:00,1,0.0,7.3790474,-7.379047393798828,7.379047393798828
129964_1767681300,129964,2026-01-06 06:35:00,1,47.0,27.98786,19.01214027404785,19.01214027404785
130238_1767681300,130238,2026-01-06 06:35:00,1,0.0,22.79863,-22.798629760742188,22.798629760742188
133957_1767681300,133957,2026-01-06 06:35:00,1,-59.0,-29.606632,-29.393367767333984,29.393367767333984
130238_1767681600,130238,2026-01-06 06:40:00,1,0.0,-3.9932137,3.993213653564453,3.993213653564453
133300_1767681600,133300,2026-01-06 06:40:00,1,159.0,103.64641,55.35359191894531,55.35359191894531
134040_1767681600,134040,2026-01-06 06:40:00,1,1.0,-54.350903,55.35090255737305,55.35090255737305
133957_1767681600,133957,2026-01-06 06:40:00,1,-30.0,5.6934814,-35.6934814453125,35.6934814453125
129964_1767681600,129964,2026-01-06 06:40:00,1,39.0,58.730923,-19.73092269897461,19.73092269897461
133300_1767681900,133300,2026-01-06 06:45:00,1,79.0,59.388447,19.611553192138672,19.611553192138672
130238_1767681900,130238,2026-01-06 06:45:00,1,0.0,2.794571,-2.7945709228515625,2.7945709228515625
134040_1767681900,134040,2026-01-06 06:45:00,1,-38.0,-15.732067,-22.267932891845703,22.267932891845703
129964_1767681900,129964,2026-01-06 06:45:00,1,148.0,89.63476,58.36524200439453,58.36524200439453
133957_1767681900,133957,2026-01-06 06:45:00,1,-58.0,-28.35223,-29.647769927978516,29.647769927978516
133957_1767682200,133957,2026-01-06 06:50:00,1,-19.0,-27.191494,8.19149398803711,8.19149398803711
133300_1767682200,133300,2026-01-06 06:50:00,1,79.0,91.83339,-12.833389282226562,12.833389282226562
134040_1767682200,134040,2026-01-06 06:50:00,1,-71.0,-48.04948,-22.950519561767578,22.950519561767578
129964_1767682200,129964,2026-01-06 06:50:00,1,188.0,217.46312,-29.463119506835938,29.463119506835938
129964_1767682500,129964,2026-01-06 06:55:00,1,84.0,23.09424,60.90575981140137,60.90575981140137
132430_1767682500,132430,2026-01-06 06:55:00,1,248.0,222.9007,25.09930419921875,25.09930419921875
133300_1767682500,133300,2026-01-06 06:55:00,1,173.0,145.0536,27.946395874023438,27.946395874023438
133957_1767682500,133957,2026-01-06 06:55:00,1,-45.0,-41.959034,-3.040966033935547,3.040966033935547
134040_1767682500,134040,2026-01-06 06:55:00,1,46.0,5.7974205,40.202579498291016,40.202579498291016
133957_1767682800,133957,2026-01-06 07:00:00,1,-74.0,-73.77037,-0.2296295166015625,0.2296295166015625
132430_1767682800,132430,2026-01-06 07:00:00,1,267.0,285.2163,-18.21630859375,18.21630859375
133300_1767682800,133300,2026-01-06 07:00:00,1,135.0,63.652344,71.34765625,71.34765625
129964_1767682800,129964,2026-01-06 07:00:00,1,70.0,87.44563,-17.445632934570312,17.445632934570312
133957_1767683100,133957,2026-01-06 07:05:00,1,-8.0,-17.917736,9.917736053466797,9.917736053466797
133300_1767683100,133300,2026-01-06 07:05:00,1,169.0,169.1459,-0.145904541015625,0.145904541015625
132430_1767683100,132430,2026-01-06 07:05:00,1,408.0,315.47678,92.52322387695312,92.52322387695312
129964_1767683100,129964,2026-01-06 07:05:00,1,154.0,194.26015,-40.26014709472656,40.26014709472656
129964_1767683400,129964,2026-01-06 07:10:00,1,81.0,119.920654,-38.920654296875,38.920654296875
132430_1767683400,132430,2026-01-06 07:10:00,1,270.0,280.8178,-10.81781005859375,10.81781005859375
133300_1767683400,133300,2026-01-06 07:10:00,1,166.0,124.28645,41.71354675292969,41.71354675292969
129964_1767683700,129964,2026-01-06 07:15:00,1,145.0,133.98676,11.01324462890625,11.01324462890625
133300_1767683700,133300,2026-01-06 07:15:00,1,240.0,280.4241,-40.424102783203125,40.424102783203125
133957_1767683700,133957,2026-01-06 07:15:00,1,10.0,5.1799355,4.820064544677734,4.820064544677734
132430_1767683700,132430,2026-01-06 07:15:00,1,163.0,134.13876,28.861236572265625,28.861236572265625
133957_1767684000,133957,2026-01-06 07:20:00,1,33.0,51.005352,-18.005352020263672,18.005352020263672
133300_1767684000,133300,2026-01-06 07:20:00,1,116.0,123.75018,-7.75018310546875,7.75018310546875
129964_1767684000,129964,2026-01-06 07:20:00,1,134.0,191.77211,-57.77210998535156,57.77210998535156
132430_1767684000,132430,2026-01-06 07:20:00,1,246.0,141.72964,104.27035522460938,104.27035522460938
133300_1767684300,133300,2026-01-06 07:25:00,1,116.0,128.92952,-12.929519653320312,12.929519653320312
132430_1767684300,132430,2026-01-06 07:25:00,1,230.0,253.569,-23.569000244140625,23.569000244140625
130238_1767684300,130238,2026-01-06 07:25:00,1,16.0,29.494585,-13.494585037231445,13.494585037231445
133957_1767684300,133957,2026-01-06 07:25:00,1,71.0,83.285614,-12.285614013671875,12.285614013671875
129964_1767684600,129964,2026-01-06 07:30:00,1,-29.0,-33.35912,4.359119415283203,4.359119415283203
135081_1767684600,135081,2026-01-06 07:30:00,1,-78.0,-114.549164,36.549163818359375,36.549163818359375
132430_1767684600,132430,2026-01-06 07:30:00,1,215.0,159.80933,55.190673828125,55.190673828125
122048_1767684600,122048,2026-01-06 07:30:00,1,350.0,365.909,-15.90899658203125,15.90899658203125
133300_1767684600,133300,2026-01-06 07:30:00,1,214.0,212.38316,1.6168365478515625,1.6168365478515625
131672_1767684900,131672,2026-01-06 07:35:00,1,-96.0,-76.54486,-19.45513916015625,19.45513916015625
135081_1767684900,135081,2026-01-06 07:35:00,1,-28.0,-89.614,61.61399841308594,61.61399841308594
122048_1767684900,122048,2026-01-06 07:35:00,1,304.0,301.79236,2.2076416015625,2.2076416015625
129964_1767684900,129964,2026-01-06 07:35:00,1,-70.0,-29.281544,-40.71845626831055,40.71845626831055
132430_1767684900,132430,2026-01-06 07:35:00,1,183.0,207.77893,-24.7789306640625,24.7789306640625
133300_1767684900,133300,2026-01-06 07:35:00,1,244.0,196.68912,47.310882568359375,47.310882568359375
135081_1767685200,135081,2026-01-06 07:40:00,1,59.0,99.753494,-40.75349426269531,40.75349426269531
122048_1767685200,122048,2026-01-06 07:40:00,1,183.0,233.20988,-50.20988464355469,50.20988464355469
133300_1767685200,133300,2026-01-06 07:40:00,1,255.0,227.29962,27.70037841796875,27.70037841796875
131672_1767685200,131672,2026-01-06 07:40:00,1,-126.0,-99.44592,-26.5540771484375,26.5540771484375
129964_1767685200,129964,2026-01-06 07:40:00,1,-34.0,-41.875942,7.875942230224609,7.875942230224609
122048_1767685500,122048,2026-01-06 07:45:00,1,141.0,173.60146,-32.60145568847656,32.60145568847656
129964_1767685500,129964,2026-01-06 07:45:00,1,-4.0,-1.8439102,-2.1560897827148438,2.1560897827148438
132430_1767685500,132430,2026-01-06 07:45:00,1,167.0,132.95085,34.04914855957031,34.04914855957031
135081_1767685500,135081,2026-01-06 07:45:00,1,275.0,199.98997,75.01002502441406,75.01002502441406
122658_1767685500,122658,2026-01-06 07:45:00,1,0.0,-11.749897,11.749897003173828,11.749897003173828
133300_1767685500,133300,2026-01-06 07:45:00,1,286.0,228.24916,57.75083923339844,57.75083923339844
135081_1767685800,135081,2026-01-06 07:50:00,1,288.0,228.80078,59.19921875,59.19921875
133300_1767685800,133300,2026-01-06 07:50:00,1,404.0,405.22336,-1.223358154296875,1.223358154296875
132430_1767685800,132430,2026-01-06 07:50:00,1,64.0,73.68338,-9.683380126953125,9.683380126953125
129964_1767685800,129964,2026-01-06 07:50:00,1,17.0,66.966324,-49.96632385253906,49.96632385253906
122048_1767685800,122048,2026-01-06 07:50:00,1,45.0,80.51116,-35.51116180419922,35.51116180419922
122658_1767685800,122658,2026-01-06 07:50:00,1,0.0,8.195282,-8.195281982421875,8.195281982421875
135081_1767686100,135081,2026-01-06 07:55:00,1,247.0,232.70029,14.299713134765625,14.299713134765625
132430_1767686100,132430,2026-01-06 07:55:00,1,53.0,12.035442,40.96455764770508,40.96455764770508
122048_1767686100,122048,2026-01-06 07:55:00,1,-35.0,6.930538,-41.930538177490234,41.930538177490234
122658_1767686100,122658,2026-01-06 07:55:00,1,0.0,-12.90123,12.901229858398438,12.901229858398438
129964_1767686100,129964,2026-01-06 07:55:00,1,162.0,99.50696,62.4930419921875,62.4930419921875
132430_1767686400,132430,2026-01-06 08:00:00,1,30.0,46.05315,-16.053150177001953,16.053150177001953
130238_1767686400,130238,2026-01-06 08:00:00,1,107.0,146.70651,-39.706512451171875,39.706512451171875
129964_1767686400,129964,2026-01-06 08:00:00,1,97.0,61.958344,35.041656494140625,35.041656494140625
122048_1767686400,122048,2026-01-06 08:00:00,1,-43.0,16.449642,-59.449642181396484,59.449642181396484
130238_1767686700,130238,2026-01-06 08:05:00,1,1.0,92.898315,-91.8983154296875,91.8983154296875
122048_1767686700,122048,2026-01-06 08:05:00,1,-49.0,26.967617,-75.96761703491211,75.96761703491211
132430_1767686700,132430,2026-01-06 08:05:00,1,53.0,73.4327,-20.432701110839844,20.432701110839844
129964_1767686700,129964,2026-01-06 08:05:00,1,64.0,46.776703,17.223297119140625,17.223297119140625
122048_1767687000,122048,2026-01-06 08:10:00,1,104.0,148.19695,-44.19694519042969,44.19694519042969
132430_1767687000,132430,2026-01-06 08:10:00,1,42.0,-0.36118698,42.36118698120117,42.36118698120117
129964_1767687000,129964,2026-01-06 08:10:00,1,42.0,118.057236,-76.05723571777344,76.05723571777344
132430_1767687300,132430,2026-01-06 08:15:00,1,-108.0,-101.275894,-6.7241058349609375,6.7241058349609375
122048_1767687300,122048,2026-01-06 08:15:00,1,99.0,132.11206,-33.112060546875,33.112060546875
129964_1767687300,129964,2026-01-06 08:15:00,1,108.0,95.26596,12.734039306640625,12.734039306640625
132430_1767687600,132430,2026-01-06 08:20:00,1,-132.0,-166.55885,34.55885314941406,34.55885314941406
122048_1767687600,122048,2026-01-06 08:20:00,1,49.0,2.2146187,46.78538131713867,46.78538131713867
129964_1767687600,129964,2026-01-06 08:20:00,1,8.0,-35.55839,43.55839157104492,43.55839157104492
132430_1767687900,132430,2026-01-06 08:25:00,1,-101.0,-73.710724,-27.289276123046875,27.289276123046875
122048_1767687900,122048,2026-01-06 08:25:00,1,80.0,102.13553,-22.135528564453125,22.135528564453125
122658_1767688200,122658,2026-01-06 08:30:00,1,137.0,38.99231,98.0076904296875,98.0076904296875
131672_1767688200,131672,2026-01-06 08:30:00,1,16.0,22.253677,-6.2536773681640625,6.2536773681640625
130238_1767688200,130238,2026-01-06 08:30:00,1,27.0,48.85148,-21.851478576660156,21.851478576660156
132430_1767688200,132430,2026-01-06 08:30:00,1,194.0,237.32518,-43.32518005371094,43.32518005371094
122048_1767688200,122048,2026-01-06 08:30:00,1,68.0,-14.745464,82.74546432495117,82.74546432495117
134040_1767688200,134040,2026-01-06 08:30:00,1,154.0,98.55289,55.447113037109375,55.447113037109375
122048_1767688500,122048,2026-01-06 08:35:00,1,49.0,89.41896,-40.41896057128906,40.41896057128906
122658_1767688500,122658,2026-01-06 08:35:00,1,-33.0,-23.798382,-9.201618194580078,9.201618194580078
134040_1767688500,134040,2026-01-06 08:35:00,1,141.0,198.96878,-57.968780517578125,57.968780517578125
131672_1767688500,131672,2026-01-06 08:35:00,1,20.0,29.44295,-9.442949295043945,9.442949295043945
130238_1767688500,130238,2026-01-06 08:35:00,1,-8.0,-7.3853683,-0.6146316528320312,0.6146316528320312
132430_1767688500,132430,2026-01-06 08:35:00,1,268.0,315.66135,-47.661346435546875,47.661346435546875
122048_1767688800,122048,2026-01-06 08:40:00,1,76.0,121.66333,-45.663330078125,45.663330078125
134040_1767688800,134040,2026-01-06 08:40:00,1,128.0,171.51195,-43.51194763183594,43.51194763183594
132430_1767688800,132430,2026-01-06 08:40:00,1,284.0,318.76117,-34.76116943359375,34.76116943359375
131672_1767688800,131672,2026-01-06 08:40:00,1,-17.0,-13.830772,-3.1692276000976562,3.1692276000976562
122658_1767688800,122658,2026-01-06 08:40:00,1,-34.0,-15.9871025,-18.012897491455078,18.012897491455078
130238_1767688800,130238,2026-01-06 08:40:00,1,-92.0,-47.96845,-44.031551361083984,44.031551361083984
131672_1767689100,131672,2026-01-06 08:45:00,1,17.0,6.6355057,10.364494323730469,10.364494323730469
122658_1767689100,122658,2026-01-06 08:45:00,1,-34.0,-42.72694,8.726940155029297,8.726940155029297
134040_1767689100,134040,2026-01-06 08:45:00,1,26.0,62.10015,-36.10015106201172,36.10015106201172
122048_1767689100,122048,2026-01-06 08:45:00,1,94.0,7.5338173,86.46618270874023,86.46618270874023
132430_1767689100,132430,2026-01-06 08:45:00,1,163.0,142.43852,20.561477661132812,20.561477661132812
130238_1767689100,130238,2026-01-06 08:45:00,1,-120.0,-122.61363,2.6136322021484375,2.6136322021484375
122658_1767689400,122658,2026-01-06 08:50:00,1,-34.0,-26.398869,-7.601131439208984,7.601131439208984
131672_1767689400,131672,2026-01-06 08:50:00,1,-72.0,-100.99637,28.996368408203125,28.996368408203125
130238_1767689400,130238,2026-01-06 08:50:00,1,37.0,50.42375,-13.423751831054688,13.423751831054688
134040_1767689400,134040,2026-01-06 08:50:00,1,94.0,67.27132,26.728683471679688,26.728683471679688
132430_1767689400,132430,2026-01-06 08:50:00,1,85.0,128.37578,-43.37577819824219,43.37577819824219
122048_1767689400,122048,2026-01-06 08:50:00,1,121.0,111.01027,9.989730834960938,9.989730834960938
130238_1767689700,130238,2026-01-06 08:55:00,1,57.0,6.390751,50.609249114990234,50.609249114990234
122658_1767689700,122658,2026-01-06 08:55:00,1,-34.0,-17.392277,-16.607723236083984,16.607723236083984
122048_1767689700,122048,2026-01-06 08:55:00,1,116.0,75.292145,40.707855224609375,40.707855224609375
132430_1767689700,132430,2026-01-06 08:55:00,1,7.0,57.645157,-50.64515686035156,50.64515686035156
134040_1767689700,134040,2026-01-06 08:55:00,1,46.0,78.23888,-32.23887634277344,32.23887634277344
131672_1767689700,131672,2026-01-06 08:55:00,1,-222.0,-132.08098,-89.91902160644531,89.91902160644531
122048_1767690000,122048,2026-01-06 09:00:00,1,73.0,2.9335098,70.06649017333984,70.06649017333984
134040_1767690000,134040,2026-01-06 09:00:00,1,159.0,65.83301,93.1669921875,93.1669921875
122658_1767690000,122658,2026-01-06 09:00:00,1,-34.0,-17.01353,-16.986469268798828,16.986469268798828
131672_1767690000,131672,2026-01-06 09:00:00,1,-208.0,-214.57397,6.573974609375,6.573974609375
130238_1767690000,130238,2026-01-06 09:00:00,1,40.0,35.713245,4.286754608154297,4.286754608154297
133957_1767690000,133957,2026-01-06 09:00:00,1,-116.0,-46.71179,-69.28821182250977,69.28821182250977
130238_1767690300,130238,2026-01-06 09:05:00,1,49.0,67.12236,-18.122360229492188,18.122360229492188
122658_1767690300,122658,2026-01-06 09:05:00,1,-34.0,-45.201633,11.20163345336914,11.20163345336914
134040_1767690300,134040,2026-01-06 09:05:00,1,-28.0,-42.21835,14.21834945678711,14.21834945678711
131672_1767690300,131672,2026-01-06 09:05:00,1,-157.0,-205.43855,48.43855285644531,48.43855285644531
133957_1767690300,133957,2026-01-06 09:05:00,1,-68.0,-101.26315,33.263153076171875,33.263153076171875
131672_1767690600,131672,2026-01-06 09:10:00,1,-39.0,-33.91869,-5.081310272216797,5.081310272216797
122658_1767690600,122658,2026-01-06 09:10:00,1,-34.0,-33.623432,-0.3765678405761719,0.3765678405761719
133957_1767690600,133957,2026-01-06 09:10:00,1,-88.0,-91.982925,3.9829254150390625,3.9829254150390625
122658_1767690900,122658,2026-01-06 09:15:00,1,-34.0,-31.73666,-2.2633399963378906,2.2633399963378906
133957_1767690900,133957,2026-01-06 09:15:00,1,-111.0,-72.46585,-38.534149169921875,38.534149169921875
131672_1767690900,131672,2026-01-06 09:15:00,1,-68.0,-60.38342,-7.616580963134766,7.616580963134766
131672_1767691200,131672,2026-01-06 09:20:00,1,-65.0,-88.93324,23.933242797851562,23.933242797851562
133957_1767691200,133957,2026-01-06 09:20:00,1,9.0,22.181639,-13.181638717651367,13.181638717651367
131672_1767691500,131672,2026-01-06 09:25:00,1,-10.0,-141.66495,131.66494750976562,131.66494750976562
133957_1767691800,133957,2026-01-06 09:30:00,1,48.0,59.447285,-11.447284698486328,11.447284698486328
133957_1767692100,133957,2026-01-06 09:35:00,1,50.0,21.69773,28.302270889282227,28.302270889282227
133957_1767692400,133957,2026-01-06 09:40:00,1,223.0,107.164215,115.83578491210938,115.83578491210938
133957_1767692700,133957,2026-01-06 09:45:00,1,191.0,145.99342,45.00657653808594,45.00657653808594
132430_1767693300,132430,2026-01-06 09:55:00,1,132.0,102.018585,29.981414794921875,29.981414794921875
132430_1767693600,132430,2026-01-06 10:00:00,1,132.0,116.68588,15.314117431640625,15.314117431640625
132430_1767693900,132430,2026-01-06 10:05:00,1,33.0,53.29782,-20.297821044921875,20.297821044921875
132430_1767694200,132430,2026-01-06 10:10:00,1,90.0,92.82248,-2.822479248046875,2.822479248046875
132430_1767694500,132430,2026-01-06 10:15:00,1,144.0,147.30302,-3.3030242919921875,3.3030242919921875
132430_1767694800,132430,2026-01-06 10:20:00,1,233.0,163.31076,69.68923950195312,69.68923950195312
132430_1767695100,132430,2026-01-06 10:25:00,1,116.0,73.12362,42.876380920410156,42.876380920410156
135081_1767697800,135081,2026-01-06 11:10:00,1,77.0,64.28561,12.714393615722656,12.714393615722656
135081_1767698100,135081,2026-01-06 11:15:00,1,95.0,64.859726,30.140274047851562,30.140274047851562
131672_1767698100,131672,2026-01-06 11:15:00,1,27.0,17.899292,9.1007080078125,9.1007080078125
135081_1767698400,135081,2026-01-06 11:20:00,1,135.0,56.685043,78.31495666503906,78.31495666503906
135081_1767698700,135081,2026-01-06 11:25:00,1,126.0,55.439274,70.56072616577148,70.56072616577148
135081_1767699000,135081,2026-01-06 11:30:00,1,28.0,112.39183,-84.39183044433594,84.39183044433594
122613_1767699300,122613,2026-01-06 11:35:00,1,0.0,19.517275,-19.517274856567383,19.517274856567383
135081_1767699300,135081,2026-01-06 11:35:00,1,45.0,108.79416,-63.794158935546875,63.794158935546875
135081_1767699600,135081,2026-01-06 11:40:00,1,55.0,24.746552,30.253448486328125,30.253448486328125
122613_1767699600,122613,2026-01-06 11:40:00,1,-145.0,-8.793514,-136.20648574829102,136.20648574829102
135081_1767699900,135081,2026-01-06 11:45:00,1,36.0,-50.94981,86.94981002807617,86.94981002807617
122613_1767699900,122613,2026-01-06 11:45:00,1,-230.0,-257.5874,27.58740234375,27.58740234375
135081_1767700200,135081,2026-01-06 11:50:00,1,-24.0,-81.203094,57.203094482421875,57.203094482421875
122613_1767700200,122613,2026-01-06 11:50:00,1,-116.0,-78.38895,-37.611053466796875,37.611053466796875
122613_1767700500,122613,2026-01-06 11:55:00,1,-79.0,-24.786434,-54.213565826416016,54.213565826416016
135081_1767700500,135081,2026-01-06 11:55:00,1,-98.0,-192.06244,94.06243896484375,94.06243896484375
122613_1767700800,122613,2026-01-06 12:00:00,1,-50.0,-8.081734,-41.91826629638672,41.91826629638672
122658_1767700800,122658,2026-01-06 12:00:00,1,143.0,214.92107,-71.92106628417969,71.92106628417969
122613_1767701100,122613,2026-01-06 12:05:00,1,-155.0,-174.764,19.764007568359375,19.764007568359375
122613_1767701400,122613,2026-01-06 12:10:00,1,-175.0,-201.84045,26.8404541015625,26.8404541015625
122613_1767701700,122613,2026-01-06 12:15:00,1,-47.0,-74.59303,27.593032836914062,27.593032836914062
122613_1767702000,122613,2026-01-06 12:20:00,1,-61.0,-12.9810295,-48.01897048950195,48.01897048950195
122613_1767702300,122613,2026-01-06 12:25:00,1,66.0,51.482403,14.517597198486328,14.517597198486328
135081_1767702600,135081,2026-01-06 12:30:00,1,-131.0,-135.99536,4.995361328125,4.995361328125
135081_1767702900,135081,2026-01-06 12:35:00,1,-144.0,-129.64859,-14.351409912109375,14.351409912109375
134040_1767703200,134040,2026-01-06 12:40:00,1,-35.0,-116.7095,81.70950317382812,81.70950317382812
134040_1767703500,134040,2026-01-06 12:45:00,1,-35.0,-61.930637,26.93063735961914,26.93063735961914
134040_1767703800,134040,2026-01-06 12:50:00,1,52.0,53.60477,-1.6047706604003906,1.6047706604003906
134040_1767704100,134040,2026-01-06 12:55:00,1,87.0,80.98609,6.013908386230469,6.013908386230469
134040_1767704400,134040,2026-01-06 13:00:00,1,91.0,94.92185,-3.9218521118164062,3.9218521118164062
130072_1767732000,130072,2026-01-06 20:40:00,1,158.0,130.11694,27.883056640625,27.883056640625
130072_1767732300,130072,2026-01-06 20:45:00,1,161.0,152.90013,8.099868774414062,8.099868774414062
130072_1767732600,130072,2026-01-06 20:50:00,1,226.0,170.90382,55.09617614746094,55.09617614746094
130072_1767732900,130072,2026-01-06 20:55:00,1,187.0,185.09041,1.9095916748046875,1.9095916748046875
130072_1767733200,130072,2026-01-06 21:00:00,1,125.0,113.35698,11.643020629882812,11.643020629882812
130072_1767733500,130072,2026-01-06 21:05:00,1,125.0,124.20836,0.7916412353515625,0.7916412353515625
134494_1767738900,134494,2026-01-06 22:35:00,1,0.0,4.3815536,-4.381553649902344,4.381553649902344
134494_1767739200,134494,2026-01-06 22:40:00,1,0.0,2.3196564,-2.3196563720703125,2.3196563720703125
134494_1767739500,134494,2026-01-06 22:45:00,1,0.0,1.325367,-1.3253669738769531,1.3253669738769531
133300_1767686400,133300,2026-01-06 08:00:00,2,-26.0,4.498287,-30.498287200927734,30.498287200927734
129964_1767687900,129964,2026-01-06 08:25:00,2,95.0,11.739899,83.26010131835938,83.26010131835938
133300_1767689400,133300,2026-01-06 08:50:00,2,9.0,53.184784,-44.184783935546875,44.184783935546875
133300_1767689700,133300,2026-01-06 08:55:00,2,9.0,45.726105,-36.726104736328125,36.726104736328125
129964_1767690000,129964,2026-01-06 09:00:00,2,65.0,11.627979,53.37202072143555,53.37202072143555
133300_1767690000,133300,2026-01-06 09:00:00,2,68.0,62.982086,5.017913818359375,5.017913818359375
122048_1767690300,122048,2026-01-06 09:05:00,2,-33.0,-54.112988,21.112987518310547,21.112987518310547
129964_1767690300,129964,2026-01-06 09:05:00,2,66.0,64.6518,1.3481979370117188,1.3481979370117188
133300_1767690300,133300,2026-01-06 09:05:00,2,69.0,74.06174,-5.061737060546875,5.061737060546875
130238_1767690600,130238,2026-01-06 09:10:00,2,57.0,158.36212,-101.36212158203125,101.36212158203125
133300_1767690600,133300,2026-01-06 09:10:00,2,59.0,53.793755,5.206245422363281,5.206245422363281
129964_1767690600,129964,2026-01-06 09:10:00,2,79.0,65.96106,13.0389404296875,13.0389404296875
133300_1767690900,133300,2026-01-06 09:15:00,2,62.0,53.70384,8.296161651611328,8.296161651611328
129964_1767690900,129964,2026-01-06 09:15:00,2,58.0,45.985382,12.014617919921875,12.014617919921875
129964_1767691200,129964,2026-01-06 09:20:00,2,64.0,-8.330856,72.33085632324219,72.33085632324219
130238_1767691200,130238,2026-01-06 09:20:00,2,0.0,-15.422527,15.422527313232422,15.422527313232422
133300_1767691200,133300,2026-01-06 09:20:00,2,135.0,96.13495,38.86505126953125,38.86505126953125
129964_1767691500,129964,2026-01-06 09:25:00,2,94.0,63.7231,30.276901245117188,30.276901245117188
130238_1767691500,130238,2026-01-06 09:25:00,2,0.0,-27.44598,27.445980072021484,27.445980072021484
129964_1767691800,129964,2026-01-06 09:30:00,2,42.0,48.961807,-6.9618072509765625,6.9618072509765625
122048_1767691800,122048,2026-01-06 09:30:00,2,233.0,228.73627,4.26373291015625,4.26373291015625
130238_1767691800,130238,2026-01-06 09:30:00,2,0.0,28.963493,-28.96349334716797,28.96349334716797
130238_1767692100,130238,2026-01-06 09:35:00,2,0.0,-4.720562,4.720561981201172,4.720561981201172
129964_1767692100,129964,2026-01-06 09:35:00,2,16.0,27.491858,-11.491857528686523,11.491857528686523
122048_1767692100,122048,2026-01-06 09:35:00,2,200.0,215.27191,-15.27191162109375,15.27191162109375
129964_1767692400,129964,2026-01-06 09:40:00,2,106.0,38.126762,67.87323760986328,67.87323760986328
130238_1767692400,130238,2026-01-06 09:40:00,2,0.0,18.677197,-18.677196502685547,18.677196502685547
122048_1767692400,122048,2026-01-06 09:40:00,2,91.0,-48.53465,139.53464889526367,139.53464889526367
130238_1767692700,130238,2026-01-06 09:45:00,2,0.0,7.322918,-7.322917938232422,7.322917938232422
122048_1767692700,122048,2026-01-06 09:45:00,2,-63.0,-92.03198,29.031982421875,29.031982421875
130238_1767693000,130238,2026-01-06 09:50:00,2,0.0,-12.435883,12.435882568359375,12.435882568359375
122048_1767693000,122048,2026-01-06 09:50:00,2,-67.0,-83.86194,16.8619384765625,16.8619384765625
133957_1767693000,133957,2026-01-06 09:50:00,2,80.0,92.69217,-12.692169189453125,12.692169189453125
130238_1767693300,130238,2026-01-06 09:55:00,2,0.0,-33.90437,33.90436935424805,33.90436935424805
133957_1767693300,133957,2026-01-06 09:55:00,2,23.0,10.572517,12.427482604980469,12.427482604980469
122048_1767693300,122048,2026-01-06 09:55:00,2,-115.0,-90.156784,-24.843215942382812,24.843215942382812
122048_1767693600,122048,2026-01-06 10:00:00,2,-142.0,-76.90874,-65.09126281738281,65.09126281738281
133300_1767693600,133300,2026-01-06 10:00:00,2,168.0,151.45639,16.543609619140625,16.543609619140625
133957_1767693600,133957,2026-01-06 10:00:00,2,-24.0,18.754347,-42.75434684753418,42.75434684753418
122048_1767693900,122048,2026-01-06 10:05:00,2,-110.0,-89.806885,-20.193115234375,20.193115234375
133957_1767693900,133957,2026-01-06 10:05:00,2,13.0,-47.84511,60.84511184692383,60.84511184692383
133300_1767694200,133300,2026-01-06 10:10:00,2,-63.0,-62.293797,-0.7062034606933594,0.7062034606933594
122048_1767694200,122048,2026-01-06 10:10:00,2,-50.0,-91.977295,41.977294921875,41.977294921875
133957_1767694200,133957,2026-01-06 10:10:00,2,21.0,5.836773,15.163227081298828,15.163227081298828
133957_1767694500,133957,2026-01-06 10:15:00,2,-22.0,-31.233204,9.233203887939453,9.233203887939453
122048_1767694500,122048,2026-01-06 10:15:00,2,-184.0,-143.98143,-40.01856994628906,40.01856994628906
133300_1767694500,133300,2026-01-06 10:15:00,2,-63.0,-40.26842,-22.731578826904297,22.731578826904297
133957_1767694800,133957,2026-01-06 10:20:00,2,24.0,-12.63483,36.634830474853516,36.634830474853516
122048_1767694800,122048,2026-01-06 10:20:00,2,-250.0,-209.64127,-40.358734130859375,40.358734130859375
133300_1767694800,133300,2026-01-06 10:20:00,2,54.0,30.666693,23.33330726623535,23.33330726623535
122048_1767695100,122048,2026-01-06 10:25:00,2,-359.0,-275.34048,-83.65951538085938,83.65951538085938
133300_1767695100,133300,2026-01-06 10:25:00,2,90.0,-6.2070656,96.20706558227539,96.20706558227539
133957_1767695100,133957,2026-01-06 10:25:00,2,-17.0,-50.12431,33.12430953979492,33.12430953979492
132430_1767695400,132430,2026-01-06 10:30:00,2,26.0,16.026726,9.973274230957031,9.973274230957031
129964_1767695400,129964,2026-01-06 10:30:00,2,-51.0,15.22002,-66.22002029418945,66.22002029418945
130238_1767695400,130238,2026-01-06 10:30:00,2,-12.0,46.51079,-58.51079177856445,58.51079177856445
133957_1767695400,133957,2026-01-06 10:30:00,2,28.0,8.431591,19.568408966064453,19.568408966064453
129964_1767695700,129964,2026-01-06 10:35:00,2,-51.0,8.410419,-59.41041946411133,59.41041946411133
132430_1767695700,132430,2026-01-06 10:35:00,2,30.0,10.570469,19.42953109741211,19.42953109741211
130238_1767695700,130238,2026-01-06 10:35:00,2,2.0,56.652214,-54.65221405029297,54.65221405029297
129964_1767696000,129964,2026-01-06 10:40:00,2,-11.0,47.216747,-58.21674728393555,58.21674728393555
133957_1767696000,133957,2026-01-06 10:40:00,2,138.0,83.38945,54.61054992675781,54.61054992675781
132430_1767696000,132430,2026-01-06 10:40:00,2,-71.0,163.02353,-234.02352905273438,234.02352905273438
130238_1767696000,130238,2026-01-06 10:40:00,2,-34.0,-16.946026,-17.053974151611328,17.053974151611328
132430_1767696300,132430,2026-01-06 10:45:00,2,221.0,213.54501,7.454986572265625,7.454986572265625
129964_1767696300,129964,2026-01-06 10:45:00,2,73.0,125.6035,-52.60350036621094,52.60350036621094
133957_1767696300,133957,2026-01-06 10:45:00,2,156.0,154.5055,1.4945068359375,1.4945068359375
130238_1767696300,130238,2026-01-06 10:45:00,2,10.0,49.9882,-39.98820114135742,39.98820114135742
132430_1767696600,132430,2026-01-06 10:50:00,2,264.0,187.0372,76.96279907226562,76.96279907226562
129964_1767696600,129964,2026-01-06 10:50:00,2,111.0,50.28624,60.71376037597656,60.71376037597656
133957_1767696600,133957,2026-01-06 10:50:00,2,185.0,147.32231,37.67768859863281,37.67768859863281
130238_1767696600,130238,2026-01-06 10:50:00,2,46.0,35.08007,10.919929504394531,10.919929504394531
129964_1767696900,129964,2026-01-06 10:55:00,2,140.0,135.06706,4.9329376220703125,4.9329376220703125
133957_1767696900,133957,2026-01-06 10:55:00,2,111.0,144.16951,-33.16950988769531,33.16950988769531
132430_1767696900,132430,2026-01-06 10:55:00,2,113.0,155.41995,-42.419952392578125,42.419952392578125
130238_1767696900,130238,2026-01-06 10:55:00,2,29.0,2.4112663,26.588733673095703,26.588733673095703
132430_1767697200,132430,2026-01-06 11:00:00,2,17.0,37.69001,-20.69001007080078,20.69001007080078
133300_1767697200,133300,2026-01-06 11:00:00,2,49.0,29.844166,19.155834197998047,19.155834197998047
133957_1767697200,133957,2026-01-06 11:00:00,2,64.0,13.185692,50.814308166503906,50.814308166503906
129964_1767697200,129964,2026-01-06 11:00:00,2,133.0,53.00894,79.99105834960938,79.99105834960938
129964_1767697500,129964,2026-01-06 11:05:00,2,75.0,-32.218975,107.21897506713867,107.21897506713867
133957_1767697500,133957,2026-01-06 11:05:00,2,3.0,-3.2522926,6.252292633056641,6.252292633056641
132430_1767697500,132430,2026-01-06 11:05:00,2,86.0,45.96774,40.03226089477539,40.03226089477539
133300_1767697500,133300,2026-01-06 11:05:00,2,77.0,-4.700012,81.70001220703125,81.70001220703125
133957_1767697800,133957,2026-01-06 11:10:00,2,18.0,16.275978,1.7240219116210938,1.7240219116210938
132430_1767697800,132430,2026-01-06 11:10:00,2,70.0,86.253784,-16.2537841796875,16.2537841796875
129964_1767697800,129964,2026-01-06 11:10:00,2,26.0,30.403996,-4.403995513916016,4.403995513916016
132430_1767698100,132430,2026-01-06 11:15:00,2,49.0,49.59527,-0.5952682495117188,0.5952682495117188
133957_1767698100,133957,2026-01-06 11:15:00,2,-47.0,-66.46573,19.465728759765625,19.465728759765625
129964_1767698100,129964,2026-01-06 11:15:00,2,10.0,-38.56918,48.56917953491211,48.56917953491211
129964_1767698400,129964,2026-01-06 11:20:00,2,14.0,8.259361,5.740638732910156,5.740638732910156
132430_1767698400,132430,2026-01-06 11:20:00,2,49.0,32.157837,16.8421630859375,16.8421630859375
131672_1767698400,131672,2026-01-06 11:20:00,2,60.0,81.2499,-21.249900817871094,21.249900817871094
133957_1767698400,133957,2026-01-06 11:20:00,2,-69.0,-18.745655,-50.25434494018555,50.25434494018555
131672_1767698700,131672,2026-01-06 11:25:00,2,82.0,95.459366,-13.459365844726562,13.459365844726562
129964_1767698700,129964,2026-01-06 11:25:00,2,0.0,-81.29384,81.29383850097656,81.29383850097656
133957_1767698700,133957,2026-01-06 11:25:00,2,-145.0,-150.02077,5.0207672119140625,5.0207672119140625
133957_1767699000,133957,2026-01-06 11:30:00,2,-96.0,-142.19266,46.192657470703125,46.192657470703125
129964_1767699000,129964,2026-01-06 11:30:00,2,80.0,4.029274,75.9707260131836,75.9707260131836
132430_1767699000,132430,2026-01-06 11:30:00,2,14.0,73.13124,-59.13124084472656,59.13124084472656
131672_1767699000,131672,2026-01-06 11:30:00,2,4.0,80.22555,-76.22554779052734,76.22554779052734
132430_1767699300,132430,2026-01-06 11:35:00,2,14.0,-38.885532,52.88553237915039,52.88553237915039
129964_1767699300,129964,2026-01-06 11:35:00,2,49.0,29.0726,19.927400588989258,19.927400588989258
133957_1767699300,133957,2026-01-06 11:35:00,2,-249.0,-83.69098,-165.30902099609375,165.30902099609375
131672_1767699300,131672,2026-01-06 11:35:00,2,40.0,47.929646,-7.929645538330078,7.929645538330078
131672_1767699600,131672,2026-01-06 11:40:00,2,-28.0,-16.746876,-11.253124237060547,11.253124237060547
133957_1767699600,133957,2026-01-06 11:40:00,2,-254.0,-142.2096,-111.7904052734375,111.7904052734375
132430_1767699600,132430,2026-01-06 11:40:00,2,-87.0,-67.4225,-19.577499389648438,19.577499389648438
129964_1767699900,129964,2026-01-06 11:45:00,2,-53.0,-49.061398,-3.9386024475097656,3.9386024475097656
132430_1767699900,132430,2026-01-06 11:45:00,2,-110.0,-69.965866,-40.03413391113281,40.03413391113281
131672_1767699900,131672,2026-01-06 11:45:00,2,-29.0,-24.385601,-4.614398956298828,4.614398956298828
133957_1767699900,133957,2026-01-06 11:45:00,2,-158.0,-96.87242,-61.12757873535156,61.12757873535156
131672_1767700200,131672,2026-01-06 11:50:00,2,-23.0,-39.32237,16.322368621826172,16.322368621826172
133957_1767700200,133957,2026-01-06 11:50:00,2,80.0,41.518944,38.481056213378906,38.481056213378906
132430_1767700200,132430,2026-01-06 11:50:00,2,-136.0,-172.87015,36.870147705078125,36.870147705078125
132430_1767700500,132430,2026-01-06 11:55:00,2,-6.0,-68.569824,62.56982421875,62.56982421875
133957_1767700500,133957,2026-01-06 11:55:00,2,42.0,48.84205,-6.842048645019531,6.842048645019531
131672_1767700500,131672,2026-01-06 11:55:00,2,-47.0,-30.262249,-16.737751007080078,16.737751007080078
122048_1767700800,122048,2026-01-06 12:00:00,2,374.0,433.6836,-59.68359375,59.68359375
131672_1767700800,131672,2026-01-06 12:00:00,2,-105.0,-109.430115,4.43011474609375,4.43011474609375
122048_1767701100,122048,2026-01-06 12:05:00,2,312.0,298.75684,13.2431640625,13.2431640625
122658_1767701100,122658,2026-01-06 12:05:00,2,121.0,127.80466,-6.804656982421875,6.804656982421875
131672_1767701100,131672,2026-01-06 12:05:00,2,-83.0,-118.62427,35.624267578125,35.624267578125
122048_1767701400,122048,2026-01-06 12:10:00,2,354.0,368.94397,-14.9439697265625,14.9439697265625
131672_1767701400,131672,2026-01-06 12:10:00,2,-207.0,-194.34528,-12.65472412109375,12.65472412109375
122658_1767701700,122658,2026-01-06 12:15:00,2,0.0,2.2397614,-2.2397613525390625,2.2397613525390625
122048_1767701700,122048,2026-01-06 12:15:00,2,273.0,331.1475,-58.147491455078125,58.147491455078125
122658_1767702000,122658,2026-01-06 12:20:00,2,0.0,11.4495125,-11.449512481689453,11.449512481689453
122048_1767702000,122048,2026-01-06 12:20:00,2,252.0,232.419,19.58099365234375,19.58099365234375
122658_1767702300,122658,2026-01-06 12:25:00,2,0.0,7.1976395,-7.197639465332031,7.197639465332031
122048_1767702300,122048,2026-01-06 12:25:00,2,158.0,191.04398,-33.043975830078125,33.043975830078125
133957_1767702600,133957,2026-01-06 12:30:00,2,172.0,-7.7868805,179.78688049316406,179.78688049316406
132430_1767702600,132430,2026-01-06 12:30:00,2,-64.0,-21.738903,-42.2610969543457,42.2610969543457
122658_1767702600,122658,2026-01-06 12:30:00,2,0.0,-15.498348,15.498348236083984,15.498348236083984
122048_1767702600,122048,2026-01-06 12:30:00,2,144.0,138.7756,5.224395751953125,5.224395751953125
122658_1767702900,122658,2026-01-06 12:35:00,2,0.0,-20.361813,20.361812591552734,20.361812591552734
122048_1767702900,122048,2026-01-06 12:35:00,2,138.0,168.68593,-30.685928344726562,30.685928344726562
133957_1767702900,133957,2026-01-06 12:35:00,2,97.0,58.24686,38.75313949584961,38.75313949584961
132430_1767702900,132430,2026-01-06 12:35:00,2,-181.0,-153.39279,-27.607208251953125,27.607208251953125
122658_1767703200,122658,2026-01-06 12:40:00,2,0.0,-21.825039,21.82503890991211,21.82503890991211
131672_1767703200,131672,2026-01-06 12:40:00,2,17.0,-1.6755791,18.675579071044922,18.675579071044922
132430_1767703200,132430,2026-01-06 12:40:00,2,-100.0,-184.00458,84.00457763671875,84.00457763671875
122048_1767703200,122048,2026-01-06 12:40:00,2,87.0,59.035145,27.964855194091797,27.964855194091797
133957_1767703200,133957,2026-01-06 12:40:00,2,101.0,102.591415,-1.5914154052734375,1.5914154052734375
135081_1767703200,135081,2026-01-06 12:40:00,2,-171.0,-166.07242,-4.927581787109375,4.927581787109375
133957_1767703500,133957,2026-01-06 12:45:00,2,161.0,43.14019,117.85980987548828,117.85980987548828
132430_1767703500,132430,2026-01-06 12:45:00,2,-75.0,-82.37178,7.3717803955078125,7.3717803955078125
122658_1767703500,122658,2026-01-06 12:45:00,2,0.0,-15.165234,15.165233612060547,15.165233612060547
131672_1767703500,131672,2026-01-06 12:45:00,2,76.0,74.04324,1.956756591796875,1.956756591796875
122048_1767703500,122048,2026-01-06 12:45:00,2,84.0,-3.2982178,87.2982177734375,87.2982177734375
135081_1767703500,135081,2026-01-06 12:45:00,2,-72.0,-66.30846,-5.6915435791015625,5.6915435791015625
132430_1767703800,132430,2026-01-06 12:50:00,2,-58.0,-92.38455,34.384552001953125,34.384552001953125
122658_1767703800,122658,2026-01-06 12:50:00,2,103.0,90.33335,12.666648864746094,12.666648864746094
135081_1767703800,135081,2026-01-06 12:50:00,2,-16.0,-128.09505,112.09504699707031,112.09504699707031
131672_1767703800,131672,2026-01-06 12:50:00,2,53.0,92.508896,-39.50889587402344,39.50889587402344
122048_1767703800,122048,2026-01-06 12:50:00,2,84.0,34.095478,49.90452194213867,49.90452194213867
131672_1767704100,131672,2026-01-06 12:55:00,2,192.0,134.2754,57.72459411621094,57.72459411621094
132430_1767704100,132430,2026-01-06 12:55:00,2,-74.0,-119.03984,45.03984069824219,45.03984069824219
135081_1767704100,135081,2026-01-06 12:55:00,2,-27.0,-17.811863,-9.18813705444336,9.18813705444336
122658_1767704100,122658,2026-01-06 12:55:00,2,252.0,77.85721,174.14279174804688,174.14279174804688
122048_1767704100,122048,2026-01-06 12:55:00,2,0.0,8.486019,-8.486019134521484,8.486019134521484
122048_1767704400,122048,2026-01-06 13:00:00,2,0.0,-29.3512,29.351200103759766,29.351200103759766
135081_1767704400,135081,2026-01-06 13:00:00,2,11.0,-16.96661,27.966609954833984,27.966609954833984
122658_1767704400,122658,2026-01-06 13:00:00,2,289.0,317.5116,-28.5115966796875,28.5115966796875
122048_1767704700,122048,2026-01-06 13:05:00,2,0.0,9.531895,-9.53189468383789,9.53189468383789
132430_1767704700,132430,2026-01-06 13:05:00,2,16.0,15.714775,0.28522491455078125,0.28522491455078125
134040_1767704700,134040,2026-01-06 13:05:00,2,-7.0,57.982025,-64.98202514648438,64.98202514648438
122658_1767704700,122658,2026-01-06 13:05:00,2,321.0,334.37537,-13.3753662109375,13.3753662109375
134040_1767705000,134040,2026-01-06 13:10:00,2,47.0,87.002,-40.00199890136719,40.00199890136719
122658_1767705000,122658,2026-01-06 13:10:00,2,406.0,391.94745,14.05255126953125,14.05255126953125
122048_1767705000,122048,2026-01-06 13:10:00,2,0.0,-4.8397293,4.839729309082031,4.839729309082031
132430_1767705000,132430,2026-01-06 13:10:00,2,16.0,16.885674,-0.8856735229492188,0.8856735229492188
132430_1767705300,132430,2026-01-06 13:15:00,2,17.0,-0.6040497,17.604049682617188,17.604049682617188
122048_1767705300,122048,2026-01-06 13:15:00,2,0.0,5.211426,-5.21142578125,5.21142578125
134040_1767705300,134040,2026-01-06 13:15:00,2,84.0,57.46914,26.530860900878906,26.530860900878906
132430_1767705600,132430,2026-01-06 13:20:00,2,77.0,81.364235,-4.364234924316406,4.364234924316406
122658_1767705600,122658,2026-01-06 13:20:00,2,0.0,27.38059,-27.380590438842773,27.380590438842773
134040_1767705600,134040,2026-01-06 13:20:00,2,113.0,70.337616,42.662384033203125,42.662384033203125
122613_1767705900,122613,2026-01-06 13:25:00,2,0.0,-18.420147,18.420146942138672,18.420146942138672
132430_1767705900,132430,2026-01-06 13:25:00,2,57.0,124.8822,-67.8822021484375,67.8822021484375
134040_1767705900,134040,2026-01-06 13:25:00,2,37.0,56.931805,-19.931804656982422,19.931804656982422
135081_1767705900,135081,2026-01-06 13:25:00,2,79.0,-28.294964,107.29496383666992,107.29496383666992
132430_1767706200,132430,2026-01-06 13:30:00,2,196.0,247.09076,-51.09075927734375,51.09075927734375
134040_1767706200,134040,2026-01-06 13:30:00,2,123.0,72.0686,50.931396484375,50.931396484375
134040_1767706500,134040,2026-01-06 13:35:00,2,172.0,27.435457,144.56454277038574,144.56454277038574
132430_1767706500,132430,2026-01-06 13:35:00,2,103.0,124.339005,-21.339004516601562,21.339004516601562
134040_1767706800,134040,2026-01-06 13:40:00,2,317.0,231.88399,85.11601257324219,85.11601257324219
132430_1767706800,132430,2026-01-06 13:40:00,2,53.0,58.597008,-5.597007751464844,5.597007751464844
134040_1767707100,134040,2026-01-06 13:45:00,2,231.0,156.31093,74.68907165527344,74.68907165527344
134040_1767707400,134040,2026-01-06 13:50:00,2,234.0,235.16742,-1.16741943359375,1.16741943359375
134040_1767707700,134040,2026-01-06 13:55:00,2,200.0,195.82248,4.177520751953125,4.177520751953125
122613_1767708000,122613,2026-01-06 14:00:00,2,0.0,6.618187,-6.618186950683594,6.618186950683594
135081_1767708000,135081,2026-01-06 14:00:00,2,19.0,-10.9004135,29.900413513183594,29.900413513183594
122613_1767708300,122613,2026-01-06 14:05:00,2,0.0,3.1792984,-3.1792984008789062,3.1792984008789062
135081_1767708300,135081,2026-01-06 14:05:00,2,-36.0,-49.711903,13.711902618408203,13.711902618408203
122613_1767708600,122613,2026-01-06 14:10:00,2,-77.0,-105.968094,28.968093872070312,28.968093872070312
135081_1767708600,135081,2026-01-06 14:10:00,2,-19.0,-50.75617,31.756168365478516,31.756168365478516
122613_1767708900,122613,2026-01-06 14:15:00,2,0.0,-29.20116,29.201160430908203,29.201160430908203
135081_1767708900,135081,2026-01-06 14:15:00,2,-17.0,-62.525234,45.52523422241211,45.52523422241211
122613_1767709200,122613,2026-01-06 14:20:00,2,0.0,-8.603424,8.603424072265625,8.603424072265625
135081_1767709200,135081,2026-01-06 14:20:00,2,-17.0,-6.1483383,-10.851661682128906,10.851661682128906
122613_1767709500,122613,2026-01-06 14:25:00,2,0.0,-22.921116,22.92111587524414,22.92111587524414
135081_1767709500,135081,2026-01-06 14:25:00,2,-102.0,-59.466267,-42.53373336791992,42.53373336791992
122613_1767709800,122613,2026-01-06 14:30:00,2,0.0,-11.503643,11.503643035888672,11.503643035888672
135081_1767709800,135081,2026-01-06 14:30:00,2,-84.0,-60.23406,-23.765941619873047,23.765941619873047
134040_1767709800,134040,2026-01-06 14:30:00,2,79.0,41.740395,37.259605407714844,37.259605407714844
122613_1767710100,122613,2026-01-06 14:35:00,2,0.0,-19.91679,19.916790008544922,19.916790008544922
135081_1767710100,135081,2026-01-06 14:35:00,2,-126.0,-113.96892,-12.031082153320312,12.031082153320312
134040_1767710100,134040,2026-01-06 14:35:00,2,4.0,-9.35004,13.350040435791016,13.350040435791016
122613_1767710400,122613,2026-01-06 14:40:00,2,0.0,-12.105606,12.105606079101562,12.105606079101562
134040_1767710400,134040,2026-01-06 14:40:00,2,68.0,99.28791,-31.28791046142578,31.28791046142578
135081_1767710400,135081,2026-01-06 14:40:00,2,-128.0,-115.61784,-12.382156372070312,12.382156372070312
135081_1767710700,135081,2026-01-06 14:45:00,2,-145.0,-173.67436,28.674362182617188,28.674362182617188
122613_1767710700,122613,2026-01-06 14:45:00,2,0.0,-0.8219719,0.8219718933105469,0.8219718933105469
134040_1767710700,134040,2026-01-06 14:45:00,2,87.0,141.28145,-54.28144836425781,54.28144836425781
134040_1767711000,134040,2026-01-06 14:50:00,2,187.0,135.56485,51.435150146484375,51.435150146484375
135081_1767711000,135081,2026-01-06 14:50:00,2,-175.0,-177.81615,2.8161468505859375,2.8161468505859375
134040_1767711300,134040,2026-01-06 14:55:00,2,267.0,241.40094,25.59906005859375,25.59906005859375
135081_1767711300,135081,2026-01-06 14:55:00,2,-168.0,-126.08093,-41.9190673828125,41.9190673828125
135081_1767711600,135081,2026-01-06 15:00:00,2,11.0,37.066868,-26.06686782836914,26.06686782836914
135081_1767711900,135081,2026-01-06 15:05:00,2,-12.0,22.525051,-34.52505111694336,34.52505111694336
130072_1767733800,130072,2026-01-06 21:10:00,2,168.0,107.24957,60.75042724609375,60.75042724609375
130072_1767734100,130072,2026-01-06 21:15:00,2,195.0,153.93642,41.06358337402344,41.06358337402344
130072_1767734400,130072,2026-01-06 21:20:00,2,163.0,85.25098,77.7490234375,77.7490234375
130072_1767734700,130072,2026-01-06 21:25:00,2,0.0,-20.704632,20.704631805419922,20.704631805419922
130072_1767735000,130072,2026-01-06 21:30:00,2,0.0,-20.257168,20.25716781616211,20.25716781616211
134494_1767739800,134494,2026-01-06 22:50:00,2,0.0,2.8819923,-2.8819923400878906,2.8819923400878906
134494_1767740100,134494,2026-01-06 22:55:00,2,0.0,1.6745377,-1.6745376586914062,1.6745376586914062
130238_1767697200,130238,2026-01-06 11:00:00,3,40.0,43.65433,-3.6543312072753906,3.6543312072753906
130238_1767697500,130238,2026-01-06 11:05:00,3,32.0,-34.742664,66.7426643371582,66.7426643371582
133300_1767697800,133300,2026-01-06 11:10:00,3,65.0,34.01033,30.989669799804688,30.989669799804688
133300_1767698100,133300,2026-01-06 11:15:00,3,151.0,45.888927,105.1110725402832,105.1110725402832
133300_1767698400,133300,2026-01-06 11:20:00,3,225.0,237.47559,-12.4755859375,12.4755859375
129964_1767700200,129964,2026-01-06 11:50:00,3,-73.0,-85.60312,12.603118896484375,12.603118896484375
129964_1767700500,129964,2026-01-06 11:55:00,3,90.0,-13.668816,103.66881561279297,103.66881561279297
133300_1767700800,133300,2026-01-06 12:00:00,3,260.0,231.46077,28.539230346679688,28.539230346679688
133300_1767701400,133300,2026-01-06 12:10:00,3,-7.0,19.714315,-26.71431541442871,26.71431541442871
133300_1767701700,133300,2026-01-06 12:15:00,3,-7.0,-25.462193,18.46219253540039,18.46219253540039
133300_1767702000,133300,2026-01-06 12:20:00,3,132.0,103.46897,28.531028747558594,28.531028747558594
133300_1767702300,133300,2026-01-06 12:25:00,3,114.0,64.0095,49.990501403808594,49.990501403808594
133300_1767702600,133300,2026-01-06 12:30:00,3,47.0,95.17934,-48.17933654785156,48.17933654785156
133300_1767702900,133300,2026-01-06 12:35:00,3,95.0,84.97603,10.023971557617188,10.023971557617188
133300_1767703200,133300,2026-01-06 12:40:00,3,322.0,229.21317,92.78683471679688,92.78683471679688
133957_1767703800,133957,2026-01-06 12:50:00,3,40.0,-1.1594696,41.15946960449219,41.15946960449219
133300_1767703800,133300,2026-01-06 12:50:00,3,-25.0,-18.724781,-6.275218963623047,6.275218963623047
133957_1767704100,133957,2026-01-06 12:55:00,3,139.0,93.39682,45.603179931640625,45.603179931640625
129964_1767704400,129964,2026-01-06 13:00:00,3,-106.0,-25.87621,-80.1237907409668,80.1237907409668
129964_1767704700,129964,2026-01-06 13:05:00,3,-150.0,-68.34198,-81.65802001953125,81.65802001953125
129964_1767705000,129964,2026-01-06 13:10:00,3,-165.0,5.517517,-170.51751708984375,170.51751708984375
129964_1767705300,129964,2026-01-06 13:15:00,3,-95.0,-28.380459,-66.61954116821289,66.61954116821289
133957_1767705600,133957,2026-01-06 13:20:00,3,113.0,112.10718,0.892822265625,0.892822265625
129964_1767705600,129964,2026-01-06 13:20:00,3,11.0,-40.001957,51.001956939697266,51.001956939697266
122048_1767705600,122048,2026-01-06 13:20:00,3,0.0,6.838978,-6.838977813720703,6.838977813720703
133957_1767705900,133957,2026-01-06 13:25:00,3,123.0,90.94548,32.05451965332031,32.05451965332031
129964_1767705900,129964,2026-01-06 13:25:00,3,-32.0,-111.01099,79.010986328125,79.010986328125
122658_1767705900,122658,2026-01-06 13:25:00,3,0.0,-14.251396,14.251396179199219,14.251396179199219
122048_1767705900,122048,2026-01-06 13:25:00,3,0.0,7.6655197,-7.665519714355469,7.665519714355469
122048_1767706200,122048,2026-01-06 13:30:00,3,0.0,9.393848,-9.393848419189453,9.393848419189453
131672_1767706200,131672,2026-01-06 13:30:00,3,37.0,46.725296,-9.725296020507812,9.725296020507812
129964_1767706200,129964,2026-01-06 13:30:00,3,-50.0,-108.41626,58.416259765625,58.416259765625
131672_1767706500,131672,2026-01-06 13:35:00,3,131.0,88.70685,42.29315185546875,42.29315185546875
122048_1767706500,122048,2026-01-06 13:35:00,3,0.0,6.826565,-6.826564788818359,6.826564788818359
129964_1767706500,129964,2026-01-06 13:35:00,3,-51.0,-70.40715,19.407150268554688,19.407150268554688
129964_1767706800,129964,2026-01-06 13:40:00,3,-34.0,8.00676,-42.00675964355469,42.00675964355469
122048_1767706800,122048,2026-01-06 13:40:00,3,0.0,-6.253952,6.2539520263671875,6.2539520263671875
129964_1767707100,129964,2026-01-06 13:45:00,3,25.0,-26.96696,51.96696090698242,51.96696090698242
122048_1767707100,122048,2026-01-06 13:45:00,3,0.0,-7.442196,7.442195892333984,7.442195892333984
132430_1767707100,132430,2026-01-06 13:45:00,3,78.0,152.40015,-74.400146484375,74.400146484375
122048_1767707400,122048,2026-01-06 13:50:00,3,0.0,-5.9680862,5.968086242675781,5.968086242675781
129964_1767707400,129964,2026-01-06 13:50:00,3,-62.0,-48.567562,-13.432437896728516,13.432437896728516
132430_1767707400,132430,2026-01-06 13:50:00,3,39.0,75.468376,-36.46837615966797,36.46837615966797
122048_1767707700,122048,2026-01-06 13:55:00,3,0.0,-16.32977,16.329769134521484,16.329769134521484
132430_1767707700,132430,2026-01-06 13:55:00,3,58.0,76.50205,-18.502052307128906,18.502052307128906
129964_1767707700,129964,2026-01-06 13:55:00,3,5.0,-24.443295,29.443294525146484,29.443294525146484
133957_1767708000,133957,2026-01-06 14:00:00,3,253.0,143.6998,109.30020141601562,109.30020141601562
132430_1767708000,132430,2026-01-06 14:00:00,3,192.0,214.68832,-22.688323974609375,22.688323974609375
129964_1767708000,129964,2026-01-06 14:00:00,3,-6.0,-65.04277,59.04277038574219,59.04277038574219
133957_1767708300,133957,2026-01-06 14:05:00,3,180.0,229.49182,-49.4918212890625,49.4918212890625
132430_1767708300,132430,2026-01-06 14:05:00,3,68.0,102.92231,-34.92230987548828,34.92230987548828
129964_1767708600,129964,2026-01-06 14:10:00,3,-114.0,-123.58916,9.589157104492188,9.589157104492188
131672_1767708600,131672,2026-01-06 14:10:00,3,60.0,57.032005,2.9679946899414062,2.9679946899414062
132430_1767708600,132430,2026-01-06 14:10:00,3,-7.0,22.156706,-29.156705856323242,29.156705856323242
133957_1767708600,133957,2026-01-06 14:10:00,3,238.0,217.99638,20.003616333007812,20.003616333007812
131672_1767708900,131672,2026-01-06 14:15:00,3,90.0,87.928925,2.071075439453125,2.071075439453125
132430_1767708900,132430,2026-01-06 14:15:00,3,115.0,158.88582,-43.88581848144531,43.88581848144531
129964_1767708900,129964,2026-01-06 14:15:00,3,-106.0,-120.15556,14.155563354492188,14.155563354492188
133957_1767708900,133957,2026-01-06 14:15:00,3,170.0,98.53646,71.46353912353516,71.46353912353516
132430_1767709200,132430,2026-01-06 14:20:00,3,98.0,120.42195,-22.421951293945312,22.421951293945312
133957_1767709200,133957,2026-01-06 14:20:00,3,81.0,97.344765,-16.344764709472656,16.344764709472656
131672_1767709200,131672,2026-01-06 14:20:00,3,91.0,152.97324,-61.973236083984375,61.973236083984375
129964_1767709200,129964,2026-01-06 14:20:00,3,-77.0,-90.12344,13.123443603515625,13.123443603515625
131672_1767709500,131672,2026-01-06 14:25:00,3,115.0,98.60128,16.398719787597656,16.398719787597656
132430_1767709500,132430,2026-01-06 14:25:00,3,158.0,164.20497,-6.2049713134765625,6.2049713134765625
129964_1767709500,129964,2026-01-06 14:25:00,3,-93.0,-98.759796,5.759796142578125,5.759796142578125
132430_1767709800,132430,2026-01-06 14:30:00,3,137.0,161.11018,-24.110183715820312,24.110183715820312
129964_1767709800,129964,2026-01-06 14:30:00,3,-69.0,-65.611404,-3.3885955810546875,3.3885955810546875
129964_1767710100,129964,2026-01-06 14:35:00,3,-42.0,-48.505405,6.505405426025391,6.505405426025391
132430_1767710400,132430,2026-01-06 14:40:00,3,23.0,-1.0550079,24.055007934570312,24.055007934570312
129964_1767710400,129964,2026-01-06 14:40:00,3,-145.0,-108.60719,-36.39280700683594,36.39280700683594
132430_1767710700,132430,2026-01-06 14:45:00,3,23.0,0.006664276,22.993335723876953,22.993335723876953
129964_1767710700,129964,2026-01-06 14:45:00,3,-127.0,-156.93246,29.932464599609375,29.932464599609375
129964_1767711000,129964,2026-01-06 14:50:00,3,-207.0,-119.93666,-87.06333923339844,87.06333923339844
132430_1767711000,132430,2026-01-06 14:50:00,3,47.0,52.2811,-5.281101226806641,5.281101226806641
122613_1767711000,122613,2026-01-06 14:50:00,3,0.0,9.975296,-9.975296020507812,9.975296020507812
129964_1767711300,129964,2026-01-06 14:55:00,3,-66.0,-7.386162,-58.61383819580078,58.61383819580078
122613_1767711300,122613,2026-01-06 14:55:00,3,0.0,-0.8747177,0.8747177124023438,0.8747177124023438
132430_1767711300,132430,2026-01-06 14:55:00,3,33.0,84.78177,-51.781768798828125,51.781768798828125
131672_1767711600,131672,2026-01-06 15:00:00,3,-47.0,1.7570877,-48.75708770751953,48.75708770751953
133957_1767711600,133957,2026-01-06 15:00:00,3,26.0,145.0081,-119.00810241699219,119.00810241699219
132430_1767711600,132430,2026-01-06 15:00:00,3,171.0,161.00919,9.990814208984375,9.990814208984375
134040_1767711600,134040,2026-01-06 15:00:00,3,199.0,149.9169,49.083099365234375,49.083099365234375
133957_1767711900,133957,2026-01-06 15:05:00,3,17.0,8.930389,8.069610595703125,8.069610595703125
134040_1767711900,134040,2026-01-06 15:05:00,3,181.0,187.1059,-6.10589599609375,6.10589599609375
131672_1767711900,131672,2026-01-06 15:05:00,3,-52.0,-80.26254,28.262542724609375,28.262542724609375
132430_1767711900,132430,2026-01-06 15:05:00,3,384.0,216.6385,167.3614959716797,167.3614959716797
132430_1767712200,132430,2026-01-06 15:10:00,3,291.0,251.98045,39.01954650878906,39.01954650878906
135081_1767712200,135081,2026-01-06 15:10:00,3,-28.0,25.08044,-53.080440521240234,53.080440521240234
133300_1767712200,133300,2026-01-06 15:10:00,3,-35.0,-43.763943,8.76394271850586,8.76394271850586
134040_1767712200,134040,2026-01-06 15:10:00,3,202.0,177.29034,24.70965576171875,24.70965576171875
133957_1767712200,133957,2026-01-06 15:10:00,3,28.0,2.0501785,25.94982147216797,25.94982147216797
133957_1767712500,133957,2026-01-06 15:15:00,3,-36.0,2.9758415,-38.9758415222168,38.9758415222168
135081_1767712500,135081,2026-01-06 15:15:00,3,59.0,54.82852,4.171478271484375,4.171478271484375
133300_1767712500,133300,2026-01-06 15:15:00,3,-35.0,-30.818516,-4.181484222412109,4.181484222412109
132430_1767712500,132430,2026-01-06 15:15:00,3,226.0,231.32338,-5.3233795166015625,5.3233795166015625
134040_1767712500,134040,2026-01-06 15:15:00,3,199.0,214.84406,-15.84405517578125,15.84405517578125
130238_1767712500,130238,2026-01-06 15:15:00,3,10.0,2.6042747,7.395725250244141,7.395725250244141
134040_1767712800,134040,2026-01-06 15:20:00,3,183.0,276.72318,-93.72317504882812,93.72317504882812
130238_1767712800,130238,2026-01-06 15:20:00,3,-40.0,-3.0766106,-36.92338943481445,36.92338943481445
132430_1767712800,132430,2026-01-06 15:20:00,3,258.0,313.7472,-55.7471923828125,55.7471923828125
133300_1767712800,133300,2026-01-06 15:20:00,3,36.0,-7.9440536,43.944053649902344,43.944053649902344
133957_1767712800,133957,2026-01-06 15:20:00,3,-93.0,-117.91269,24.912689208984375,24.912689208984375
134040_1767713100,134040,2026-01-06 15:25:00,3,91.0,92.33805,-1.3380508422851562,1.3380508422851562
130238_1767713100,130238,2026-01-06 15:25:00,3,-124.0,-14.747417,-109.25258255004883,109.25258255004883
132430_1767713100,132430,2026-01-06 15:25:00,3,199.0,244.43959,-45.43959045410156,45.43959045410156
133957_1767713100,133957,2026-01-06 15:25:00,3,74.0,-62.001255,136.0012550354004,136.0012550354004
122658_1767713100,122658,2026-01-06 15:25:00,3,27.0,20.30892,6.691080093383789,6.691080093383789
122613_1767713400,122613,2026-01-06 15:30:00,3,0.0,11.306248,-11.30624771118164,11.30624771118164
122658_1767713400,122658,2026-01-06 15:30:00,3,86.0,59.74269,26.257308959960938,26.257308959960938
131672_1767713400,131672,2026-01-06 15:30:00,3,12.0,7.415104,4.584896087646484,4.584896087646484
130238_1767713400,130238,2026-01-06 15:30:00,3,-99.0,-36.36716,-62.63283920288086,62.63283920288086
133957_1767713400,133957,2026-01-06 15:30:00,3,75.0,-12.857689,87.8576889038086,87.8576889038086
122048_1767713400,122048,2026-01-06 15:30:00,3,0.0,6.29245,-6.292449951171875,6.292449951171875
122613_1767713700,122613,2026-01-06 15:35:00,3,0.0,10.62291,-10.622909545898438,10.622909545898438
131672_1767713700,131672,2026-01-06 15:35:00,3,86.0,14.108128,71.89187240600586,71.89187240600586
133957_1767713700,133957,2026-01-06 15:35:00,3,-11.0,-28.011623,17.01162338256836,17.01162338256836
122658_1767713700,122658,2026-01-06 15:35:00,3,159.0,87.682465,71.31753540039062,71.31753540039062
122048_1767713700,122048,2026-01-06 15:35:00,3,0.0,-21.591473,21.591472625732422,21.591472625732422
130238_1767713700,130238,2026-01-06 15:35:00,3,-47.0,-12.382771,-34.61722946166992,34.61722946166992
122613_1767714000,122613,2026-01-06 15:40:00,3,0.0,3.59861,-3.5986099243164062,3.5986099243164062
131672_1767714000,131672,2026-01-06 15:40:00,3,67.0,50.37552,16.624481201171875,16.624481201171875
122048_1767714000,122048,2026-01-06 15:40:00,3,0.0,-9.188084,9.18808364868164,9.18808364868164
130238_1767714000,130238,2026-01-06 15:40:00,3,-41.0,-49.09033,8.090328216552734,8.090328216552734
122658_1767714000,122658,2026-01-06 15:40:00,3,225.0,199.26549,25.734512329101562,25.734512329101562
122613_1767714300,122613,2026-01-06 15:45:00,3,0.0,4.5110855,-4.511085510253906,4.511085510253906
130238_1767714300,130238,2026-01-06 15:45:00,3,-45.0,-61.345264,16.345264434814453,16.345264434814453
122048_1767714300,122048,2026-01-06 15:45:00,3,0.0,14.71566,-14.715660095214844,14.715660095214844
131672_1767714300,131672,2026-01-06 15:45:00,3,70.0,15.031883,54.968116760253906,54.968116760253906
122658_1767714300,122658,2026-01-06 15:45:00,3,348.0,303.23062,44.769378662109375,44.769378662109375
122048_1767714600,122048,2026-01-06 15:50:00,3,0.0,-16.818958,16.818958282470703,16.818958282470703
122613_1767714600,122613,2026-01-06 15:50:00,3,0.0,2.219162,-2.2191619873046875,2.2191619873046875
130238_1767714600,130238,2026-01-06 15:50:00,3,-30.0,-82.980545,52.98054504394531,52.98054504394531
122658_1767714600,122658,2026-01-06 15:50:00,3,362.0,326.05615,35.94384765625,35.94384765625
131672_1767714600,131672,2026-01-06 15:50:00,3,13.0,64.26459,-51.26458740234375,51.26458740234375
122613_1767714900,122613,2026-01-06 15:55:00,3,0.0,4.7682114,-4.768211364746094,4.768211364746094
130238_1767714900,130238,2026-01-06 15:55:00,3,-78.0,-80.125534,2.1255340576171875,2.1255340576171875
122658_1767714900,122658,2026-01-06 15:55:00,3,2.0,15.0315895,-13.03158950805664,13.03158950805664
122048_1767714900,122048,2026-01-06 15:55:00,3,0.0,-6.6162033,6.616203308105469,6.616203308105469
131672_1767714900,131672,2026-01-06 15:55:00,3,-150.0,-147.62056,-2.3794403076171875,2.3794403076171875
122048_1767715200,122048,2026-01-06 16:00:00,3,0.0,-2.5581703,2.5581703186035156,2.5581703186035156
122658_1767715200,122658,2026-01-06 16:00:00,3,0.0,-6.000965,6.000965118408203,6.000965118408203
132430_1767715200,132430,2026-01-06 16:00:00,3,485.0,493.13718,-8.137176513671875,8.137176513671875
122613_1767715200,122613,2026-01-06 16:00:00,3,0.0,2.1733246,-2.1733245849609375,2.1733245849609375
130238_1767715200,130238,2026-01-06 16:00:00,3,-97.0,-176.42816,79.42816162109375,79.42816162109375
122658_1767715500,122658,2026-01-06 16:05:00,3,0.0,1.9767685,-1.9767684936523438,1.9767684936523438
132430_1767715500,132430,2026-01-06 16:05:00,3,483.0,452.03235,30.9676513671875,30.9676513671875
122048_1767715500,122048,2026-01-06 16:05:00,3,0.0,12.734882,-12.734882354736328,12.734882354736328
122613_1767715500,122613,2026-01-06 16:05:00,3,0.0,-8.922062,8.922061920166016,8.922061920166016
122048_1767715800,122048,2026-01-06 16:10:00,3,0.0,7.764572,-7.7645721435546875,7.7645721435546875
122658_1767715800,122658,2026-01-06 16:10:00,3,0.0,-39.266323,39.26632308959961,39.26632308959961
122048_1767716100,122048,2026-01-06 16:15:00,3,0.0,13.001701,-13.001701354980469,13.001701354980469
122658_1767716100,122658,2026-01-06 16:15:00,3,0.0,0.8388138,-0.8388137817382812,0.8388137817382812
122048_1767716400,122048,2026-01-06 16:20:00,3,0.0,27.922638,-27.922637939453125,27.922637939453125
133957_1767716400,133957,2026-01-06 16:20:00,3,115.0,93.31738,21.6826171875,21.6826171875
130238_1767716400,130238,2026-01-06 16:20:00,3,98.0,121.178406,-23.17840576171875,23.17840576171875
122658_1767716400,122658,2026-01-06 16:20:00,3,0.0,13.70351,-13.703510284423828,13.703510284423828
133957_1767716700,133957,2026-01-06 16:25:00,3,104.0,75.65596,28.344039916992188,28.344039916992188
130238_1767716700,130238,2026-01-06 16:25:00,3,9.0,-7.9349327,16.934932708740234,16.934932708740234
122048_1767716700,122048,2026-01-06 16:25:00,3,0.0,6.533821,-6.533821105957031,6.533821105957031
122658_1767716700,122658,2026-01-06 16:25:00,3,0.0,0.8814659,-0.8814659118652344,0.8814659118652344
130238_1767717000,130238,2026-01-06 16:30:00,3,-55.0,-31.73827,-23.261730194091797,23.261730194091797
135081_1767717000,135081,2026-01-06 16:30:00,3,92.0,40.465836,51.53416442871094,51.53416442871094
135081_1767717300,135081,2026-01-06 16:35:00,3,-22.0,-50.38207,28.382068634033203,28.382068634033203
135081_1767717600,135081,2026-01-06 16:40:00,3,-133.0,-58.75292,-74.2470817565918,74.2470817565918
135081_1767717900,135081,2026-01-06 16:45:00,3,-127.0,-113.271774,-13.728225708007812,13.728225708007812
135081_1767718200,135081,2026-01-06 16:50:00,3,-51.0,-110.183075,59.183074951171875,59.183074951171875
135081_1767718500,135081,2026-01-06 16:55:00,3,-77.0,-81.33473,4.3347320556640625,4.3347320556640625
133957_1767718800,133957,2026-01-06 17:00:00,3,-35.0,-3.7108002,-31.289199829101562,31.289199829101562
135081_1767718800,135081,2026-01-06 17:00:00,3,-153.0,-94.03912,-58.96087646484375,58.96087646484375
135081_1767719100,135081,2026-01-06 17:05:00,3,-144.0,22.131794,-166.13179397583008,166.13179397583008
133957_1767719100,133957,2026-01-06 17:05:00,3,-113.0,-115.8866,2.8865966796875,2.8865966796875
135081_1767719400,135081,2026-01-06 17:10:00,3,-123.0,-35.084736,-87.91526412963867,87.91526412963867
133957_1767719400,133957,2026-01-06 17:10:00,3,-174.0,-38.232983,-135.76701736450195,135.76701736450195
135081_1767719700,135081,2026-01-06 17:15:00,3,-137.0,-32.81203,-104.18796920776367,104.18796920776367
133957_1767719700,133957,2026-01-06 17:15:00,3,-173.0,-224.93333,51.93333435058594,51.93333435058594
122048_1767720000,122048,2026-01-06 17:20:00,3,-336.0,-312.278,-23.72198486328125,23.72198486328125
133957_1767720000,133957,2026-01-06 17:20:00,3,-218.0,-220.54735,2.5473480224609375,2.5473480224609375
135081_1767720000,135081,2026-01-06 17:20:00,3,-199.0,-67.0974,-131.90260314941406,131.90260314941406
135081_1767720300,135081,2026-01-06 17:25:00,3,-231.0,-69.164246,-161.83575439453125,161.83575439453125
122048_1767720300,122048,2026-01-06 17:25:00,3,-130.0,-34.394398,-95.6056022644043,95.6056022644043
122048_1767720600,122048,2026-01-06 17:30:00,3,-32.0,0.3325348,-32.33253479003906,32.33253479003906
135081_1767720600,135081,2026-01-06 17:30:00,3,-180.0,-94.26642,-85.73358154296875,85.73358154296875
122048_1767720900,122048,2026-01-06 17:35:00,3,-32.0,-17.359219,-14.64078140258789,14.64078140258789
135081_1767720900,135081,2026-01-06 17:35:00,3,-34.0,-19.027683,-14.97231674194336,14.97231674194336
133957_1767720900,133957,2026-01-06 17:35:00,3,67.0,61.0095,5.990501403808594,5.990501403808594
133957_1767721200,133957,2026-01-06 17:40:00,3,28.0,49.893024,-21.893024444580078,21.893024444580078
122048_1767721200,122048,2026-01-06 17:40:00,3,-108.0,-4.9506264,-103.04937362670898,103.04937362670898
135081_1767721200,135081,2026-01-06 17:40:00,3,4.0,-38.588238,42.58823776245117,42.58823776245117
135081_1767721500,135081,2026-01-06 17:45:00,3,12.0,17.077213,-5.077213287353516,5.077213287353516
122048_1767721500,122048,2026-01-06 17:45:00,3,-141.0,-115.98724,-25.01275634765625,25.01275634765625
133957_1767721500,133957,2026-01-06 17:45:00,3,83.0,64.86493,18.13507080078125,18.13507080078125
122048_1767721800,122048,2026-01-06 17:50:00,3,-174.0,-167.81944,-6.1805572509765625,6.1805572509765625
133957_1767721800,133957,2026-01-06 17:50:00,3,-28.0,14.252247,-42.25224685668945,42.25224685668945
135081_1767721800,135081,2026-01-06 17:50:00,3,48.0,47.76894,0.23106002807617188,0.23106002807617188
122048_1767722100,122048,2026-01-06 17:55:00,3,-157.0,-165.75377,8.753768920898438,8.753768920898438
132430_1767722400,132430,2026-01-06 18:00:00,3,380.0,381.1504,-1.150390625,1.150390625
134040_1767722400,134040,2026-01-06 18:00:00,3,107.0,102.63713,4.3628692626953125,4.3628692626953125
122048_1767722400,122048,2026-01-06 18:00:00,3,-146.0,-128.70534,-17.294662475585938,17.294662475585938
134040_1767722700,134040,2026-01-06 18:05:00,3,295.0,133.37637,161.62362670898438,161.62362670898438
132430_1767722700,132430,2026-01-06 18:05:00,3,324.0,396.82416,-72.82415771484375,72.82415771484375
134040_1767723000,134040,2026-01-06 18:10:00,3,407.0,280.9994,126.0006103515625,126.0006103515625
132430_1767723000,132430,2026-01-06 18:10:00,3,452.0,411.4014,40.598602294921875,40.598602294921875
132430_1767723300,132430,2026-01-06 18:15:00,3,333.0,285.39398,47.60601806640625,47.60601806640625
134040_1767723300,134040,2026-01-06 18:15:00,3,342.0,152.9037,189.09629821777344,189.09629821777344
134040_1767723600,134040,2026-01-06 18:20:00,3,401.0,409.9019,-8.901885986328125,8.901885986328125
132430_1767723600,132430,2026-01-06 18:20:00,3,310.0,313.0441,-3.044097900390625,3.044097900390625
132430_1767723900,132430,2026-01-06 18:25:00,3,285.0,365.17728,-80.17727661132812,80.17727661132812
134040_1767723900,134040,2026-01-06 18:25:00,3,487.0,459.59155,27.408447265625,27.408447265625
132430_1767724200,132430,2026-01-06 18:30:00,3,309.0,282.64502,26.35498046875,26.35498046875
134040_1767724200,134040,2026-01-06 18:30:00,3,465.0,381.62134,83.378662109375,83.378662109375
131672_1767724200,131672,2026-01-06 18:30:00,3,368.0,408.16193,-40.16192626953125,40.16192626953125
134040_1767724500,134040,2026-01-06 18:35:00,3,409.0,353.49048,55.509521484375,55.509521484375
132430_1767724500,132430,2026-01-06 18:35:00,3,299.0,264.11154,34.888458251953125,34.888458251953125
132430_1767724800,132430,2026-01-06 18:40:00,3,45.0,73.13266,-28.132659912109375,28.132659912109375
135081_1767726000,135081,2026-01-06 19:00:00,3,311.0,343.76318,-32.76318359375,32.76318359375
134040_1767735000,134040,2026-01-06 21:30:00,3,434.0,440.7647,-6.76470947265625,6.76470947265625
130072_1767735300,130072,2026-01-06 21:35:00,3,0.0,25.47788,-25.477880477905273,25.477880477905273
134040_1767735300,134040,2026-01-06 21:35:00,3,434.0,431.45288,2.547119140625,2.547119140625
130072_1767735600,130072,2026-01-06 21:40:00,3,0.0,-0.8472557,0.8472557067871094,0.8472557067871094
134040_1767735900,134040,2026-01-06 21:45:00,3,0.0,19.334892,-19.33489227294922,19.33489227294922
130072_1767735900,130072,2026-01-06 21:45:00,3,0.0,-3.9884682,3.9884681701660156,3.9884681701660156
130072_1767736200,130072,2026-01-06 21:50:00,3,0.0,7.7132683,-7.713268280029297,7.713268280029297
130072_1767736500,130072,2026-01-06 21:55:00,3,0.0,9.19875,-9.198749542236328,9.198749542236328
134494_1767742200,134494,2026-01-06 23:30:00,3,0.0,-6.4051247,6.405124664306641,6.405124664306641
134494_1767742500,134494,2026-01-06 23:35:00,3,0.0,-5.4906654,5.490665435791016,5.490665435791016
133300_1767713100,133300,2026-01-06 15:25:00,4,-9.0,-4.9964867,-4.003513336181641,4.003513336181641
129964_1767713400,129964,2026-01-06 15:30:00,4,-129.0,-80.47676,-48.52323913574219,48.52323913574219
129964_1767713700,129964,2026-01-06 15:35:00,4,-33.0,9.841904,-42.84190368652344,42.84190368652344
129964_1767714000,129964,2026-01-06 15:40:00,4,25.0,-16.50822,41.50822067260742,41.50822067260742
129964_1767714300,129964,2026-01-06 15:45:00,4,8.0,21.79598,-13.795980453491211,13.795980453491211
129964_1767714600,129964,2026-01-06 15:50:00,4,-49.0,-26.620113,-22.379886627197266,22.379886627197266
129964_1767714900,129964,2026-01-06 15:55:00,4,-82.0,-84.662674,2.6626739501953125,2.6626739501953125
133300_1767715200,133300,2026-01-06 16:00:00,4,22.0,-26.360477,48.360477447509766,48.360477447509766
129964_1767715200,129964,2026-01-06 16:00:00,4,-134.0,-98.35727,-35.642730712890625,35.642730712890625
129964_1767715500,129964,2026-01-06 16:05:00,4,-115.0,-64.92824,-50.07176208496094,50.07176208496094
133300_1767715500,133300,2026-01-06 16:05:00,4,-24.0,-61.78671,37.78670883178711,37.78670883178711
122613_1767715800,122613,2026-01-06 16:10:00,4,-18.0,-28.823704,10.82370376586914,10.82370376586914
133300_1767715800,133300,2026-01-06 16:10:00,4,-87.0,-47.308575,-39.69142532348633,39.69142532348633
129964_1767715800,129964,2026-01-06 16:10:00,4,-2.0,-39.941456,37.94145584106445,37.94145584106445
133300_1767716100,133300,2026-01-06 16:15:00,4,-38.0,-33.60371,-4.396289825439453,4.396289825439453
122613_1767716100,122613,2026-01-06 16:15:00,4,11.0,-15.85696,26.85696029663086,26.85696029663086
129964_1767716100,129964,2026-01-06 16:15:00,4,-46.0,-99.26535,53.265350341796875,53.265350341796875
133300_1767716400,133300,2026-01-06 16:20:00,4,207.0,124.71178,82.28822326660156,82.28822326660156
129964_1767716400,129964,2026-01-06 16:20:00,4,-13.0,-8.464542,-4.535457611083984,4.535457611083984
122613_1767716400,122613,2026-01-06 16:20:00,4,-88.0,-84.52911,-3.47088623046875,3.47088623046875
122613_1767716700,122613,2026-01-06 16:25:00,4,-27.0,-79.54039,52.54039001464844,52.54039001464844
129964_1767716700,129964,2026-01-06 16:25:00,4,303.0,-8.395893,311.3958930969238,311.3958930969238
122658_1767717000,122658,2026-01-06 16:30:00,4,0.0,-4.7262115,4.7262115478515625,4.7262115478515625
122613_1767717000,122613,2026-01-06 16:30:00,4,-62.0,-88.96147,26.961471557617188,26.961471557617188
129964_1767717300,129964,2026-01-06 16:35:00,4,-111.0,-52.027554,-58.97244644165039,58.97244644165039
130238_1767717300,130238,2026-01-06 16:35:00,4,-41.0,4.983673,-45.983673095703125,45.983673095703125
122613_1767717300,122613,2026-01-06 16:35:00,4,-54.0,-62.090527,8.090526580810547,8.090526580810547
122613_1767717600,122613,2026-01-06 16:40:00,4,-11.0,-55.39369,44.3936882019043,44.3936882019043
130238_1767717600,130238,2026-01-06 16:40:00,4,-57.0,-21.222103,-35.777896881103516,35.777896881103516
129964_1767717600,129964,2026-01-06 16:40:00,4,-126.0,-95.197205,-30.80279541015625,30.80279541015625
122658_1767717600,122658,2026-01-06 16:40:00,4,-46.0,78.22771,-124.22770690917969,124.22770690917969
122613_1767717900,122613,2026-01-06 16:45:00,4,55.0,-34.192165,89.19216537475586,89.19216537475586
122658_1767717900,122658,2026-01-06 16:45:00,4,38.0,56.68322,-18.68321990966797,18.68321990966797
129964_1767717900,129964,2026-01-06 16:45:00,4,38.0,-56.76086,94.76086044311523,94.76086044311523
130238_1767717900,130238,2026-01-06 16:45:00,4,-92.0,15.405762,-107.40576171875,107.40576171875
129964_1767718200,129964,2026-01-06 16:50:00,4,57.0,11.203373,45.796627044677734,45.796627044677734
130238_1767718200,130238,2026-01-06 16:50:00,4,-38.0,19.50328,-57.50328063964844,57.50328063964844
122613_1767718200,122613,2026-01-06 16:50:00,4,72.0,53.38633,18.613670349121094,18.613670349121094
122658_1767718200,122658,2026-01-06 16:50:00,4,39.0,78.76684,-39.76683807373047,39.76683807373047
122658_1767718500,122658,2026-01-06 16:55:00,4,63.0,53.037178,9.962821960449219,9.962821960449219
122613_1767718500,122613,2026-01-06 16:55:00,4,72.0,83.366974,-11.366973876953125,11.366973876953125
129964_1767718500,129964,2026-01-06 16:55:00,4,71.0,57.306904,13.693096160888672,13.693096160888672
130238_1767718500,130238,2026-01-06 16:55:00,4,-3.0,-21.325535,18.32553482055664,18.32553482055664
130238_1767718800,130238,2026-01-06 17:00:00,4,-85.0,-25.556835,-59.44316482543945,59.44316482543945
122658_1767718800,122658,2026-01-06 17:00:00,4,107.0,73.61702,33.38298034667969,33.38298034667969
129964_1767718800,129964,2026-01-06 17:00:00,4,39.0,54.432484,-15.432483673095703,15.432483673095703
133300_1767718800,133300,2026-01-06 17:00:00,4,231.0,203.35838,27.641616821289062,27.641616821289062
129964_1767719100,129964,2026-01-06 17:05:00,4,-44.0,-78.815735,34.81573486328125,34.81573486328125
130238_1767719100,130238,2026-01-06 17:05:00,4,99.0,52.992954,46.00704574584961,46.00704574584961
122658_1767719100,122658,2026-01-06 17:05:00,4,88.0,114.77196,-26.771957397460938,26.771957397460938
122658_1767719400,122658,2026-01-06 17:10:00,4,0.0,5.6316566,-5.631656646728516,5.631656646728516
130238_1767719400,130238,2026-01-06 17:10:00,4,160.0,162.51808,-2.5180816650390625,2.5180816650390625
133300_1767719400,133300,2026-01-06 17:10:00,4,-24.0,-18.023663,-5.976337432861328,5.976337432861328
129964_1767719400,129964,2026-01-06 17:10:00,4,-130.0,-70.098694,-59.90130615234375,59.90130615234375
122658_1767719700,122658,2026-01-06 17:15:00,4,0.0,3.0751038,-3.075103759765625,3.075103759765625
130238_1767719700,130238,2026-01-06 17:15:00,4,134.0,125.15852,8.841476440429688,8.841476440429688
129964_1767719700,129964,2026-01-06 17:15:00,4,-135.0,-52.950977,-82.04902267456055,82.04902267456055
133300_1767719700,133300,2026-01-06 17:15:00,4,22.0,5.4059486,16.594051361083984,16.594051361083984
133300_1767720000,133300,2026-01-06 17:20:00,4,-46.0,8.615128,-54.61512756347656,54.61512756347656
130238_1767720000,130238,2026-01-06 17:20:00,4,35.0,5.8309517,29.169048309326172,29.169048309326172
122658_1767720000,122658,2026-01-06 17:20:00,4,0.0,-13.541847,13.541847229003906,13.541847229003906
129964_1767720000,129964,2026-01-06 17:20:00,4,-14.0,-46.879368,32.87936782836914,32.87936782836914
133300_1767720300,133300,2026-01-06 17:25:00,4,-26.0,35.695545,-61.6955451965332,61.6955451965332
129964_1767720300,129964,2026-01-06 17:25:00,4,-105.0,-111.379776,6.3797760009765625,6.3797760009765625
130238_1767720300,130238,2026-01-06 17:25:00,4,41.0,63.790554,-22.79055404663086,22.79055404663086
122658_1767720300,122658,2026-01-06 17:25:00,4,0.0,-0.9313469,0.9313468933105469,0.9313468933105469
129964_1767720600,129964,2026-01-06 17:30:00,4,-10.0,-35.060856,25.060855865478516,25.060855865478516
122658_1767720600,122658,2026-01-06 17:30:00,4,0.0,4.190773,-4.190773010253906,4.190773010253906
130238_1767720600,130238,2026-01-06 17:30:00,4,-64.0,-70.99025,6.9902496337890625,6.9902496337890625
130238_1767720900,130238,2026-01-06 17:35:00,4,-125.0,-77.663864,-47.33613586425781,47.33613586425781
122658_1767720900,122658,2026-01-06 17:35:00,4,0.0,13.149601,-13.149600982666016,13.149600982666016
129964_1767720900,129964,2026-01-06 17:35:00,4,49.0,12.10894,36.89105987548828,36.89105987548828
130238_1767721200,130238,2026-01-06 17:40:00,4,-103.0,-38.706028,-64.29397201538086,64.29397201538086
122658_1767721200,122658,2026-01-06 17:40:00,4,0.0,17.317278,-17.317277908325195,17.317277908325195
130238_1767721500,130238,2026-01-06 17:45:00,4,-170.0,-164.47356,-5.5264434814453125,5.5264434814453125
133957_1767722100,133957,2026-01-06 17:55:00,4,-73.0,-22.379986,-50.62001419067383,50.62001419067383
133300_1767722400,133300,2026-01-06 18:00:00,4,310.0,207.1291,102.87089538574219,102.87089538574219
133300_1767722700,133300,2026-01-06 18:05:00,4,406.0,483.71774,-77.71774291992188,77.71774291992188
122048_1767722700,122048,2026-01-06 18:05:00,4,-104.0,-80.38089,-23.619110107421875,23.619110107421875
133300_1767723000,133300,2026-01-06 18:10:00,4,580.0,546.9856,33.014404296875,33.014404296875
122048_1767723000,122048,2026-01-06 18:10:00,4,-70.0,-28.87965,-41.1203498840332,41.1203498840332
122048_1767723300,122048,2026-01-06 18:15:00,4,48.0,44.34501,3.6549911499023438,3.6549911499023438
122048_1767723600,122048,2026-01-06 18:20:00,4,66.0,80.89378,-14.893783569335938,14.893783569335938
133300_1767723600,133300,2026-01-06 18:20:00,4,-5.0,13.758678,-18.758678436279297,18.758678436279297
122048_1767723900,122048,2026-01-06 18:25:00,4,50.0,33.898384,16.10161590576172,16.10161590576172
122048_1767724200,122048,2026-01-06 18:30:00,4,35.0,3.5627556,31.437244415283203,31.437244415283203
131672_1767724500,131672,2026-01-06 18:35:00,4,365.0,414.6172,-49.6171875,49.6171875
122048_1767724500,122048,2026-01-06 18:35:00,4,133.0,102.410446,30.589553833007812,30.589553833007812
122048_1767724800,122048,2026-01-06 18:40:00,4,250.0,215.28261,34.71739196777344,34.71739196777344
132430_1767725100,132430,2026-01-06 18:45:00,4,45.0,55.586334,-10.586334228515625,10.586334228515625
122048_1767725100,122048,2026-01-06 18:45:00,4,274.0,297.55643,-23.556427001953125,23.556427001953125
132430_1767725400,132430,2026-01-06 18:50:00,4,-1.0,11.583492,-12.583492279052734,12.583492279052734
122048_1767725400,122048,2026-01-06 18:50:00,4,356.0,382.44742,-26.447418212890625,26.447418212890625
122048_1767725700,122048,2026-01-06 18:55:00,4,417.0,377.7642,39.235809326171875,39.235809326171875
132430_1767725700,132430,2026-01-06 18:55:00,4,27.0,33.337704,-6.337703704833984,6.337703704833984
122048_1767726000,122048,2026-01-06 19:00:00,4,481.0,477.7889,3.211090087890625,3.211090087890625
122048_1767726300,122048,2026-01-06 19:05:00,4,523.0,549.45026,-26.45025634765625,26.45025634765625
135081_1767726300,135081,2026-01-06 19:05:00,4,146.0,142.05078,3.94921875,3.94921875
135081_1767726600,135081,2026-01-06 19:10:00,4,53.0,39.139015,13.860984802246094,13.860984802246094
131672_1767726900,131672,2026-01-06 19:15:00,4,-3.0,-6.660568,3.6605682373046875,3.6605682373046875
135081_1767726900,135081,2026-01-06 19:15:00,4,-68.0,-18.216366,-49.783634185791016,49.783634185791016
131672_1767727200,131672,2026-01-06 19:20:00,4,-9.0,5.4043427,-14.404342651367188,14.404342651367188
122048_1767727200,122048,2026-01-06 19:20:00,4,-54.0,8.798359,-62.79835891723633,62.79835891723633
135081_1767727200,135081,2026-01-06 19:20:00,4,-32.0,-4.3495674,-27.650432586669922,27.650432586669922
135081_1767727500,135081,2026-01-06 19:25:00,4,-15.0,-11.052208,-3.9477920532226562,3.9477920532226562
131672_1767727500,131672,2026-01-06 19:25:00,4,163.0,110.4696,52.53040313720703,52.53040313720703
131672_1767727800,131672,2026-01-06 19:30:00,4,302.0,303.5614,-1.5614013671875,1.5614013671875
131672_1767728100,131672,2026-01-06 19:35:00,4,382.0,344.10965,37.890350341796875,37.890350341796875
131672_1767728400,131672,2026-01-06 19:40:00,4,359.0,349.3443,9.65570068359375,9.65570068359375
122048_1767728700,122048,2026-01-06 19:45:00,4,-348.0,-326.17975,-21.82025146484375,21.82025146484375
131672_1767728700,131672,2026-01-06 19:45:00,4,492.0,467.13495,24.86505126953125,24.86505126953125
133957_1767729000,133957,2026-01-06 19:50:00,4,39.0,99.32363,-60.323631286621094,60.323631286621094
122048_1767729000,122048,2026-01-06 19:50:00,4,-142.0,-218.34294,76.34294128417969,76.34294128417969
131672_1767729000,131672,2026-01-06 19:50:00,4,533.0,538.7425,-5.74249267578125,5.74249267578125
122048_1767729300,122048,2026-01-06 19:55:00,4,36.0,-76.8956,112.89559936523438,112.89559936523438
131672_1767729300,131672,2026-01-06 19:55:00,4,478.0,530.2454,-52.24542236328125,52.24542236328125
133957_1767729300,133957,2026-01-06 19:55:00,4,171.0,168.12218,2.8778228759765625,2.8778228759765625
131672_1767729600,131672,2026-01-06 20:00:00,4,557.0,539.5589,17.44110107421875,17.44110107421875
133957_1767729600,133957,2026-01-06 20:00:00,4,141.0,219.49982,-78.49981689453125,78.49981689453125
122048_1767729600,122048,2026-01-06 20:00:00,4,41.0,20.611982,20.388017654418945,20.388017654418945
132430_1767729600,132430,2026-01-06 20:00:00,4,21.0,61.131462,-40.13146209716797,40.13146209716797
122048_1767729900,122048,2026-01-06 20:05:00,4,93.0,160.80072,-67.80072021484375,67.80072021484375
133957_1767729900,133957,2026-01-06 20:05:00,4,126.0,182.27449,-56.27449035644531,56.27449035644531
132430_1767729900,132430,2026-01-06 20:05:00,4,177.0,152.12,24.8800048828125,24.8800048828125
122048_1767730200,122048,2026-01-06 20:10:00,4,99.0,95.88452,3.115478515625,3.115478515625
133957_1767730200,133957,2026-01-06 20:10:00,4,83.0,107.95949,-24.959487915039062,24.959487915039062
132430_1767730200,132430,2026-01-06 20:10:00,4,173.0,194.54941,-21.549407958984375,21.549407958984375
133957_1767730500,133957,2026-01-06 20:15:00,4,53.0,6.137062,46.862937927246094,46.862937927246094
122048_1767730500,122048,2026-01-06 20:15:00,4,-3.0,29.177559,-32.17755889892578,32.17755889892578
132430_1767730500,132430,2026-01-06 20:15:00,4,146.0,168.91237,-22.912368774414062,22.912368774414062
122048_1767730800,122048,2026-01-06 20:20:00,4,25.0,78.53659,-53.536590576171875,53.536590576171875
133957_1767730800,133957,2026-01-06 20:20:00,4,38.0,-19.054302,57.05430221557617,57.05430221557617
132430_1767730800,132430,2026-01-06 20:20:00,4,234.0,193.17284,40.82716369628906,40.82716369628906
133957_1767731100,133957,2026-01-06 20:25:00,4,59.0,72.33771,-13.33770751953125,13.33770751953125
122048_1767731100,122048,2026-01-06 20:25:00,4,4.0,36.821907,-32.82190704345703,32.82190704345703
132430_1767731100,132430,2026-01-06 20:25:00,4,277.0,286.72888,-9.7288818359375,9.7288818359375
132430_1767731400,132430,2026-01-06 20:30:00,4,192.0,179.5754,12.424606323242188,12.424606323242188
133957_1767731400,133957,2026-01-06 20:30:00,4,46.0,30.371403,15.628597259521484,15.628597259521484
133957_1767731700,133957,2026-01-06 20:35:00,4,116.0,120.84082,-4.8408203125,4.8408203125
132430_1767731700,132430,2026-01-06 20:35:00,4,201.0,188.06383,12.936172485351562,12.936172485351562
131672_1767732000,131672,2026-01-06 20:40:00,4,32.0,13.102177,18.897823333740234,18.897823333740234
132430_1767732000,132430,2026-01-06 20:40:00,4,167.0,154.84547,12.154525756835938,12.154525756835938
133957_1767732000,133957,2026-01-06 20:40:00,4,129.0,107.168304,21.831695556640625,21.831695556640625
132430_1767732300,132430,2026-01-06 20:45:00,4,337.0,307.99036,29.0096435546875,29.0096435546875
131672_1767732300,131672,2026-01-06 20:45:00,4,16.0,-0.52698517,16.52698516845703,16.52698516845703
132430_1767732600,132430,2026-01-06 20:50:00,4,338.0,313.54376,24.45623779296875,24.45623779296875
133957_1767732600,133957,2026-01-06 20:50:00,4,39.0,21.221851,17.778148651123047,17.778148651123047
131672_1767732600,131672,2026-01-06 20:50:00,4,34.0,26.07106,7.9289398193359375,7.9289398193359375
135081_1767732600,135081,2026-01-06 20:50:00,4,79.0,66.43959,12.560409545898438,12.560409545898438
131672_1767732900,131672,2026-01-06 20:55:00,4,41.0,46.054005,-5.054004669189453,5.054004669189453
133957_1767732900,133957,2026-01-06 20:55:00,4,-49.0,41.933098,-90.93309783935547,90.93309783935547
132430_1767732900,132430,2026-01-06 20:55:00,4,238.0,281.6625,-43.662506103515625,43.662506103515625
135081_1767732900,135081,2026-01-06 20:55:00,4,136.0,79.279274,56.720726013183594,56.720726013183594
135081_1767733200,135081,2026-01-06 21:00:00,4,40.0,69.50676,-29.506759643554688,29.506759643554688
133957_1767733200,133957,2026-01-06 21:00:00,4,59.0,66.68306,-7.6830596923828125,7.6830596923828125
122048_1767733200,122048,2026-01-06 21:00:00,4,0.0,29.372587,-29.372587203979492,29.372587203979492
132430_1767733200,132430,2026-01-06 21:00:00,4,153.0,186.38242,-33.382415771484375,33.382415771484375
122048_1767733500,122048,2026-01-06 21:05:00,4,0.0,26.971764,-26.971763610839844,26.971763610839844
132430_1767733500,132430,2026-01-06 21:05:00,4,168.0,155.92578,12.07421875,12.07421875
133957_1767733500,133957,2026-01-06 21:05:00,4,28.0,42.291332,-14.291332244873047,14.291332244873047
135081_1767733500,135081,2026-01-06 21:05:00,4,44.0,60.901955,-16.901954650878906,16.901954650878906
135081_1767733800,135081,2026-01-06 21:10:00,4,51.0,191.28023,-140.2802276611328,140.2802276611328
133957_1767733800,133957,2026-01-06 21:10:00,4,15.0,39.028576,-24.028575897216797,24.028575897216797
122048_1767733800,122048,2026-01-06 21:10:00,4,0.0,8.993626,-8.99362564086914,8.99362564086914
132430_1767733800,132430,2026-01-06 21:10:00,4,179.0,233.95879,-54.95878601074219,54.95878601074219
135081_1767734100,135081,2026-01-06 21:15:00,4,-16.0,29.611332,-45.611331939697266,45.611331939697266
133957_1767734100,133957,2026-01-06 21:15:00,4,45.0,-27.98627,72.98627090454102,72.98627090454102
122048_1767734100,122048,2026-01-06 21:15:00,4,0.0,-3.5594978,3.559497833251953,3.559497833251953
132430_1767734100,132430,2026-01-06 21:15:00,4,96.0,136.35176,-40.35176086425781,40.35176086425781
133957_1767734400,133957,2026-01-06 21:20:00,4,7.0,0.6727638,6.327236175537109,6.327236175537109
135081_1767734400,135081,2026-01-06 21:20:00,4,-59.0,-55.614132,-3.3858680725097656,3.3858680725097656
122048_1767734400,122048,2026-01-06 21:20:00,4,0.0,10.211353,-10.211353302001953,10.211353302001953
135081_1767734700,135081,2026-01-06 21:25:00,4,-170.0,-98.2475,-71.75250244140625,71.75250244140625
122048_1767734700,122048,2026-01-06 21:25:00,4,0.0,-0.27654266,0.27654266357421875,0.27654266357421875
133957_1767734700,133957,2026-01-06 21:25:00,4,65.0,41.18621,23.81378936767578,23.81378936767578
133957_1767735000,133957,2026-01-06 21:30:00,4,21.0,41.097195,-20.09719467163086,20.09719467163086
133957_1767735300,133957,2026-01-06 21:35:00,4,50.0,43.596153,6.403846740722656,6.403846740722656
133957_1767735600,133957,2026-01-06 21:40:00,4,77.0,101.530045,-24.530044555664062,24.530044555664062
134040_1767736200,134040,2026-01-06 21:50:00,4,0.0,20.339153,-20.339153289794922,20.339153289794922
134040_1767736500,134040,2026-01-06 21:55:00,4,0.0,11.745365,-11.745365142822266,11.745365142822266
134040_1767736800,134040,2026-01-06 22:00:00,4,0.0,-12.987854,12.98785400390625,12.98785400390625
135081_1767736800,135081,2026-01-06 22:00:00,4,-98.0,-11.794586,-86.20541381835938,86.20541381835938
133957_1767736800,133957,2026-01-06 22:00:00,4,32.0,14.739113,17.260887145996094,17.260887145996094
133957_1767737100,133957,2026-01-06 22:05:00,4,-8.0,6.2707253,-14.27072525024414,14.27072525024414
135081_1767737100,135081,2026-01-06 22:05:00,4,37.0,37.44255,-0.4425506591796875,0.4425506591796875
134040_1767737100,134040,2026-01-06 22:05:00,4,0.0,-5.8169975,5.816997528076172,5.816997528076172
133957_1767737400,133957,2026-01-06 22:10:00,4,27.0,28.919275,-1.9192752838134766,1.9192752838134766
135081_1767737400,135081,2026-01-06 22:10:00,4,13.0,6.034397,6.965602874755859,6.965602874755859
134040_1767737400,134040,2026-01-06 22:10:00,4,0.0,-6.1922035,6.192203521728516,6.192203521728516
133957_1767737700,133957,2026-01-06 22:15:00,4,-22.0,45.788857,-67.78885650634766,67.78885650634766
135081_1767737700,135081,2026-01-06 22:15:00,4,172.0,95.87262,76.12738037109375,76.12738037109375
134040_1767737700,134040,2026-01-06 22:15:00,4,0.0,3.5884209,-3.588420867919922,3.588420867919922
134040_1767738000,134040,2026-01-06 22:20:00,4,0.0,-6.5676613,6.567661285400391,6.567661285400391
132430_1767738000,132430,2026-01-06 22:20:00,4,90.0,96.46269,-6.4626922607421875,6.4626922607421875
135081_1767738000,135081,2026-01-06 22:20:00,4,87.0,91.96018,-4.960182189941406,4.960182189941406
133957_1767738000,133957,2026-01-06 22:20:00,4,-77.0,-75.8772,-1.122802734375,1.122802734375
135081_1767738300,135081,2026-01-06 22:25:00,4,73.0,26.470373,46.52962684631348,46.52962684631348
134040_1767738300,134040,2026-01-06 22:25:00,4,0.0,-0.87545013,0.8754501342773438,0.8754501342773438
132430_1767738300,132430,2026-01-06 22:25:00,4,108.0,105.666954,2.3330459594726562,2.3330459594726562
134040_1767738600,134040,2026-01-06 22:30:00,4,0.0,-4.41222,4.412220001220703,4.412220001220703
134040_1767738900,134040,2026-01-06 22:35:00,4,0.0,-8.667706,8.667705535888672,8.667705535888672
134040_1767739200,134040,2026-01-06 22:40:00,4,0.0,-12.782871,12.78287124633789,12.78287124633789
134040_1767739500,134040,2026-01-06 22:45:00,4,0.0,-18.945103,18.94510269165039,18.94510269165039
134040_1767739800,134040,2026-01-06 22:50:00,4,0.0,-19.798367,19.79836654663086,19.79836654663086
134040_1767740100,134040,2026-01-06 22:55:00,4,0.0,-14.289787,14.289787292480469,14.289787292480469
134040_1767740400,134040,2026-01-06 23:00:00,4,0.0,-36.851833,36.85183334350586,36.85183334350586
132430_1767740400,132430,2026-01-06 23:00:00,4,151.0,84.520386,66.4796142578125,66.4796142578125
130072_1767740700,130072,2026-01-06 23:05:00,4,0.0,29.043001,-29.043001174926758,29.043001174926758
132430_1767740700,132430,2026-01-06 23:05:00,4,124.0,96.7272,27.272796630859375,27.272796630859375
134040_1767740700,134040,2026-01-06 23:05:00,4,0.0,18.27232,-18.272319793701172,18.272319793701172
132430_1767741000,132430,2026-01-06 23:10:00,4,60.0,86.32199,-26.321990966796875,26.321990966796875
130072_1767741000,130072,2026-01-06 23:10:00,4,0.0,18.752535,-18.752534866333008,18.752534866333008
130072_1767741300,130072,2026-01-06 23:15:00,4,0.0,5.9953537,-5.995353698730469,5.995353698730469
132430_1767741300,132430,2026-01-06 23:15:00,4,85.0,45.718655,39.28134536743164,39.28134536743164
132430_1767741600,132430,2026-01-06 23:20:00,4,189.0,188.4744,0.525604248046875,0.525604248046875
130072_1767741600,130072,2026-01-06 23:20:00,4,0.0,21.224249,-21.2242488861084,21.2242488861084
132430_1767741900,132430,2026-01-06 23:25:00,4,160.0,121.27411,38.72589111328125,38.72589111328125
130072_1767741900,130072,2026-01-06 23:25:00,4,0.0,24.48545,-24.485450744628906,24.485450744628906
132430_1767742200,132430,2026-01-06 23:30:00,4,74.0,77.06875,-3.0687484741210938,3.0687484741210938
134494_1767742800,134494,2026-01-06 23:40:00,4,0.0,-3.2363548,3.2363548278808594,3.2363548278808594
134494_1767743100,134494,2026-01-06 23:45:00,4,0.0,-5.0492477,5.049247741699219,5.049247741699219
132430_1767743400,132430,2026-01-06 23:50:00,4,91.0,72.36215,18.637847900390625,18.637847900390625
132430_1767743700,132430,2026-01-06 23:55:00,4,154.0,133.59138,20.408615112304688,20.408615112304688
